u,v,AA
242,364,0.0
1750,1309,0.0
1894,657,0.0
1958,1666,0.0
1367,17,0.1534090909090909
872,842,0.0
233,1649,0.0
486,39,0.0
486,888,0.0
1769,172,0.0
1897,233,0.0
1370,1486,0.0
1680,666,0.0
377,225,0.0
1461,72,0.0
377,689,0.0
26,1710,0.0
1921,1862,0.0
270,342,0.0
150,1373,0.0
1638,100,0.0
1384,137,0.09090909090909091
131,1192,0.0
92,1063,0.0
2099426,1975282,0.0
1694,1533,0.0
525,1750,0.0
1542,1461,0.0
257,905,0.0
234,115,0.0
199,1851,0.0
1666,1618,0.08781362007168458
1747,1248,0.0
1968,2010,0.0
832,1597,0.0
905,1853,0.038461538461538464
1340,369,0.0
340,203,0.0
1194,1920,0.0
350,1993,0.1111111111111111
33,1192,0.0
109,534,0.0
534,796,0.0
1100,204,0.0
1486,1720,0.0
1517,1165587,0.0
568,1665,0.0
14446,689,0.0
1992,1367,0.0
2019,29,0.0
1462,406,0.0
1030,1848,0.0
810,1569,0.0
714,311,0.0
1204,203,0.0
1178,1293,0.0
149,1940,0.0
794,1337,0.0
1373,699,0.0
1179,645,0.0
298,1449,0.0
1782,1975282,0.0
1061,2031,0.0
1338,234,0.0
581,2089740,0.0
95,568,0.0
1693,14446,0.0
741,1441,0.0
810,1414,0.0
1179,484,0.0
1960,46,0.0
1970,9,0.0
29,1409,0.0
751,1043,0.0
25,1449,0.05555555555555555
31505,40,0.0
380,100,0.0
1165587,1951,0.0
1894,1659,0.1111111111111111
1644,1737,0.0
1970,1497,0.0
889,357,0.0
893,296,0.0
1813,685,0.0
751,854,0.0
1886,1615,0.0
544,838,0.0
396,1204,0.0
212,1223,0.0
1538,1982,0.0
886,1675,0.0
285,1063,0.0
1703,534,0.0
689,914,0.0
1311,565,0.0
96,338,0.0
1323,1695,0.0
572,2007,0.0
1168,22,0.0
1193,1695,0.0
122,912,0.0
755,229,0.0
568,751,0.0
219,588,0.0
1733,689,0.0
692,936,0.0
854,748,0.0
1554,1720,0.0
534,33,0.0
1799,1199387,0.0
1536,1709,0.0
219,1147,0.0
318,1612,0.0
255,714,0.0
479,1585,0.0
194,55,0.0
1511,1769,0.0
1854,556,0.0
377,51,0.0
48281,1,0.0
1436,391,0.0
1680,733,0.0
2031,572,0.0
1870,525,0.0
940,1477,0.0
1658,590,0.0
274,459,0.0
1117,527,0.0
430,1944,0.0
1248,1048,0.0
1992,1389,0.0
317,1781,0.0
1611,1518,0.0
1618,1793,0.0
611,1950,0.0
748,1541,0.0
1816,1310,0.0
212,689,0.0
1633,340,0.0
1185,1560,0.0
1461,1953,0.0
534,1958,0.0
1441,525,0.0
1624,1782,0.0
30,1870,0.0
648,1801,0.0
1344,1624,0.0
2018,39,0.0
1373,1043,0.05263157894736842
1529,437,0.0
916,178,0.0
1517,39,0.0
2056,1030,0.0
960,517,0.0
544,912,0.0
1694,1854,0.0
1958,1194,0.0
184,1541,0.0
1392,292,0.0
1421,1585,0.0
770,142,0.0
1190,1618,0.0
205,1030,0.0
1199,685,0.0
338,1912,0.0
1517,419,0.0
993,619,0.0
1365,22,0.0
1025,832,0.0
1866,1508,0.0
92,588,0.0
373,1797,0.0
1848,137,0.0
544,1851,0.0
26,1853,0.0
1996,1110,0.0
51,9,0.0
1968,842,0.0
1063,157,0.0
1726,1116,0.0
423,1109,0.0
1013,1940,0.0625
429,61,0.0
224,1813,0.0
1130097,1912,0.0
1414,1970,0.0
311,1094,0.0
1851,1178,0.0
872,340,0.0
1178,1950,0.0
796,1533,0.0
1483,889,0.0
1797,1592,0.0
1470,872,0.07142857142857142
186,1533,0.0
446497,877,0.0
689,2019,0.0
1194,1697,0.0
1409,31505,0.0
1538,83,0.0
832,274,0.0
233,12081,0.0
357,1580,0.0
1891,1013,0.0
1130097,1976,0.0
1940,1944,0.0
1891,1227,0.0
338,1046,0.0
1508,29,0.0
1340,785,0.0
349,92,0.0
482,626,0.0
565,1490,0.0
40,259,0.0
1744,1194,0.0
230,1946,0.0
17,1323,0.125
716,1970,0.0
1818,391,0.25
1463,1545,0.0
430,1649,0.022222222222222223
1862,1739,0.05555555555555555
744,1970,0.0
225,770,0.0
30,1480,0.0
1449,1862,0.0
785,1174,0.0
1849,1585,0.0
83,446,0.0
1124,1616,0.0
1769,1904,0.0
1675,958,0.0
1976,1611,0.0
1848,1992,0.0
429,342,0.07692307692307693
1975,547,0.0
1920,1147,0.0
255,92,0.0
1654,541,0.0
1752,1340,0.0
1122,1467,0.0
519,1848,0.0
1438,157,0.0
580,1781,0.0
178,338,0.0
349,1065,0.0
296,1940,0.0
1954,1407,0.0
277,988,0.0
1025,396,0.0
740,51,0.16783216783216784
1254,2010,0.0
1337,658,0.0
1630,2019,0.0
685,791,0.0
296,1109,0.0
1441,383,0.0
204,1782,0.0
4,636,0.0
486,257,0.022222222222222223
225,40,0.0
164,1384652,0.0
868,1025,0.0
446,1730,0.0
1929,512,0.0
233,58,0.0
318,229,0.0
1569,1344,0.0
109,1363,0.0
993,1061,0.0
689,1782,0.03225806451612903
1000,888,0.0
137,26,0.16666666666666666
2007,4,0.0
162,1597,0.0
645,1511,0.0
966,419,0.0
1904,257,0.1
459,2007,0.0
960,1219,0.0
1084,432,0.0
267,394,0.0
2041,1545,0.0
1616,1953,0.0
1624,116,0.0
1914,966,0.0
1799,1026,0.0
813,1667,0.0
1968,1340,0.0
1193,1545,0.0
3180,1248,0.0
889,733,0.0
718,483,0.0
748,536,0.16666666666666666
1314,740,0.0
1494,590,0.0
1654,952,0.0
626,1737,0.0
1597,1627,0.0
1208,1881,0.0
1982,430,0.0
48281,1904,0.0
149,302,0.0
1944,1762,0.0
1920,1793,0.0
33,1592,0.0
1416,1046,0.0
1233,1862,0.0
803,224,0.0
338,1314,0.0
1416,733,0.0
123,825,0.0
267,1935,0.0
1212,893,0.0
1478,1116,0.0
1776,672,0.0
307,2089740,0.0
1739,2,0.0
2019,482,0.0
1695,1494,0.0
834,1461,0.0
714,1545,0.0
832,1658,0.0
1891,1490,0.0
1821,456,0.0
1164871,1725,0.0
1818,1680,0.0
188,1462,0.0
3582,1453,0.0
727,406,0.0
1851,1738,0.0
25,1006,0.0
46,2047,0.0
1063,794,0.0
1752,212,0.0
489,1569,0.0
33,1392,0.0
1462,2031,0.0
58,993,0.0
456,1323,0.0
41,123,0.045454545454545456
648,1208,0.0625
2007,131,0.0
1491,219,0.0
1638,1227,0.0
863,1368,0.0
1490,178,0.0
317,1790,0.0
838,194,0.0
738,1363,0.0
960,298,0.0
1644,905,0.06666666666666667
1438,1384,0.0
1220,1790,0.0
1178,423,0.045454545454545456
770,276,0.0
396,1490,0.0
430,571,0.0
1592,2024,0.0
437,1737,0.0
1109,72,0.0
619,1337,0.0
891,493,0.0
350,26,0.0
1954,484,0.0
1323,1433,0.0
1228,1649,0.022222222222222223
1471,311,0.0
572,1944,0.0
1960,1199,0.0
1877,1541,0.0
1063,1013,0.0
645,271,0.0
1409,1542,0.03225806451612903
544,1050,0.0
1752,1025,0.0
993,736,0.0
578,741,0.0
1875,1970,0.0
137,666,0.0
645,33,0.0
2018,116,0.37424242424242427
1799,568,0.0
493,567,0.0
748,1110,0.1
26,1124,0.0
838,40,0.0
1585,1,0.1
1042,1228,0.0625
952,392,0.0
1130097,1680,0.045454545454545456
404,1920,0.0
48281,653,0.0
517,1954,0.0
489,1793,0.0
1340,832,0.0
1659,1069,0.058823529411764705
1199,1477,0.0
832,1389,0.0
811,1266,0.0
1227,1730,0.0
29,83,0.0
116,1627,0.0
611,1078,0.0
1130097,2011,0.0
893,805,0.05
2010,1365,0.0
318,1994,0.0
626,1726,0.0
745,653,0.0
60,1000,0.0
137,522,0.1
889,212,0.0
1573,1164871,0.0
1078,1658,0.0
987,1602,0.0
1122,637,0.0
123,1414,0.06926406926406926
2099426,916,0.0
658,637,0.0
708,1797,0.0
432,1703,0.0
1799,186,0.0
380,230,0.0
1341,1615,0.0
784,229,0.0
1553,1897,0.0
230,2016,0.0
149,527,0.0
1168,888,0.0
1944,92,0.0
186,64,0.0
1813,1929,0.0
2007,803,0.0
1866,1953,0.0
1630,1050,0.0
364,1710,0.0
322,58,0.06666666666666667
1497,33,0.0
1384652,2011,0.0
1897,1368,0.0
714,1,0.0
1471,1940,0.0
1677,91,0.0
1412,292,0.0
2010,48281,0.0
916,58,0.0
1688440,184,0.0
741,175,0.0
905,916,0.0
2018,1490,0.0
1030,580,0.0
1841,1116,0.0
615,1432,0.0
432,1384652,0.17777777777777776
194,1951,0.1111111111111111
1810,1223,0.0
1982,999,0.0
1786,483,0.0
396,364,0.0
1690,1477,0.0
1954,1870,0.0
91,1677,0.0
966,1192,0.0
1,1958,0.0
164,1154,0.0
437,1069,0.0
9,1950,0.0
14446,1654,0.0
1006,914,0.0
1346,219,0.0
1293,1266,0.0
430,1670,0.0
482,2018,0.03225806451612903
1658,483,0.0
35,952,0.0
527,1238,0.0
1725,722,0.0
1835,1929,0.0
2010,91,0.0
109,1659,0.0
1752,1812,0.0
446497,1517,0.0
1875,1726,0.0
1739,175,0.0
755,9,0.0
1880,296,0.0
1835,993,0.0
527,1494,0.0
312,578,0.0
186,912,0.0
2006,727,0.0
459,672,0.0
318,1323,0.0
741,302,0.0
1975282,868,0.0
383,33,0.0
1392,198,0.0
115,1810,0.0
1344,275,0.0
1875,1464,0.0
2,1950,0.0
1801,916,0.0
1483,1638,0.0
35,373,0.0
212,1841,0.0
672,404,0.39285714285714285
1569,580,0.0
1494,619,0.0
1192,572,0.0
1046,1366,0.0
481,590,0.0
1666,1142,0.0
1612,993,0.0
311,1069,0.0
1769,716,0.0
1854,394,0.0
1110,1737192,0.0
1254,1554,0.0
429,2056,0.09090909090909091
1841,361,0.06666666666666667
1925,200,0.0
41,1013,0.0
886,311,0.0
1793,41,0.0
1865,1677,0.0625
1848,1996,0.0
1463,1412,0.0
1486,536,0.0
22,423,0.0
1793,1976,0.0
611,2018,0.0
1192,1384,0.0
527,1192,0.0
1467,891,0.0
922,432,0.0
2089740,178,0.0
1611,1891,0.0
1799,2016,0.0
785,311,0.0
179,1929,0.0
369,518,0.0
1247,1744,0.0
1546,1762,0.0
1992,751,0.0
1403,1807,0.0
1954,920,0.0
785,854,0.0
1776,51,0.0
1797,1694,0.06666666666666667
1807,1026,0.0
825,392,0.0
1238,1192,0.0
1464,541,0.0
202,178,0.0
1389,993,0.0
1554,920,0.0
1633,270,0.0
1821,1117,0.0
396,1870,0.0
1793,1951,0.0
1494,1363,0.0
1737,312,0.0
748,1368,0.16666666666666666
1384,741,0.0
1477,1638,0.0
1421,611,0.0
1982,224,0.0
13,1618,0.0
1464,1389,0.0
1407,954,0.0
1204,1602,0.0
1812,536,0.0
1942,905,0.1
1914,1849,0.0
204,805,0.0
543,1541,0.0
2018,834,0.0
163,242,0.0
1950,1738,0.0
26,1925,0.0
29,1536,0.0
1982,1744,0.0
27687,1862,0.0
60,270,0.0
423,1929,0.0
1433,763,0.0
1448,1341,0.05555555555555555
1466,1667,0.0
1438,162,0.0
1297,1821,0.0
1338,423,0.0
172,1810,0.0
572,1247,0.0
738,1946,0.0
1486,292,0.0
109,1314,0.0
204,86,0.0
341,1658,0.0
1944,233,0.0
653,157,0.0
834,75,0.0
204,479,0.0
1084,1461,0.0
727,785,0.0
1975282,1322,0.0
727,137,0.0
1975282,46,0.0
1220,744,0.0
178,1865,0.0
1950,1797,0.0
1644,219,0.0
1389,825,0.0
1630,1782,0.05448028673835126
1627,1111,0.0
1010,234,0.0
1606,2057,0.0
163,1421,0.0
9,1667,0.0
1596,1199387,0.0
1747,1486,0.0
588,1975,0.0
580,1338,0.0
1462,86,0.0
636,1467,0.0
9,837,0.0
1078,1569,0.125
580,672,0.0
322,259,0.0
1414,350,0.0
1812,1580,0.047619047619047616
1703,1463,0.11764705882352941
527,381,0.0
699,205,0.0
1365,41,0.0
1233,698,0.0
2024,1616,0.0
1950,1450,0.0
517,1782,0.0
940,1738,0.0
304,1227,0.0
1953,1471,0.0
26,1841,0.0
91,1511,0.0
1043,1164871,0.0
1223,1821,0.0
1297,1835,0.0
565,1880,0.0
1545,489,0.09090909090909091
803,708,0.0
1858,1854,0.0
1409,1311,0.043478260869565216
1976,736,0.0
1491,4,0.0
372,1953,0.0
2029,136,0.0
1797,1546,0.0
245,1478,0.0
1233,736,0.0
1147,1976,0.0
1518,1037,0.0
3582,398,0.0
383,763,0.03333333333333333
1247,657,0.0
796,296,0.0
1818,680,0.0
1790,1935,0.0
276,1416,0.0
291,722,0.0
697,30,0.0
1709,406,0.0
1725,745,0.0
1569,136,0.0
49,61,0.0
1193,1677,0.0
1094,580,0.0
1351,481,0.0
1894,748,0.1111111111111111
122,738,0.0
1491,1752,0.0
1006,40,0.0
1865,1908,0.0
1337,1110,0.0
1061,1615,0.0
162,203,0.0
738,479,0.0
1309,1483,0.0
958,1368,0.0
517,437,0.0
1851,1541,0.0
868,1006,0.0
1853,999,0.0
578,1886,0.0
680,722,0.0
9,92,0.0
736,1486,0.0
1549,571,0.0
271,26,0.0
1223,1670,0.0
832,1238,0.0
1310,698,0.0
224,999,0.0
1615,40,0.0
1100,1738,0.0
484,2018,0.0
1790,1466,0.0
1968,1142,0.0
581,1061,0.0
95,1556,0.0
479,877,0.023809523809523808
2007,966,0.0
392,1063,0.038461538461538464
573,1638,0.0
157,1219,0.0
1373,2029,0.0
990,224,0.0
803,698,0.0
792,1665,0.0
1,391,0.0
1147,276,0.0
940,1111,0.0
1061,1951,0.0
863,1776,0.0
230,109,0.14285714285714285
1477,483,0.0
1069,429,0.0
1658,825,0.0
990,361,0.023809523809523808
340,791,0.0
1521,456,0.0
369,1208,0.0
322,2029,0.0
748,13,0.0
1199,1228,0.0
708,590,0.0
751,1065,0.0
123,302,0.0
116,200,0.0
533,1881,0.0
394,392,0.0
1407,429,0.0
1549,1441,0.0
1877,162,0.0
1680,117,0.045454545454545456
699,164,0.0
267,1392,0.0
131,398,0.0
83,952,0.0
2031,1078,0.0
1323,572,0.0
238,1486,0.0
1560,1812,0.0
1266,1813,0.0
1658,1649,0.0
430,619,0.0
1848,578,0.0
1914,122,0.0
486,404,0.0
157,1697,0.0
142,1816,0.0
2099426,658,0.0
175,1854,0.0
1975,55,0.0
1193,40,0.0
318,2051,0.0
39,543,0.0
571,1690,0.0
1450,1659,0.0
810,755,0.0
1314,637,0.0
429,590,0.0
1853,48281,0.0
1912,1793,0.0
304,1596,0.0
1014,311,0.0
838,1546,0.0
958,1940,0.0
96,912,0.0
636,1109,0.0
61,194,0.0
1710,1894,0.0
1996,1592,0.0
175,834,0.0
811,481,0.0
1470,86,0.0
4,1449,0.0
428190,1486,0.0
1534,1122,0.0
40,1014,0.0
233,276,0.0
1367,271,0.0
13,536,0.0
1812,954,0.0
383,1592,0.0
1111,636,0.0
716,785,0.0
1677,25,0.0
1790,123,0.0
1344,940,0.0
1694,205,0.0
1690,1100,0.0
1793,1596,0.0
86,1199387,0.0
1194,698,0.0
1147,41,0.0
234,1490,0.0
164,1954,0.0
1061,1960,0.0
186,1392,0.0
86,1733,0.0
2041,291,0.0
1366,2016,0.0
2041,2099426,0.0
1821,238,0.0
1976,581,0.0
1219,1683,0.0
751,277,0.0
318,25,0.0
1820,1013,0.0
2016,1403,0.0
432,96,0.0
1168,1694,0.0
1075,1688440,0.0
1606,568,0.0
1340,1813,0.0
708,811,0.0
267,493,0.0
1858,157,0.0
200,1000,0.0
1060,394,0.0
311,1958,0.0
1602,1193,0.0
86,312,0.0
993,91,0.0
1192,1265,0.0
1464,1266,0.0
518,482,0.0
810,184,0.0
536,1948,0.0
1433,805,0.0
1870,578,0.0
751,740,0.0
2057,2029,0.0
1921,1199,0.0
666,2051,0.0
1554,1739,0.0
2029,954,0.0
1848,179,0.0
718,785,0.0
1392,1950,0.0
22,1344,0.023809523809523808
653,2018,0.0
1208,1667,0.0
697,194,0.0
91,685,0.0
1534,1597,0.0
619,1881,0.0
4,803,0.0
361,1624,0.0
886,1441,0.0
1666,83,0.0
27687,1508,0.0
784,1881,0.0
1534,1585,0.0
1849,136,0.0
698,1870,0.0
322,1373,0.0
1075,257,0.0
338,484,0.0
1453,459,0.0
1886,868,0.0
1835,534,0.0
5,2057,0.0
475,1695,0.0
1370,61,0.3333333333333333
1013,1935,0.0
1208,1175,0.0
86,1908,0.058823529411764705
1373,188,0.0
541,1849,0.0
1373,245,0.0
547,954,0.0
1894,1536,0.0
716,475,0.0
381,1467,0.07692307692307693
872,1942,0.0
1491,1545,0.0
1858,1030,0.0
922,1293,0.0
225,1416,0.0
1351,1958,0.0
1891,527,0.0
1695,35,0.0
1994,1084,0.0
446,1248,0.0
1538,543,0.0
1463,1043,0.11145510835913312
274,868,0.0
1881,547,0.0
1389,317,0.0
1542,738,0.0
2010,1048,0.0
311,940,0.0
636,1046,0.0
872,1483,0.0
1340,274,0.0
50,541,0.0
96,1975282,0.0
1688440,75,0.0
834,1654,0.0
1618,536,0.0
507,1441,0.0
446,1517,0.0
2024,1762,0.0
296,1992,0.0
1370,1227,0.0
123,1436,0.0
2011,810,0.0
1726,914,0.0
1477,1461,0.0
1670,685,0.0
567,238,0.0
1553,291,0.0
1769,1497,0.0
1014,1929,0.0
519,1291,0.0
475,1920,0.0
1453,164,0.0
666,41,0.0
234,1877,0.0
175,1830,0.0
398,697,0.0
204,1529,0.0
12081,1407,0.023809523809523808
1810,1367,0.0
1542,1297,0.0
396,2009,0.0
1996,842,0.0
1912,1412,0.09090909090909091
960,572,0.0
92,31505,0.0
1094,271,0.0
188,1820,0.0
229,834,0.0
1124,1403,0.0
1747,987,0.0
1367,1293,0.0
29,1538,0.0
1389,2089740,0.0
1346,205,0.0
1466,1291,0.0
1635,854,0.0
1470,837,0.0
46,1228,0.023809523809523808
825,922,0.0
1541,697,0.0
1384,2057,0.0
1769,611,0.0
27687,1627,0.0
1043,1373,0.05263157894736842
394,1818,0.0
304,255,0.0
1314,791,0.03225806451612903
1954,267,0.0
2057,1801,0.0
541,1752,0.0
1693,1881,0.14285714285714285
770,1344,0.047619047619047616
123,51,0.0
987,1627,0.0
1486,1212,0.0
2,1797,0.0
936,1769,0.0
1351,75,0.0
877,1541,0.0
794,475,0.0
547,886,0.0
1782,1793,0.0
122,736,0.0
1398,1353,0.0
61,1786,0.0
2041,1421,0.0
225,1448,0.08333333333333333
123,1491,0.0
14446,1726,0.0
406,9,0.0
429,1470,0.0
179,317,0.0
1508,291,0.0
1970,722,0.0
1346,186,0.0
1416,1254,0.0
2099426,1220,0.0
238,2057,0.0
1470,1110,0.0
733,446497,0.0
1042,116,0.0
3180,619,0.045454545454545456
1877,2016,0.0
1630,150,0.06666666666666667
50,456,0.0
204,813,0.07142857142857142
1384,838,0.0
718,86,0.0
1665,419,0.0
1602,1168,0.0
1370,1725,0.0
572,276,0.0
916,1341,0.0
987,657,0.0
1596,1818,0.0
1449,1912,0.0
2041,267,0.0
1110,1291,0.0
1314,1463,0.0
1483,1529,0.0
1030,541,0.0
1750,968,0.0
1478,763,0.0
137,3582,0.0
2099426,5,0.0
186,86,0.0
914,1403,0.0
842,636,0.0
349,1227,0.0
1219,987,0.16666666666666666
912,755,0.0
988,1573,0.0
1311,1616,0.0
229,958,0.0
296,1343,0.0
588,39,0.0
988,423,0.0
588,1521,0.0
2051,1726,0.0
4,1466,0.0
811,1271,0.0
1450,2051,0.0
357,5,0.034482758620689655
1414,361,0.023809523809523808
1165587,1820,0.0
1776,1946,0.0
380,842,0.0
954,115,0.0
1384,4,0.0
373,1416,0.0
1389,1953,0.0
1208,1993,0.0
2056,1266,0.0
1271,1190,0.023809523809523808
689,1065,0.0
1695,163,0.0
143,1310,0.0
1185,1124,0.0
784,1467,0.0
1293,257,0.0
475,479,0.0
318,1585,0.0
811,567,0.0
1192,381,0.0
1165587,1534,0.0
1194,164,0.0
475,26,0.0
2099426,372,0.0
1046,770,0.0
305,1635,0.0
340,163,0.0
1880,1935,0.0
1541,1942,0.0
33,486,0.0
1948,1880,0.0
1849,1174,0.0
14446,891,0.0
1606,1695,0.0
914,1816,0.07142857142857142
1323,2007,0.0
115,1048,0.0
854,1693,0.0
2018,1951,0.0
1412,1921,0.0
1050,1247,0.0
573,26,0.0
1464,1025,0.0
588,1612,0.0
404,489,0.0
2047,475,0.0
1338,1100,0.0
1467,1665,0.0
872,17,0.03333333333333333
1366,1480,0.0
1649,1373,0.0
1122,1477,0.0
162,1403,0.0
1409,1908,0.0
136,27687,0.0
1248,689,0.0
1478,1797,0.0
993,150,0.0
1953,1654,0.0
580,1747,0.0
131,1223,0.0
224,1556,0.03333333333333333
1556,229,0.0
1130097,1061,0.0
1821,61,0.0
940,51,0.0
1398,1820,0.0
1581,270,0.0
893,1725,0.0
1517,626,0.0
1908,1781,0.0
811,49,0.0
1744,794,0.0
1720,1116,0.0
838,2047,0.0
1373,1858,0.0
626,751,0.0
204,1478,0.0
580,988,0.0
276,1220,0.0
2089740,1585,0.0
619,322,0.045454545454545456
1737,1854,0.0
233,825,0.0
736,1168,0.0
271,958,0.0
1581,1063,0.0
430,71,0.0
615,40,0.0
1220,1373,0.05263157894736842
314,1389,0.0
91,482,0.0
1529,2009,0.0
1223,1870,0.0
1254,162,0.0
1891,689,0.0
648,1271,0.0
200,1448,0.0
1353,2009,0.0
96,1612,0.0
51,1762,0.0
1703,1534,0.0
748,188,0.0
1726,680,0.0
100,396,0.0
1075,1894,0.0
811,889,0.0
1353,489,0.0
1695,100,0.0
727,51,0.0
1154,1881,0.0
1935,459,0.0
1994,484,0.0
1521,5,0.08333333333333333
648,1854,0.0
1311,1175,0.043478260869565216
1908,1694,0.0
834,1545,0.0
741,1449,0.0
1048,1110,0.0
1046,1511,0.0
164,122,0.0
525,150,0.0
432,1403,0.0
1960,372,0.0
1602,1124,0.0
1050,142,0.0
483,889,0.0
406,1920,0.0
137,186,0.0
1602,993,0.0
1747,916,0.0
96,377,0.0
568,1810,0.0
1644,863,0.0
1179,109,0.0
1762,1542,0.0
1122,1337,0.0
1897,567,0.0
17,305,0.0
1219,1801,0.0
567,784,0.0
163,912,0.0
1581,854,0.0
2011,1812,0.0
1346,175,0.0
1667,1517,0.0
1219,1886,0.125
1921,834,0.0
1635,2057,0.0
966,1897,0.0
1470,912,0.0
751,1695,0.0
1750,1463,0.0
2010,1344,0.0
653,1212,0.0
1223,1541,0.0
522,1116,0.0
484,1421,0.0
391,1309,0.0
1494,357,0.0
229,1409,0.0
1880,364,0.0
305,811,0.0
1538,653,0.0
1341,522,0.0
1654,150,0.0
1649,1433,0.0
340,958,0.0
1925,1165587,0.0
1958,60,0.0
2051,1467,0.0
868,854,0.0
1807,2018,0.0
479,571,0.0
257,25,0.0
1538,1820,0.0
810,157,0.0
2099426,1147,0.0
1697,1462,0.0
886,72,0.0
2010,1854,0.0
1266,175,0.0
233,1545,0.0
1266,916,0.0
116,1600,0.09259259259259259
1908,83,0.0
1538,149,0.0
317,150,0.0
350,115,0.0
2047,1175,0.0
1147,968,0.0
204,1337,0.0
479,1412,0.0
456,698,0.0
75,317,0.0
751,1048,0.0
1122,27687,0.0
1881,304,0.0
2009,369,0.0
71,990,0.0
219,2009,0.0
1697,71,0.0
406,33,0.0
486,1611,0.0625
1948,72,0.0
1585,1521,0.0
1247,1407,0.045454545454545456
26,966,0.0
1940,792,0.0
64,1542,0.0
186,1340,0.0
2018,277,0.1111111111111111
987,1533,0.0
1190,13,0.0
77,1667,0.0
383,1373,0.0
483,157,0.0
527,1116,0.0
1432,1450,0.09090909090909091
116,1541,0.0
1946,689,0.0
298,811,0.0
940,157,0.0
534,1968,0.0
1615,1975282,0.0
214,1010,0.0
123,1554,0.09090909090909091
1353,1542,0.0
1597,1389,0.0
55,1006,0.0
1179,672,0.0
1248,653,0.0
580,872,0.0
1793,484,0.0
364,940,0.0
179,1436,0.0
381,179,0.0
318,242,0.0
2057,430,0.0
791,1337,0.0
1483,1659,0.0
1174,123,0.0
245,404,0.0
1449,296,0.0
727,1865,0.0
428190,430,0.0
202,837,0.0
430,1,0.05555555555555555
832,109,0.0
1951,198,0.0
1486,305,0.0
1853,1453,0.0
619,1529,0.0
131,1697,0.0
204,1630,0.0
658,1194,0.0
1084,381,0.06666666666666667
1581,1265,0.0
486,238,0.16666666666666666
1654,136,0.0
482,1175,0.0
1208,1013,0.0
1078,270,0.16666666666666666
744,1894,0.0
1835,1323,0.0
1392,1412,0.0
1409,1164871,0.0
446497,1533,0.0
960,1192,0.0
999,314,0.1111111111111111
543,611,0.0
238,716,0.0
1709,338,0.08333333333333333
33,392,0.0
912,205,0.0
1649,1730,0.0
259,571,0.0
86,1786,0.058823529411764705
1821,1037,0.0
341,1154,0.0
1453,645,0.0
699,580,0.0
745,517,0.0
1596,41,0.0
1875,727,0.0
740,1065,0.0
842,1353,0.0
116,960,0.07692307692307693
214,993,0.0
1314,1249,0.0
31505,381,0.0
1968,738,0.0
1227,2019,0.0
1453,292,0.0
224,205,0.0
1891,229,0.0
541,1130097,0.0
1851,137,0.0
1178,25,0.0
1227,1384652,0.0
565,61,0.0
423,142,0.0
1384652,456,0.0
1432,86,0.0
1421,1866,0.0
805,1793,0.0
611,2057,0.0
1407,1248,0.0
1710,1046,0.0
481,1886,0.0
2056,1677,0.0
1323,770,0.058823529411764705
1921,317,0.0
322,49,0.0
1556,1580,0.0
1477,1248,0.0
689,48281,0.0
364,527,0.0
1293,77,0.0
990,1862,0.0
242,1042,0.0
1370,430,0.022222222222222223
1812,304,0.0
238,2019,0.0
2024,437,0.0
1208,1935,0.0
1951,1767,0.0
1322,1560,0.0
2057,2089740,0.0
611,1037,0.0
1970,150,0.0
1060,186,0.0
311,578,0.0
1870,1470,0.0
1048,1693,0.0
1818,1433,0.0
275,733,0.0
834,40,0.0
1835,1309,0.0
666,479,0.0
2029,1518,0.0
267,838,0.0
95,722,0.0
92,430,0.0
391,1533,0.0
1904,298,0.0
1886,1725,0.0
1124,1110,0.05
96,611,0.0
1801,200,0.0
1542,46,0.0
1228,872,0.0
1726,1467,0.0
200,1061,0.0
1013,361,0.0
1247,380,0.0
22,1463,0.023809523809523808
736,960,0.0
1649,446497,0.0
1618,1688440,0.0
1450,1744,0.0
274,1797,0.0
1534,905,0.2
257,1950,0.0
428190,1737,0.0
1680,1644,0.0
1726,1164871,0.0
2019,868,0.0
398,571,0.0
666,834,0.0
645,1912,0.0
1585,49,0.0
242,214,0.0
35,1797,0.0
2041,1536,0.0
680,1124,0.0
658,1511,0.0
430,35,0.0
1363,423,0.045454545454545456
17,785,0.0
1412,285,0.0
544,1265,0.0
2099426,149,0.0
1204,1511,0.0
1912,1975282,0.0
1521,429,0.0
91,1178,0.0
1849,1632,0.0
727,1043,0.0
493,999,0.0
1744,1228,0.17045454545454547
1497,1730,0.0
219,364,0.0
1363,1725,0.0
1168,1958,0.0
30,350,0.0
1398,1309,0.0
1618,1043,0.0
1384652,708,0.0
204,834,0.0
738,429,0.0
1615,770,0.14285714285714285
940,29,0.0
1891,1254,0.0
116,785,0.0
1518,486,0.0
1006,314,0.0
1769,277,0.0
1781,1782,0.0
1384,33,0.0
1767,1168,0.0
391,1914,0.0
1432,1338,0.0
175,1908,0.0
1311,1782,0.0
519,1212,0.0
1810,200,0.0
1094,1238,0.0
794,615,0.0
888,954,0.0
1975282,888,0.0
1739,968,0.0
1820,657,0.0
1738,1786,0.0
1958,350,0.0
1014,1483,0.0
1363,1797,0.16666666666666666
877,872,0.0
1247,590,0.0
2041,1596,0.0
302,1185,0.0
377,188,0.0
1920,1517,0.0
657,1849,0.0
1797,1976,0.0
1801,1602,0.0
854,1063,0.0
581,117,0.0
1786,1725,0.0
1782,1666,0.03225806451612903
184,741,0.0
1992,245,0.0
1597,936,0.0
527,50,0.0
590,302,0.0
1050,123,0.0
1542,22,0.0
1343,547,0.0
1993,58,0.0
1322,95,0.0
1694,396,0.0
1703,1178,0.0
648,391,0.0
1529,1730,0.0
1511,372,0.0
428190,1750,0.0
404,1818,0.0
567,71,0.0
1010,1875,0.0
1665,834,0.0
1414,1638,0.16666666666666666
1744,225,0.0
1219,736,0.0
1511,791,0.0
1063,199,0.34090909090909094
547,1638,0.0
1450,361,0.0
838,568,0.0
1630,733,0.0
814,1597,0.0
1407,1921,0.0
637,285,0.0
1948,2031,0.0
1908,342,0.0
276,304,0.0
1807,5,0.3333333333333333
770,1461,0.0
794,572,0.0
573,1025,0.0
5,1309,0.0
954,738,0.0
259,1384652,0.0
3180,708,0.0
518,1818,0.0
1461,666,0.0
1293,751,0.0
267,534,0.0
493,340,0.0
150,1366,0.0
271,888,0.0
1720,905,0.0
1935,430,0.0
1190,1026,0.0
475,230,0.0
580,1461,0.0
459,1142,0.0
61,1606,0.0
1683,517,0.0
1612,571,0.0
184,1353,0.07142857142857142
475,1982,0.0
912,1996,0.0
1709,1529,0.0
1996,1835,0.0
271,1812,0.0
1094,1436,0.0
493,2006,0.034482758620689655
1266,718,0.09090909090909091
1904,527,0.0
507,72,0.0
95,30,0.0
2007,204,0.0
1799,685,0.0
1199,25,0.05555555555555555
1168,1190,0.0
1925,1894,0.0
214,1993,0.0
1776,868,0.0
1638,1483,0.0
1037,58,0.0
1683,1511,0.058823529411764705
1271,267,0.023809523809523808
1816,968,0.0
446,1346,0.0
1042,200,0.0
1665,1497,0.0
3582,86,0.0
1810,486,0.022222222222222223
1480,1538,0.0
736,1025,0.0
1480,1477,0.0
1343,733,0.0
392,1111,0.0
1220,12081,0.0
131,35,0.0
952,1518,0.0
481,61,0.0
1801,1233,0.0
794,1178,0.0
1449,1975282,0.0
733,573,0.0
763,406,0.0
637,1667,0.0
952,96,0.0
1219,91,0.0
517,571,0.0
1398,1616,0.0
274,2051,0.0
1384652,184,0.14336917562724014
893,1168,0.0
740,1147,0.0
834,179,0.0
1219,1710,0.0
1710,392,0.0
698,1538,0.0
2057,446,0.0
1491,275,0.0
1403,1409,0.0
999,868,0.0
813,1309,0.0
755,242,0.0
116,1752,0.05555555555555555
573,137,0.0
1581,1733,0.0
1709,568,0.0
12081,219,0.0
952,2056,0.0
238,987,0.0
1219,1233,0.034482758620689655
486,1697,0.0
1914,2016,0.0
1886,672,0.0
952,689,0.0
1534,277,0.0
486,172,0.0
2089740,796,0.0
1409,1881,0.0
1659,446497,0.1
1368,1467,0.0
1436,1433,0.0
1449,292,0.0
394,1545,0.0
920,1875,0.0
1438,1219,0.225
1592,518,0.0
483,1310,0.0
123,1946,0.0
115,785,0.0
891,2057,0.0
1762,292,0.0
718,1389,0.0
571,987,0.0
1670,1592,0.0
1227,936,0.0
1293,92,0.0
791,1466,0.0
922,1694,0.0
680,1635,0.0
966,1013,0.0
1649,1725,0.0
1060,588,0.0
1592,1449,0.0
242,837,0.0
1904,115,0.0
1560,1208,0.0
722,5,0.0
35,580,0.0
877,184,0.0
1875,175,0.0
905,1659,0.884635217723453
1238,1781,0.0
637,1953,0.0
31505,1050,0.0
296,1807,0.0
172,163,0.0
1,1124,0.0
117,276,0.0
1370,1353,0.1
172,1762,0.0
534,1666,0.0
150,429,0.0
1192,792,0.0
803,1185,0.0625
49,340,0.0
1297,1175,0.0
1944,3582,0.0
338,257,0.07142857142857142
1693,1695,0.0
322,1545,0.0
940,72,0.0
314,1644,0.0
1471,285,0.0
1807,653,0.0
2051,1297,0.0
722,1010,0.0
727,1849,0.0
162,1075,0.07692307692307693
277,245,0.0
275,1223,0.0
318,736,0.0
578,1367,0.0
1739,493,0.0
394,49,0.0
1104,1940,0.0
1680,1737,0.0
1968,803,0.0
380,2047,0.0
1392,1193,0.0
966,1737192,0.0
1511,1762,0.0
1618,572,0.0
83,1630,0.0
1470,275,0.0
999,242,0.0
1954,219,0.0
1343,486,0.0
863,1545,0.0
162,960,0.05263157894736842
1665,1061,0.0
17,1752,0.034482758620689655
741,33,0.0
322,1265,0.0
1769,648,0.0
277,188,0.0
1179,2051,0.0
1975282,432,0.0
912,1602,0.0
1389,1767,0.022222222222222223
912,645,0.0
377,1810,0.0
736,1968,0.0
1416,1633,0.0
267,1546,0.0
1851,741,0.0
2024,1353,0.0
1030,916,0.0
1992,1174,0.0
1737,751,0.0
50,590,0.0
398,1392,0.0
369,188,0.0
1412,1199,0.0
1690,916,0.0
2007,658,0.0
482,1043,0.0
484,1615,0.0
1247,1881,0.0
423,1944,0.0
518,2099426,0.0
792,842,0.0
131,727,0.0
1929,1880,0.0
637,429,0.0
1030,571,0.0
1649,1407,0.022222222222222223
522,1697,0.0
1373,543,0.0
1340,1124,0.0
1219,1130097,0.0
578,203,0.0
1192,394,0.0
2047,1368,0.0
115,1204,0.0
5,96,0.0
1116,267,0.045454545454545456
373,1363,0.0
50,517,0.0
245,1367,0.0
394,834,0.0
1862,645,0.0
131,1026,0.0
1951,1677,0.0
2024,1624,0.0
1627,2047,0.0
372,446497,0.0
202,115,0.0
2024,1536,0.0
740,398,0.0
1467,233,0.0
1441,238,0.0
2047,1747,0.0
692,1010,0.0
1786,1130097,0.0
1658,1309,0.0
1461,534,0.0
1117,234,0.034482758620689655
699,178,0.0
1793,1373,0.0
891,1351,0.0
423,556,0.0
1384652,1227,0.0
626,960,0.0
340,893,0.08333333333333333
163,1165587,0.0
1000,868,0.0
406,763,0.0
519,811,0.0
792,1849,0.0
1953,1816,0.0
543,1925,0.0
484,229,0.0
547,1737192,0.0
1228,2031,0.0
1494,1633,0.0
1367,1463,0.0
1179,396,0.0
958,406,0.0
202,245,0.0
2009,1694,0.0
825,722,0.0
1624,813,0.0
493,1178,0.0
1954,922,0.1
1954,1363,0.0
637,2051,0.0
648,1612,0.0
341,1111,0.0
811,271,0.0
475,1929,0.0
357,1398,0.0
304,547,0.0
373,1050,0.0
1545,1353,0.0
512,1050,0.0
29,1000,0.0
291,657,0.0
481,916,0.0
1013,1925,0.0
406,482,0.0
1659,615,0.045454545454545456
72,2029,0.0
357,14446,0.0
51,1862,0.0
2089740,1466,0.0
1738,199,0.0
718,304,0.0
2,60,0.0
1030,1233,0.045454545454545456
1463,383,0.023809523809523808
1477,1790,0.0
1436,479,0.0
1635,179,0.0
1580,1801,0.0
968,543,0.0
1010,1665,0.0
1891,1865,0.0
1109,527,0.0
1389,741,0.0
2024,381,0.0
307,1363,0.0
1363,744,0.0
1799,751,0.0
1951,137,0.0
432,1247,0.0
568,517,0.0
920,1238,0.0
573,1606,0.0
275,1877,0.0
1471,1690,0.0
5,392,0.11781609195402298
1343,1438,0.0
1725,1585,0.0
380,1026,0.0
372,61,0.0
536,162,0.0
1738,636,0.0
920,1533,0.0
131,1060,0.0
689,29,0.0
489,95,0.0
317,699,0.0
1433,369,0.0
916,1925,0.0
936,1030,0.0
83,430,0.0
1154,543,0.0
437,341,0.0
1976,2006,0.0
199,277,0.0
1858,1597,0.0
419,1367,0.0625
204,377,0.0
1069,581,0.0
1338,1573,0.0
122,149,0.0
481,1894,0.0
1314,1414,0.0
1677,1343,0.0
912,204,0.0
404,872,0.03333333333333333
1293,792,0.0
1343,1801,0.0
578,48281,0.0
1665,188,0.0
1667,1412,0.0
2009,1517,0.0
1690,1384,0.0
1556,77,0.03333333333333333
1449,1786,0.05555555555555555
178,1710,0.0
137,338,0.0
1063,291,0.03225806451612903
1542,1870,0.0
745,838,0.1736111111111111
9,3582,0.0
41,1190,0.0
748,245,0.0
1542,580,0.0
71,1367,0.0
2057,437,0.0
666,1185,0.0
1677,1407,0.0
722,372,0.05
556,893,0.0
1886,296,0.0
75,1204,0.0
1782,91,0.0
1816,872,0.0
1782,1030,0.0
1373,940,0.0
1193,1536,0.0
1340,1421,0.07142857142857142
1747,1569,0.0
825,755,0.0
803,1870,0.0
40,1392,0.0
1309,1940,0.0
1627,172,0.0
1449,1782,0.0
1037,1110,0.0
1920,1122,0.0
1667,30,0.0
1797,916,0.0
1929,1486,0.0
1490,1960,0.0
914,1407,0.0
1853,590,0.0
1865,1658,0.0
834,825,0.0
2011,1853,0.0
277,2019,0.0
1858,1799,0.0
322,2,0.12937062937062938
968,271,0.0
55,1497,0.0
1752,1726,0.0
1228,966,0.0
1116,1403,0.0
2007,940,0.0
1534,689,0.0
1560,1948,0.3333333333333333
71,834,0.0
27687,1164871,0.0
2019,645,0.0
1346,1193,0.0
920,275,0.0
178,219,0.0
1147,3582,0.0
1204,733,0.0
342,2007,0.0
748,1193,0.0
1996,1529,0.0
1461,1781,0.0
2041,342,0.0
2056,95,0.0
680,1996,0.0
314,2007,0.0
1848,745,0.0
744,1891,0.0
255,1518,0.0
1511,966,0.0
205,940,0.0
1521,1725,0.0
863,1037,0.0
349,1147,0.0
60,136,0.0
1534,525,0.0
517,672,0.0
233,1497,0.0
1228,186,0.0
1353,224,0.0
1606,1353,0.0
636,372,0.0
1094,1560,0.0
1248,1612,0.0
727,475,0.0
285,1266,0.0
364,1675,0.0
373,150,0.0
204,1340,0.0
322,456,0.0
1165587,1573,0.0
1782,810,0.0
1835,1954,0.0
1508,543,0.0
1199,1266,0.0
1600,349,0.0
1993,1343,0.0
1416,1935,0.0
1392,2051,0.0
381,2029,0.0
1463,1,0.038461538461538464
1165587,889,0.0
1993,565,0.0
230,1638,0.0
391,657,0.0
1370,1194,0.0
741,2009,0.0
1353,590,0.0
483,517,0.0
318,277,0.0
233,1014,0.0
493,372,0.5261904761904762
33,748,0.0
1695,1164871,0.0
1265,1925,0.0
1061,475,0.0
517,1441,0.0
1042,162,0.0
1797,1611,0.0
519,541,0.0
796,1179,0.0
1557,1517,0.0
1311,1,0.3055555555555556
581,1467,0.0
1384,796,0.0
872,271,0.0
302,1958,0.0
1554,888,0.0
2089740,578,0.0
1013,1612,0.25
3582,1199387,0.0
58,1709,0.0
225,1194,0.0
25,1398,0.0
738,1248,0.0
1602,437,0.0
1992,1611,0.0
1178,888,0.0
954,291,0.0
1109,2006,0.0
1175,1069,0.0
1851,1190,0.0
611,733,0.0
275,1894,0.0
446,1752,0.0
341,1247,0.0
1109,1323,0.0
611,744,0.0
1737192,1560,0.0
1875,1596,0.0
398,459,0.0
547,117,0.0
1384,3180,0.0
1793,699,0.0
1541,1323,0.0
1436,212,0.0
2024,225,0.0
381,543,0.0
736,716,0.0
312,381,0.0
565,1776,0.0
1680,1179,0.0
1553,1441,0.0
479,1228,0.1349206349206349
588,224,0.0
1450,1929,0.07692307692307693
92,1799,0.0
1042,518,0.0
1866,1464,0.0
1709,1084,0.0
1006,1521,0.0
116,1813,0.0
2029,1238,0.0
1733,117,0.0
277,1612,0.0
1982,1790,0.0
296,1346,0.0
1212,727,0.0
1875,1061,0.0
1697,157,0.0
738,1894,0.0
277,1147,0.0
1738,1534,0.0
1373,1793,0.0
1762,916,0.0
1220,2009,0.0
1104,224,0.0
1970,1935,0.0
1219,29,0.0
12081,270,0.0
423,1801,0.0
95,1688440,0.0
86,689,0.0
1894,1254,0.0
318,1238,0.0
1037,1858,0.0
517,1554,0.0
1821,1421,0.0
1940,1912,0.0
149,1881,0.0
86,479,0.0
1632,396,0.0
697,2057,0.0
200,1970,0.0
1518,1557,0.0
745,1219,0.07142857142857142
1220,1238,0.0
229,1632,0.0
1185,842,0.07142857142857142
1043,1790,0.125
1416,1227,0.0
203,692,0.0
936,1638,0.0
1596,1549,0.0
212,275,0.0
1471,267,0.0
1199387,2,0.038461538461538464
785,1337,0.0
958,1084,0.0
204,966,0.0
2024,259,0.0
954,83,0.0
527,1633,0.0
803,1297,0.0
534,1994,0.0
2056,1611,0.0
1921,1744,0.0
2018,1812,0.0
648,1293,0.0
1013,1891,0.0
1363,271,0.0
432,1801,0.0
920,204,0.0
1782,46,0.0
1854,1323,0.0
834,446497,0.0
810,432,0.0
1793,863,0.0
302,1094,0.0
810,1353,0.0
61,1389,0.0
1730,1821,0.0
547,1667,0.0
493,1976,0.0
993,212,0.0
1767,636,0.0
1341,1212,0.0
230,2047,0.0
1050,736,0.0
1769,1726,0.0
1569,1373,0.0
1818,2024,0.0
1534,966,0.0
863,1627,0.0
581,1042,0.0
116,1185,0.0
1478,1403,0.0
1710,1921,0.0
305,446497,0.0
1337,1615,0.0
446,1223,0.0
1384652,233,0.0
296,1585,0.0
446497,1154,0.0
1343,230,0.0
1190,1799,0.0
1914,1043,0.0
536,1992,0.0
507,1529,0.0
1249,1776,0.0
1975282,312,0.0
1075,791,0.0
1739,689,0.0
1546,534,0.0
1667,1821,0.0
1084,1122,0.0
889,588,0.0
1204,1606,0.0
271,1744,0.0
1208,1632,0.0
1683,489,0.0
1667,741,0.0
1606,428190,0.0
1573,813,0.0
364,77,0.0
1471,718,0.0
267,2089740,0.0
1951,1477,0.0
1881,581,0.0
2031,685,0.0
988,1497,0.0
1992,1554,0.0
481,1063,0.0
556,1725,0.0
1204,1929,0.0
1536,1549,0.038461538461538464
383,657,0.0
1968,1050,0.0
889,1960,0.0
1248,229,0.0
1536,372,0.1111111111111111
755,1703,0.0
1581,571,0.0
1996,277,0.0
493,1366,0.0
2009,1521,0.0
1954,1025,0.07692307692307693
1726,203,0.0
1060,194,0.0
109,391,0.0
805,1323,0.0
1109,1958,0.0
39,2,0.0
1600,619,0.0
1695,763,0.0
718,5,0.10073260073260074
1266,2047,0.0
1249,1193,0.0
842,1726,0.0
1228,811,0.0
1477,1392,0.0
292,1534,0.0
805,238,0.0
954,1322,0.0
736,680,0.0
198,1976,0.0
406,708,0.0
763,1192,0.0
1925,292,0.0
968,784,0.0
1820,588,0.0
1546,259,0.0
727,533,0.0
150,2011,0.0
372,46,0.0
525,1037,0.0
1960,988,0.0
1117,1638,0.0
22,2010,0.0
1960,238,0.0
1367,35,0.0
1486,1853,0.0
340,1403,0.0
117,1060,0.0
1494,1940,0.0
1130097,1398,0.0
2006,685,0.0
1037,1638,0.0
1851,1600,0.0
1944,285,0.045454545454545456
1667,954,0.0
1908,547,0.0
214,2024,0.0
1818,567,0.0
349,692,0.0
578,40,0.0
1463,1799,0.0
2057,1037,0.0
1920,699,0.0
285,1508,0.0
834,1810,0.0
1744,685,0.0
1175,544,0.0
1533,296,0.0
1490,657,0.0
186,380,0.0
1697,380,0.0
1384652,588,0.0
1726,1654,0.0
292,75,0.0
117,1433,0.05263157894736842
1904,29,0.0
1412,699,0.022222222222222223
242,2089740,0.0
245,205,0.0
889,547,0.0
1441,188,0.0
1065,212,0.0
1432,1433,0.0
751,1908,0.0
988,1190,0.0
1944,1618,0.0
39,48281,0.0
1542,1384652,0.03225806451612903
1050,446,0.0
1747,1412,0.0
1638,259,0.0
1310,349,0.0
1886,1929,0.0
1392,1627,0.0
50,184,0.0
1421,1720,0.0
805,1511,0.0
814,1409,0.0
1557,1461,0.0
1954,149,0.0
199,1309,0.0
13,1633,0.0
380,1635,0.0
1960,716,0.0
1618,1750,0.1111111111111111
1529,1960,0.0
1739,3582,0.0
1517,834,0.0
205,423,0.0
745,276,0.0
1048,698,0.0
699,689,0.0
1227,512,0.0
1084,1993,0.0
2018,302,0.0
1940,1632,0.18803418803418803
588,1450,0.0
9,1733,0.0
41,1248,0.0
1925,1897,0.0
1000,1497,0.0
1353,1616,0.0
14446,568,0.0
2018,1310,0.0
1178,1043,0.0
117,636,0.0
1733,4,0.0
1363,1659,0.0
838,1813,0.0
396,755,0.0
1545,1891,0.0
203,1048,0.0
116,525,0.0
149,1632,0.24347826086956523
1042,1248,0.0
340,17,0.0
479,1950,0.0
990,1508,0.0
1398,200,0.0
1633,637,0.0
475,872,0.0
958,1265,0.0
1545,1110,0.0
1904,1950,0.0
12081,1265,0.0
791,1866,0.0
1935,342,0.0
1557,3582,0.0
1866,1340,0.0
1744,1703,0.0
718,83,0.07380952380952381
993,1178,0.0
1464,373,0.0
1271,958,0.0
626,1953,0.0
920,1014,0.0
255,1733,0.0
1894,653,0.0
86,1816,0.0
2041,1747,0.0
285,304,0.0
2024,763,0.0
954,72,0.0
338,556,0.0
813,1975,0.0
12081,1538,0.0
1940,699,0.0
637,1769,0.0
1084,2041,0.0
507,17,0.09090909090909091
567,1392,0.0
738,1627,0.0
1247,803,0.0
1635,35,0.0
1223,1441,0.0
1782,1841,0.0
1854,770,0.0
1694,109,0.0
202,203,0.023809523809523808
1124,1297,0.0
916,1854,0.0
825,645,0.0
2031,14446,0.0
55,519,0.0
547,1441,0.0
1545,1830,0.0
842,1592,0.0
1573,1680,0.0
1790,1776,0.0
83,1309,0.0
255,1960,0.0
636,1297,0.0
40,1185,0.0
276,1494,0.0
740,1314,0.0
1541,1048,0.0
741,1448,0.0
1875,203,0.022222222222222223
689,1025,0.0
1271,1453,0.0
1192,916,0.0
312,257,0.0
832,697,0.0
432,2051,0.0
1546,952,0.0
741,1677,0.0
3582,1060,0.0
214,1618,0.1111111111111111
1813,245,0.0
1110,1904,0.0
1403,1849,0.0
1554,626,0.0
1409,854,0.0
162,1398,0.0
1025,648,0.0
92,740,0.0
479,657,0.0
30,615,0.0
322,1238,0.0
142,842,0.0
1688440,1194,0.0
446,150,0.0
1384,1807,0.0
1165587,1363,0.0
1179,2029,0.0
685,25,0.0
534,1776,0.0
733,3180,0.0
803,64,0.0
1830,5,0.0
1954,1497,0.0
178,920,0.0
810,1450,0.0
369,1109,0.0
230,1958,0.0
1573,203,0.0
1690,136,0.0
1841,2089740,0.0
512,2041,0.0
1737192,2019,0.0
1747,1848,0.0
60,1940,0.0
952,914,0.0
1886,1862,0.0
2041,1368,0.0
364,912,0.0
1739,889,0.0
636,1110,0.0
1546,357,0.0
142,14446,0.0
1546,1573,0.0
341,1464,0.0
1311,349,0.0
792,381,0.0
556,1414,0.0
1409,238,0.0
1341,396,0.0
1688440,1247,0.0
1975282,224,0.0
1750,834,0.06666666666666667
1670,369,0.0
48281,1471,0.0
446,863,0.0
1546,1851,0.0
2016,740,0.0
680,1168,0.0
475,1521,0.0
568,136,0.0
430,1384,0.0
1494,716,0.0
1248,940,0.0
1363,35,0.0
1373,3582,0.0
1168,96,0.0
940,1104,0.0
361,1747,0.0
122,58,0.0
175,1314,0.0
543,214,0.0
999,1204,0.0
533,1730,0.0
636,1178,0.0
1521,1737192,0.0
1554,184,0.0
1185,35,0.1
12081,203,0.023809523809523808
1752,14446,0.0
1975,380,0.0
361,1683,0.023809523809523808
432,1944,0.0
1464,1948,0.3333333333333333
175,178,0.0
1363,1337,0.0
615,854,0.0
966,2057,0.0
692,1866,0.0
1538,544,0.0
1179,75,0.14285714285714285
1409,1179,0.0
142,519,0.0
49,1752,0.0
1464,791,0.0
259,744,0.0
636,1709,0.0
868,1797,0.0
203,522,0.0
1010,163,0.0
198,1407,0.0
1881,1373,0.0
1573,116,0.0
50,988,0.0
1363,1820,0.0
1491,920,0.0
1875,1925,0.0
1797,1958,0.0
369,1993,0.0
692,55,0.0
1060,2056,0.0
1616,1597,0.0
39,242,0.0
517,1841,0.0
536,1865,0.0
891,2018,0.0
1737,1996,0.0
572,1632,0.23333333333333334
143,1820,0.0
17,285,0.0
1542,1606,0.0
1976,1769,0.0
302,373,0.0
645,83,0.0
357,547,0.0
1858,1432,0.0
619,722,0.05555555555555555
1014,2099426,0.0
813,1147,0.0
136,1790,0.0
131,916,0.0
1199387,230,0.038461538461538464
475,302,0.0
741,35,0.03333333333333333
2,259,0.0
1677,1436,0.0
188,1046,0.0
482,987,0.0
64,432,0.0
1433,1450,0.0
536,619,0.0
727,364,0.0
1677,988,0.0
1970,1518,0.0
770,199,0.0
2031,834,0.0
270,722,0.0
2,234,0.0
886,486,0.0
437,1853,0.0
1448,39,0.0
64,763,0.0
1627,916,0.0
1560,572,0.022222222222222223
697,954,0.0
475,361,0.0
1,1611,0.0
1644,383,0.0
1392,5,0.0
936,1433,0.1111111111111111
26,834,0.0
1471,338,0.0
186,568,0.0
86,1546,0.0
1848,1421,0.0
276,291,0.0
1739,1046,0.0
1518,157,0.0
544,958,0.0
1954,1694,0.0
58,483,0.0
1006,39,0.0
1835,1996,0.0
1782,1908,0.0
534,1667,0.0
1894,1812,0.0
302,745,0.0
1904,1030,0.0
1710,1042,0.0
391,1293,0.0
296,1529,0.0
1204,1801,0.0
350,96,0.0
2056,1638,0.0
993,1165587,0.0
1432,5,0.0
699,1100,0.05
143,832,0.0
1921,1553,0.0
29,1970,0.0
1010,1680,0.0
198,2047,0.0
1061,1438,0.0
9,805,0.0
291,149,0.0
3582,838,0.0
311,194,0.0
854,2041,0.0
285,1542,0.0
72,298,0.0
1449,229,0.0
1517,1820,0.0
1065,1014,0.0
868,212,0.0
137,380,0.0
1862,1835,0.0
75,242,0.0
432,626,0.0
1618,33,0.0
1453,1944,0.0
17,1373,0.0
17,1810,0.022222222222222223
482,1870,0.0
2089740,33,0.0
2009,1624,0.0
285,1781,0.0
338,811,0.0
1110,990,0.0
484,396,0.0
1654,1951,0.0
1606,698,0.0
1726,1517,0.0
285,1793,0.0
493,203,0.022222222222222223
968,184,0.0
1996,1491,0.0
748,423,0.0
811,172,0.0
914,2019,0.0
1541,296,0.0
527,1602,0.0
1953,785,0.0
1848,738,0.0
1199,305,0.0
116,83,0.0
75,541,0.0
1266,1042,0.0
175,740,0.0
1124,1168,0.0
1344,792,0.0
364,398,0.0
1130097,212,0.0
1497,1521,0.0
482,1776,0.03225806451612903
1654,312,0.0
1649,803,0.0
748,1389,0.0
810,1204,0.0
615,31505,0.0
364,2007,0.0
1265,312,0.0
1633,1904,0.125
3180,242,0.0
568,512,0.0
1820,541,0.0
1403,1343,0.0
581,1013,0.0
2057,1744,0.0
692,483,0.0
396,1297,0.0
1801,1597,0.0
1618,481,0.0
430,796,0.0
1654,1970,0.0
230,224,0.0
685,1208,0.0
298,1389,0.0
188,813,0.0
1192,657,0.0
1314,372,0.0
1694,373,0.0
163,1697,0.0
1688440,1265,0.0
1384652,1450,0.0
1199387,1667,0.0
1491,637,0.0
680,1616,0.0
178,810,0.0
1441,29,0.0
357,792,0.0
229,1975282,0.0
1174,527,0.0
35,1738,0.0
186,1310,0.0
1130097,1094,0.0
1538,1398,0.0
406,1254,0.0
588,1976,0.0
1790,1471,0.0
727,39,0.0
1675,1297,0.0
1854,219,0.0
1193,936,0.0
9,1545,0.0
1632,1776,0.0
199,136,0.0
369,522,0.0
1223,1580,0.0
1644,1776,0.0
792,392,0.0
1560,122,0.0
1853,2016,0.0
547,1866,0.0
999,1667,0.0
377,456,0.0
805,536,0.0
380,203,0.023809523809523808
689,1853,0.0
517,1569,0.0
204,149,0.07142857142857142
770,1293,0.0
565,1720,0.0
1996,1,0.0
205,571,0.0
657,1111,0.0
1762,338,0.0
1109,1223,0.0
1994,1935,0.0
423,718,0.0
796,419,0.0
1050,1948,0.0
1341,1891,0.0
1818,1976,0.0
35,888,0.0
242,544,0.0
1750,922,0.0
1690,1271,0.0
990,2006,0.034482758620689655
590,1542,0.0
13,1726,0.0
952,1606,0.0
1830,137,0.0
1592,1841,0.0
1683,1480,0.0
672,12081,0.0
1680,1060,0.0
1175,31505,0.05
1801,1249,0.0
369,1228,0.045454545454545456
361,2056,0.0
1340,1494,0.0
322,1223,0.0
1449,803,0.14285714285714285
437,489,0.0
1461,796,0.0
270,1709,0.0
205,1854,0.0
380,1921,0.0
1199387,50,0.0
1912,1061,0.0
361,1968,0.0
205,1370,0.0
755,541,0.0
1975,60,0.0
1010,302,0.0
905,259,0.0
1557,394,0.0
203,2,0.0
204,1368,0.0
1010,666,0.0
1323,1046,0.0
1781,298,0.0
1849,1384,0.0
1337,1921,0.0
61,1248,0.0
342,481,0.0
2016,483,0.0
645,13,0.0
2031,137,0.0
194,1697,0.0
891,888,0.0
2024,1192,0.0
1877,1618,0.0
479,1497,0.0
1908,1666,0.0
1853,993,0.0
1403,1912,0.0
1351,1670,0.0
581,968,0.0
763,1124,0.0
1466,1311,0.0
748,1486,0.0
1461,714,0.0
2031,1581,0.0
1314,338,0.0
1407,1314,0.0
428190,2099426,0.0
338,1511,0.0
1185,1013,0.0625
1881,142,0.0
116,1343,0.0
1659,1453,0.0
1030,1925,0.0
1951,1193,0.0
50,1351,0.0
1124,406,0.0
547,1694,0.0
1703,406,0.2
1199387,1322,0.0
699,619,0.0
1310,1365,0.0
1448,277,0.05555555555555555
1737192,1799,0.0
1946,785,0.0
456,722,0.0
1365,1618,0.0
1747,275,0.0
481,1366,0.0
1199,1886,0.0
1940,1992,0.07692307692307693
968,1569,0.0
1190,383,0.05714285714285714
30,916,0.0
311,1993,0.0
1212,396,0.0
544,1204,0.0
966,792,0.0
430,805,0.0
922,960,0.0
2089740,1483,0.0
2051,1744,0.0
242,1175,0.0
1293,1630,0.0
1615,854,0.0
1069,162,0.0
1373,993,0.0
1675,60,0.0
1436,636,0.03333333333333333
940,58,0.0
314,987,0.0
481,75,0.0
1403,958,0.0
204,95,0.0
486,437,0.0
350,572,0.0
1470,567,0.0
1602,13,0.0
1337,1351,0.0
1606,1920,0.0
1790,512,0.0
1627,238,0.0
1769,1865,0.0
1398,893,0.0
175,3582,0.0
2056,276,0.0
1602,2024,0.0
483,803,0.0
1248,893,0.0
1392,48281,0.0
645,615,0.0
1337,267,0.0
645,143,0.0
49,1046,0.0
12081,41,0.0
1690,727,0.0
1208,1337,0.0
2047,1618,0.0
233,1891,0.0
1061,72,0.0
50,1737,0.0
136,718,0.0
1920,1858,0.0
1624,150,0.0
1311,1343,0.0
205,657,0.0
391,479,0.0
1467,1737192,0.0
960,302,0.0
432,91,0.0
1920,1,0.0
172,1367,0.0
518,475,0.0
738,1630,0.0
1338,391,0.0
1744,834,0.5454545454545454
245,922,0.0
493,55,0.0
1365,1480,0.0
1818,456,0.0
672,255,0.0
1560,1925,0.0
349,1310,0.0
1944,1615,0.0
50,699,0.0
1373,1733,0.0
1122,1730,0.0
305,1897,0.0
1497,2018,0.0
922,361,0.0
349,1311,0.0
242,456,0.0
377,298,0.0
39,1542,0.0
736,1818,0.0
305,2010,0.0
1870,322,0.0
518,763,0.0
1865,304,0.0
341,1627,0.0
727,1464,0.0
30,1337,0.0
740,1542,0.0
291,1695,0.0
162,1944,0.0
27687,86,0.0
1061,1124,0.0
770,2007,0.0
1703,960,0.06666666666666667
1220,1633,0.043478260869565216
611,276,0.0
744,342,0.0
214,1337,0.0
1912,1407,0.0
1925,877,0.0
175,86,0.0
1337,1116,0.0
219,755,0.0
1000,123,0.0
1654,298,0.0
1799,1179,0.0
872,1192,0.0
1951,1644,0.0
636,1597,0.0
868,1521,0.0
1265,1738,0.0
1453,556,0.0
184,838,0.0
1618,29,0.0
1897,137,0.0
1925,1297,0.0
1683,311,0.0
1993,4,0.0
1449,891,0.0
1733,785,0.0
1737192,1752,0.0
1392,842,0.0
1818,1314,0.0
741,891,0.0
1179,1747,0.0
1168,1818,0.0
1219,1533,0.034482758620689655
2024,1690,0.0
1392,234,0.0
741,1343,0.0
12081,1518,0.023809523809523808
1976,1043,0.0
810,1471,0.0
304,2029,0.0
322,1367,0.0
966,2010,0.0
270,1630,0.0
229,1569,0.0
920,1710,0.0
1553,1654,0.0
1174,233,0.0
486,1767,0.022222222222222223
1311,341,0.0
1046,3582,0.0
437,556,0.0
534,1220,0.0
1353,738,0.0
1297,369,0.0
2009,2016,0.0
276,1291,0.0
1659,1767,0.0625
51,1710,0.0
122,219,0.0
519,1752,0.0
1322,1880,0.0
1970,578,0.0
184,91,0.0
1730,383,0.0
428190,993,0.0
50,940,0.0
1061,745,0.0
813,1580,0.0
1615,1920,0.0
1797,578,0.0
1536,1208,0.0
2007,1486,0.0
699,1403,0.0
372,988,0.0
666,568,0.0
519,1014,0.0
225,2006,0.0
805,1164871,0.0
692,1767,0.0
727,225,0.0
1762,1464,0.0
1573,507,0.0
512,637,0.0
1580,1929,0.0
936,1710,0.0
1793,572,0.0
179,3582,0.0
751,142,0.0
1412,1448,0.0
914,1346,0.0
318,276,0.0
2047,740,0.0
1737192,479,0.1111111111111111
832,373,0.0
1744,49,0.0
150,886,0.0
522,785,0.0
716,432,0.14814814814814814
22,1693,0.0
3180,95,0.0
1219,404,0.0
741,109,0.0
1450,666,0.0
13,271,0.0
1508,304,0.0
1820,1341,0.0
914,954,0.0
1165587,1309,0.0
2006,1130097,0.0
1174,188,0.0
1546,842,0.0
1310,1747,0.0
1208,340,0.0
14446,55,0.0
1649,429,0.0
179,1199,0.0
459,432,0.0
1877,1912,0.0
380,763,0.0
872,993,0.0
893,517,0.0
1370,1801,0.0
1467,1351,0.0
872,242,0.0
1638,637,0.0
1683,33,0.0
568,1632,0.0
1078,838,0.0
202,1769,0.0
39,437,0.0
1373,740,0.0
481,832,0.0
1373,1697,0.0
194,2031,0.0
349,507,0.0
854,317,0.0
456,891,0.0
1730,1311,0.0
1344,484,0.0
1675,1109,0.0
1204,541,0.0
1670,1248,0.0
952,512,0.0
429,543,0.0
954,1433,0.0
1649,1366,0.0
186,658,0.0
1992,708,0.0
1726,810,0.0
733,383,0.0
2018,825,0.0
1212,311,0.0
1407,2056,0.0
517,1265,0.0
1786,547,0.0
381,1486,0.07692307692307693
493,1223,0.0
1950,255,0.0
1006,1063,0.0
429,307,0.0
547,116,0.0
493,796,0.0
1389,1185,0.0625
533,891,0.0
611,1094,0.0
163,966,0.0
1747,373,0.0
142,936,0.0
1709,255,0.0
475,727,0.0
1228,1720,0.0
525,224,0.0
653,1409,0.0
194,1666,0.0
1130097,72,0.0
891,1851,0.0
188,172,0.0
322,568,0.0
1690,430,0.0
446,1486,0.0
307,1248,0.0
1010,541,0.0
1453,13,0.0
1025,868,0.0
1025,1688440,0.0
1461,175,0.0
1511,1877,0.0
1976,1111,0.0
692,1483,0.0
905,590,0.0
1635,149,0.034482758620689655
811,200,0.0
1293,1534,0.0
1929,565,0.0
163,572,0.0
203,1738,0.0
1925,1164871,0.0
556,380,0.0
1975,317,0.0
1542,1767,0.0
672,680,0.0
2006,517,0.0
1219,5,0.034482758620689655
48281,12081,0.0
1409,1954,0.0
322,2057,0.0
1866,205,0.0
1490,2010,0.0
1670,100,0.0
1179,1659,0.0
611,708,0.0
406,1075,0.0
1675,2,0.0
1366,2047,0.0
482,1084,0.0
372,1529,0.0625
361,383,0.023809523809523808
2010,17,0.09090909090909091
791,2089740,0.0
1580,1271,0.0
178,1556,0.0
891,1248,0.0
1471,666,0.0
350,653,0.0
1841,302,0.0
1409,1353,0.0
888,666,0.0
1953,1494,0.0
834,1310,0.0
175,527,0.0
1199,1208,0.0
1432,1006,0.06666666666666667
565,298,0.0
1351,751,0.0
31505,626,0.022222222222222223
692,1776,0.0
534,406,0.0
1463,1219,0.1
1310,3180,0.0
143,893,0.0
296,626,0.0
277,1546,0.0
912,194,0.0
1921,1006,0.0
2029,1665,0.0
1075,1875,0.037037037037037035
117,832,0.0
1467,1821,0.0
276,573,0.0
1227,920,0.1111111111111111
456,522,0.0
1291,1013,0.0
312,96,0.0
1461,519,0.0
1063,194,0.0
1710,619,0.0
48281,1739,0.0
1602,733,0.0
1970,1841,0.0
432,863,0.0
784,990,0.0
380,350,0.0
525,1432,0.0
580,708,0.0
1220,1954,0.0
832,536,0.0
905,1471,0.0
1271,349,0.0
877,1165587,0.0
1877,150,0.0
1615,1192,0.0
680,1343,0.0
406,428190,0.0
1954,580,0.0
699,1853,0.022222222222222223
414,785,0.0
437,968,0.0
1467,58,0.0
1908,1109,0.0
1363,1030,0.0
891,714,0.0
1835,1666,0.0
1389,1219,0.0
1611,1709,0.0625
318,708,0.0
1557,1615,0.0
2047,398,0.0
1220,1946,0.0
811,1416,0.0
1069,1733,0.0
115,1569,0.0
72,117,0.0
72,1695,0.0
1536,940,0.0
740,1341,0.0
1737192,1592,0.0
893,698,0.0
1851,1665,0.0
1690,48281,0.0
2024,1862,0.0
479,805,0.14090909090909093
954,2041,0.0
1649,796,0.0
50,484,0.0
1311,175,0.0
1820,242,0.0
1649,1441,0.0
2,372,0.0
1271,1338,0.0
580,428190,0.0
1554,1165587,0.0
1549,1343,0.0
1164871,1553,0.0
1865,486,0.0
475,1,0.0
277,1363,0.05555555555555555
1690,837,0.0
714,1580,0.0
1208,383,0.0
115,91,0.0
1549,1265,0.0
1322,116,0.0
811,952,0.0
954,1190,0.0
1633,26,0.0
568,1940,0.0
1441,1951,0.0
914,291,0.0
41,296,0.0
5,1982,0.0
1694,1649,0.0
958,342,0.07692307692307693
380,456,0.0
380,484,0.0
298,277,0.0
1000,163,0.0
225,242,0.0
1220,39,0.0
1109,1929,0.0
200,1585,0.0
1953,990,0.0
432,1854,0.0
736,175,0.0
291,1611,0.0
718,1254,0.023809523809523808
1042,1466,0.0
615,322,0.0
518,1585,0.0
40,1480,0.0
1533,75,0.0
1518,1194,0.0
136,1793,0.0
519,1644,0.0
245,116,0.0
611,484,0.0
1199387,1412,0.0
1954,685,0.0
194,1925,0.0
1797,1618,0.05555555555555555
568,71,0.0
479,1168,0.0
377,1897,0.0
1194,116,0.0
1762,1247,0.0
1344,2010,0.0
267,727,0.0
1344,291,0.0
17,1925,0.03333333333333333
50,92,0.0
512,1816,0.0
626,1223,0.0
1373,533,0.0
341,2019,0.0
186,1384652,0.0
1946,658,0.0
1891,204,0.0
541,565,0.0
349,838,0.0
637,1254,0.0
1199387,1,0.038461538461538464
322,1194,0.0
619,1813,0.16666666666666666
567,175,0.0
2057,1478,0.0
1875,1174,0.0
1462,1797,0.0
1104,740,0.0
832,1830,0.047619047619047616
940,2006,0.0
4,708,0.0
1659,1164871,0.0625
1175,1602,0.0
314,1363,0.0
233,383,0.0
1812,1122,0.0
1786,1030,0.0
1970,60,0.0
1227,17,0.034482758620689655
1511,1340,0.0
544,794,0.0
512,571,0.0
475,4,0.0
1762,1309,0.0
1297,512,0.0
1453,1367,0.0
318,588,0.0
1178,1948,0.0
891,1542,0.0
381,1946,0.0
364,163,0.0
381,1367,0.0
1026,1438,0.0
1665,1323,0.0
58,571,0.0
1726,718,0.0
1521,1920,0.0
1948,1953,0.0
1670,1314,0.0
429,229,0.0
842,1820,0.0
568,86,0.0
1790,1695,0.0
229,636,0.0
357,1392,0.0
1904,95,0.0
1536,1529,0.0
1219,611,0.0
274,581,0.0
1373,784,0.0
274,1147,0.0
811,1219,0.0
805,25,0.0
1310,1448,0.0
27687,429,0.0
1010,1511,0.0
1471,1467,0.0
1942,590,0.0
364,1340,0.0
1219,157,0.0
615,71,0.0
648,803,0.0
1124,396,0.0
1801,1935,0.0
1122,178,0.0
1739,1820,0.0
322,489,0.0
1389,1710,0.0
60,1925,0.0
1921,1733,0.0
541,699,0.0
61,224,0.0
1976,590,0.0
1592,993,0.0
916,547,0.0
214,1147,0.0
26,1596,0.0
993,58,0.0
615,580,0.0
131,1820,0.0
1227,423,0.0
1553,2056,0.0
49,12081,0.0
714,581,0.0
733,14446,0.0
1254,1694,0.0
543,1975282,0.0
1975,1921,0.0
838,1065,0.0
940,1677,0.0
1483,1703,0.0
1615,172,0.0
1534,1816,0.0
131,796,0.0
657,117,0.0
1862,1433,0.0
1951,1627,0.0
1037,1611,0.0
39,1536,0.0
1536,1314,0.0
1790,58,0.0
708,581,0.0
373,123,0.0
1409,611,0.0
1644,77,0.0
1920,517,0.0
525,580,0.0
784,1862,0.0
205,794,0.0
1762,1670,0.0
1680,9,0.0
1192,1046,0.0
1870,1043,0.1111111111111111
567,573,0.0
672,993,0.0
1310,1414,0.0
1812,1976,0.0
162,1573,0.0
482,41,0.0
590,536,0.0
741,12081,0.0
2057,1013,0.0
2010,1992,0.0
115,727,0.0
1592,396,0.0
1178,2019,0.0
837,999,0.0
429,770,0.0
40,733,0.05
2041,2056,0.0
123,342,0.0
204,868,0.0
318,1063,0.0
234,75,0.0
383,1208,0.0
814,1858,0.0
109,1703,0.0
727,75,0.0
1122,198,0.0
1616,1084,0.1111111111111111
1471,2016,0.0
803,1450,0.037037037037037035
1553,1581,0.0
1466,689,0.0
1592,1192,0.0
1407,517,0.0
3582,396,0.0
1670,987,0.0
1065,91,0.0
267,1556,0.0787878787878788
22,131,0.0
2016,1407,0.0
619,534,0.0
26,86,0.0
71,565,0.0
1821,3582,0.0
522,229,0.0
27687,381,0.0
1925,1854,0.0
1124,1471,0.0
1536,905,0.10989010989010989
1367,275,0.0
163,507,0.0
314,48281,0.0
1026,2029,0.0
150,1862,0.0
1549,1821,0.0
285,832,0.0
791,1030,0.0
990,396,0.0
507,188,0.0
224,1223,0.0
1464,184,0.0
888,229,0.0
1730,522,0.0
936,2007,0.0
872,1494,0.0
1462,1199,0.0
1409,525,0.0
357,255,0.0
708,41,0.0
342,1414,0.022222222222222223
988,1000,0.0
1266,1925,0.0
143,1993,0.0
274,481,0.0
377,274,0.0
40,46,0.0
429,95,0.0
1546,954,0.0
423,483,0.0
527,1585,0.0
1596,1782,0.0
3180,1438,0.0
31505,2006,0.0
1866,86,0.0
311,1323,0.0
77,91,0.0
40,1384,0.0
245,1291,0.0
1370,1709,0.0
1343,304,0.0
958,567,0.0
60,1557,0.0
914,1738,0.0
1060,1536,0.0
1043,1592,0.0
1750,2089740,0.0
1353,1486,0.0
394,428190,0.0
312,568,0.0
544,1199387,0.0
1862,588,0.0
1164871,1199,0.0
1560,1627,0.0
708,430,0.022222222222222223
1801,877,0.0
825,1314,0.0
341,1490,0.0
162,571,0.0
1638,1762,0.0
1944,1658,0.0
392,547,0.0
1190,541,0.0
55,645,0.0
1265,653,0.0
1816,446,0.0
1438,1649,0.0
1122,1680,0.0
672,1124,0.0
1627,1862,0.0
1470,446497,0.0
35,202,0.0
1940,1373,0.05263157894736842
987,1585,0.0
1365,1344,0.0
317,1541,0.0
75,446,0.0
1466,1343,0.0
1665,1094,0.0
91,2099426,0.0
312,225,0.0
1069,2089740,0.0
1384,1891,0.0
202,1392,0.0
394,186,0.0
459,322,0.0
960,615,0.0
391,733,0.0
302,1848,0.0
1992,1720,0.0
751,1030,0.14285714285714285
1541,123,0.0
968,1875,0.0
46,1190,0.023809523809523808
27687,1271,0.0
794,1635,0.0
1807,1365,0.0
298,1117,0.0
1677,2024,0.0
311,1658,0.0
645,1407,0.0
1546,619,0.0
1265,1323,0.25
1309,1541,0.0
1627,567,0.0
30,383,0.0
889,920,0.0
1752,275,0.0
1877,517,0.0
307,91,0.0
672,1471,0.0
1130097,381,0.0
456,615,0.0
525,1365,0.0
1353,988,0.0
1470,1849,0.0
398,1026,0.0
1848,905,0.0
96,1858,0.0
1703,1175,0.0
920,1518,0.0
658,100,0.0
837,1948,0.038461538461538464
580,1014,0.0
993,1480,0.0
1338,1549,0.0
556,116,0.0
361,1649,0.0
380,1612,0.0
383,340,0.0
619,1344,0.07692307692307693
648,95,0.0
92,1950,0.0
792,527,0.0
1470,1976,0.0
1370,1541,0.0
2011,1338,0.0
267,1407,0.06926406926406926
796,1030,0.0
1894,727,0.0
751,572,0.0
285,1737,0.0
1703,1164871,0.0
163,567,0.0
484,314,0.0
685,164,0.0
1384,1914,0.0
1982,1433,0.0
1521,588,0.0
2,1293,0.0
1353,1322,0.0
1912,1483,0.0
838,1233,0.0
1266,1854,0.0
1948,456,0.0
3582,13,0.0
29,877,0.0
77,479,0.18181818181818182
1464,2011,0.045454545454545456
1946,1994,0.0
1730,25,0.0
349,1193,0.0
349,1750,0.0
1886,396,0.0
680,1807,0.0
305,204,0.0
565,25,0.0
12081,648,0.0
157,1976,0.0
377,172,0.0
1776,1407,0.0
1580,1854,0.0
1865,1122,0.0
202,1914,0.0
1373,1314,0.0
1830,475,0.0
1368,1710,0.0
61,1830,0.0
270,1580,0.0
1849,1026,0.0
1920,1471,0.0
1478,1199387,0.0
1767,1212,0.0
733,2019,0.05
481,1124,0.0
1111,342,0.0
2089740,1497,0.0
2041,1835,0.0
1109,1627,0.0
414,1667,0.0
1624,1616,0.0
803,1821,0.0
519,1875,0.0
377,1993,0.0
1247,1810,0.0
1940,55,0.0
868,889,0.0
1553,1996,0.0
298,398,0.0
1497,1116,0.0
1467,1849,0.0
1769,143,0.0
1975282,1199387,0.0
1912,1248,0.0
1238,296,0.0
1438,369,0.0
369,1212,0.0
1612,567,0.0
1517,446497,0.0
1109,277,0.0
920,1094,0.0
1975,1767,0.0
1560,1104,0.0
163,4,0.0
1497,1747,0.0
1441,234,0.0
1025,1228,0.0
1870,30,0.0
200,658,0.0
1666,198,0.0
1117,813,0.0
1618,527,0.0
1432,785,0.0
763,1168,0.0
1573,41,0.0
64,1337,0.0
1060,1624,0.0
1944,1693,0.0
275,1448,0.0
1841,568,0.0
123,1521,0.0
459,341,0.0
744,92,0.0
1175,692,0.0
318,854,0.0
718,1037,0.25757575757575757
364,1265,0.0
2,615,0.0
1680,1192,0.0
2024,803,0.0
1738,17,0.0
1968,1094,0.0
1449,568,0.0
891,1521,0.0
936,1993,0.0
1675,58,0.0
692,276,0.0
868,391,0.0
1311,150,0.0
1830,1384,0.0
916,271,0.0
1048,534,0.0
1116,1441,0.0
1769,755,0.2
136,590,0.0
1227,1709,0.0
1992,1618,0.0
46,1950,0.0
486,699,0.08472222222222223
1014,200,0.0
136,893,0.0
590,1658,0.0
13,1982,0.0
832,322,0.0
1849,811,0.0
578,987,0.0
100,1094,0.0
738,863,0.0
17,1976,0.0
72,203,0.0
1438,1877,0.0
437,26,0.0
2056,55,0.0
1412,2099426,0.0
406,533,0.0
205,573,0.0
270,1866,0.0
1046,792,0.0
48281,1914,0.0
1658,1644,0.0
1920,1025,0.0
1975282,1063,0.0
2029,186,0.0
1042,414,0.16666666666666666
1912,1569,0.0
1720,194,0.058823529411764705
1665,459,0.0
1030,525,0.0
432,72,0.0
162,1851,0.0
1414,1688440,0.022222222222222223
1337,1813,0.0
863,1633,0.0
270,377,0.0
527,428190,0.0
1193,1063,0.0
39,1529,0.0
1560,1630,0.022222222222222223
748,872,0.06559139784946236
178,527,0.0
940,1744,0.0
580,920,0.0
481,1841,0.0
205,1970,0.0
914,1776,0.0
581,39,0.0
1467,1666,0.0
653,2009,0.0
1881,4,0.0
763,1841,0.0
3582,274,0.0
1109,25,0.0
1192,1494,0.0
1654,109,0.0
1996,1632,0.1111111111111111
428190,738,0.0
1654,430,0.0
1353,77,0.07142857142857142
2024,954,0.0
48281,1946,0.0
1897,1862,0.0
2018,517,0.0
1894,1925,0.0
1616,1841,0.0
2018,1194,0.0
697,456,0.0
230,86,0.0
338,1078,0.0
1193,274,0.0
391,1384,0.0
1904,834,0.0
1703,225,0.06666666666666667
1341,391,0.0
716,429,0.0
1111,832,0.0
1249,149,0.0
1737,805,0.0
2009,1,0.0
1920,162,0.0
267,1421,0.0
414,302,0.0
1545,1638,0.0
1538,1848,0.125
35,1043,0.0
2007,1630,0.0
456,626,0.0
1545,518,0.0
565,1219,0.0
199,51,0.0
657,785,0.0
940,1665,0.0
699,482,0.0
1398,2009,0.0
77,186,0.0
580,1946,0.0
1948,2006,0.0
619,578,0.0
590,1908,0.0
1441,305,0.0
954,1323,0.0
1709,1110,0.0
1630,519,0.0
1014,1179,0.0
1894,699,0.0
1848,48281,0.0
1060,459,0.0
1818,958,0.0
49,863,0.0
396,541,0.0
1993,1511,0.0
680,1908,0.0
1870,810,0.0
150,1030,0.0
1212,432,0.0
1063,666,0.0
1341,1960,0.0
157,2099426,0.0
1013,1046,0.0
792,1363,0.0
242,1254,0.0
373,611,0.06666666666666667
1432,1421,0.0
611,270,0.0
238,1854,0.0
298,1310,0.0
396,1536,0.0
745,1553,0.0
2057,1818,0.0
794,1412,0.0
1951,202,0.0
219,1935,0.0
1013,205,0.0
60,645,0.0
1688440,1665,0.0
475,2047,0.0
1730,1747,0.0
1373,1293,0.0
312,1875,0.0
1110,1688440,0.0
229,22,0.0
298,274,0.0
1223,1508,0.0
116,763,0.0
619,1343,0.0
1534,423,0.0
763,1667,0.0
1450,1600,0.037037037037037035
1877,14446,0.0
571,349,0.0
1866,430,0.0
377,1726,0.0
657,150,0.0
741,877,0.0
1694,1536,0.0
1223,1006,0.0
588,1993,0.0
163,1480,0.0
1573,1142,0.0
184,1297,0.0
1546,338,0.0
446,1470,0.0
30,150,0.0
727,482,0.0
1271,1006,0.0
699,893,0.0
1486,341,0.0
1654,1726,0.0
1521,1310,0.0
1199,1992,0.0
1462,72,0.0
736,832,0.0
1223,1178,0.0
1238,233,0.0
203,952,0.0
626,958,0.0
1351,175,0.0
1536,1030,0.0
1453,1199,0.0
1078,1373,0.05263157894736842
1322,75,0.0
58,1592,0.0
1738,1109,0.0
340,1894,0.0
1818,194,0.0
1199,1075,0.0
619,1782,0.0
685,588,0.0
1569,1710,0.0
1063,784,0.0
1208,1703,0.0
1050,267,0.0
1737,672,0.0
966,1690,0.0
1881,727,0.0
41,2007,0.0
338,785,0.0
1065,736,0.0
636,1204,0.0
1075,83,0.0
1521,952,0.0
1322,993,0.0
2041,178,0.0
39,271,0.0
1494,391,0.0
1762,1677,0.0
1994,1821,0.0
1409,1658,0.0
1344,48281,0.0
512,1314,0.0
567,565,0.0
2041,1948,0.0
1665,1249,0.125
573,993,0.0
1247,1416,0.0
863,1111,0.0
672,2099426,0.0
1849,1948,0.0
175,993,0.0
580,163,0.038461538461538464
219,1726,0.0
1154,1069,0.0
234,1720,0.0
1043,543,0.0
224,1793,0.0
889,58,0.0
536,1084,0.0
39,1769,0.0
1111,2056,0.0
1709,230,0.0
1529,1580,0.0
1463,1670,0.0
837,1820,0.0
1494,96,0.0
92,813,0.0
1185,391,0.0
1309,1880,0.0
1862,483,0.0
484,142,0.0
1421,1675,0.0
1851,1675,0.0
1398,1767,0.0
1786,792,0.0
245,1929,0.0
736,1790,0.0
1897,1323,0.0
1970,77,0.0
872,2010,0.0
230,175,0.0
877,1463,0.06926406926406926
298,1545,0.0
891,1733,0.0
1471,1752,0.0
837,1014,0.0
1521,1490,0.0
1063,277,0.15555555555555556
741,912,0.0
2006,1517,0.0
1975,685,0.0
1185,275,0.0
71,394,0.0
1311,61,0.0
1994,1951,0.0
1982,1050,0.0
755,1667,0.0
1228,1816,0.023809523809523808
1762,1006,0.0
1409,198,0.07142857142857142
922,188,0.0
922,1178,0.0
51,1886,0.0
39,1585,0.0
987,722,0.0
1013,1536,0.0
1624,1709,0.0
1654,1635,0.0
13,1291,0.0
1585,722,0.0
1094,230,0.0
60,1164871,0.0
1026,162,0.0
1165587,1178,0.0
1046,1497,0.0
525,29,0.0
1797,369,0.0
1597,1534,0.0
233,115,0.0
317,383,0.0
2,672,0.0
1841,2018,0.0
1556,194,0.0
525,1407,0.0
590,225,0.0
429,255,0.0
699,1438,0.0
1010,1675,0.0
2029,489,0.0
2029,212,0.0
1904,1398,0.0
1094,1409,0.0
1193,1752,0.0
527,26,0.0
1370,4,0.0
1353,1818,0.07142857142857142
1266,361,0.0
990,1951,0.0
1228,689,0.0
1233,1450,0.045454545454545456
12081,1912,0.0
1490,1233,0.0
91,483,0.0
889,1862,0.0
832,1464,0.0
204,1175,0.0
1557,1353,0.07142857142857142
489,1340,0.0
212,361,0.0
1322,479,0.0
1810,75,0.0
1709,72,0.0
27687,369,0.0
1199387,229,0.0
1014,40,0.0
1881,91,0.0
234,912,0.0
40,1154,0.0
314,22,0.0
61,1467,0.0
350,318,0.0
302,481,0.0
1486,3180,0.0
122,1142,0.0
1635,72,0.0
41,479,0.045454545454545456
350,1737192,0.0
203,437,0.0
1799,770,0.0
565,1744,0.0
198,916,0.0
1602,1790,0.0
588,61,0.0
745,1750,0.0
225,109,0.0
456,1063,0.0
1908,2057,0.0
40,1078,0.0
1569,188,0.0
1094,116,0.0
1633,184,0.0
203,1037,0.0
1821,71,0.0
296,489,0.0
543,1384652,0.0
1199387,519,0.0
92,692,0.0
131,1529,0.0
565,364,0.0
588,1912,0.0
689,796,0.0
1976,1908,0.0
1982,872,0.03225806451612903
1560,1154,0.05
1508,1841,0.0
1265,987,0.0
916,1370,0.0
2089740,2,0.0
1813,543,0.0
578,525,0.0
1908,722,0.0
1518,255,0.0
1946,716,0.0
1314,544,0.0
428190,2089740,0.0
404,718,0.0
131,893,0.0
699,1841,0.0
2009,1738,0.0
1223,194,0.0
493,51,0.022222222222222223
1478,27687,0.0
565,868,0.0
1573,966,0.0
1164871,430,0.0
1477,834,0.0
1816,990,0.023809523809523808
1199,745,0.0
755,1769,0.2
1511,150,0.0
1037,1666,0.0
1750,1271,0.0
1486,680,0.0
565,1854,0.0
517,1438,0.0
1122,1111,0.0
1168,1891,0.0
1912,380,0.0
312,1367,0.0
658,2,0.0
1462,71,0.0
1726,1602,0.0
763,1478,0.0
1338,954,0.0
1649,1786,0.0
1750,96,0.0
304,446497,0.0
1935,572,0.0
1703,1737192,0.0
785,1935,0.0
1010,1142,0.0
456,396,0.0
527,1693,0.0
163,1344,0.14957264957264957
1464,751,0.0
164,541,0.0
1392,619,0.0
91,1168,0.0
1797,1849,0.16666666666666666
1010,1994,0.0
517,1199387,0.0
95,1875,0.0
163,1323,0.0
525,298,0.0
96,1666,0.0
1816,1341,0.0
1518,1341,0.0
1737192,2024,0.0
40,791,0.0
1912,172,0.0
109,940,0.0
200,791,0.0
1649,999,0.0
25,805,0.0
1853,1014,0.0
1942,40,0.0
203,1147,0.0
391,993,0.0
136,41,0.0
1976,1490,0.0
863,1185,0.0
1738,512,0.0
1556,1688440,0.022222222222222223
22,1821,0.0
1521,1538,0.0
567,1542,0.0
131,755,0.0
1970,202,0.0
305,588,0.0
1853,446,0.022222222222222223
406,1384652,0.0
518,486,0.0
1793,803,0.0
305,1581,0.0
1373,810,0.0
233,229,0.0
1521,1680,0.0
872,708,0.0
1744,1881,0.0
1104,394,0.0
1491,1529,0.0
1367,1142,0.0
751,1683,0.0
394,1248,0.0
91,1914,0.0
1409,1337,0.0
1786,314,0.034482758620689655
3582,1948,0.0
1165587,1293,0.0
1147,1111,0.0
1117,891,0.0
1323,1463,0.058823529411764705
1233,202,0.0
1309,184,0.0
72,39,0.0
446497,1433,0.0
565,1254,0.0
1142,456,0.0
188,1581,0.0
708,392,0.0
1781,914,0.0
1238,738,0.0
751,1875,0.0
150,357,0.0
1744,322,0.0
512,868,0.0
763,1975282,0.0
1635,1384,0.0
1219,954,0.0
1050,1384,0.0
212,29,0.0
33,198,0.0
805,274,0.0
117,891,0.14285714285714285
1912,1453,0.0
791,1338,0.0
1322,842,0.0
1414,708,0.022222222222222223
736,115,0.0
1433,292,0.0
1801,1581,0.0
699,1670,0.0
1870,1466,0.0
1533,481,0.0
1421,740,0.0
178,1703,0.0
877,814,0.0
3582,1220,0.0
486,1816,0.037037037037037035
285,1065,0.0
1449,1344,0.0
1175,1851,0.0
437,834,0.0
1291,1398,0.0
1227,136,0.0
1199387,1094,0.0
1266,1737,0.0
372,740,0.0
1592,55,0.0
1881,1370,0.0
1353,837,0.0
1670,636,0.0
1733,755,0.0
2009,1690,0.0
2029,1384652,0.0
437,1490,0.0
341,1618,0.0
479,791,0.23225806451612904
680,1649,0.0
940,83,0.0
1807,1311,0.0
1624,1254,0.0
1592,796,0.0
214,481,0.0
1801,131,0.0
459,162,0.0
716,1384,0.0
572,456,0.0
276,714,0.0
1366,1065,0.0
143,373,0.0
245,1050,0.0
1340,1688440,0.0
1908,3180,0.0
1494,999,0.0
1266,1556,0.0
637,571,0.0
1117,186,0.0
1690,277,0.0
1820,71,0.0
1556,267,0.0787878787878788
571,1483,0.0
1100,317,0.0
1337,1993,0.0
1801,1344,0.21207264957264957
1212,960,0.0
637,1853,0.0
1611,432,0.0
1192,1680,0.0
131,1416,0.0
1649,658,0.0
1494,233,0.0
60,1581,0.0
1110,1730,0.0
1453,398,0.0
1060,692,0.0
1644,794,0.0
1776,475,0.0
483,1848,0.0
31505,4,0.0
1441,1470,0.0
1311,1043,0.05555555555555555
785,1670,0.0
1635,722,0.0
1025,1738,0.0
1449,1373,0.0
285,517,0.0
2051,2011,0.0
1199,1654,0.0
1738,1130097,0.0
1014,318,0.0
77,1365,0.0
204,1549,0.0
1100,1851,0.0
1462,357,0.0
377,1026,0.0
922,2011,0.0
507,1490,0.0
198,868,0.0
543,1644,0.0
29,811,0.0
1694,1490,0.0
91,708,0.0
1710,699,0.2
886,1958,0.0
611,369,0.0
377,1769,0.0
2051,571,0.0
1592,12081,0.0
770,275,0.0
1061,1944,0.0
1996,588,0.0
430,1078,0.05263157894736842
373,96,0.0
92,1750,0.0
1174,722,0.0
428190,736,0.0
1948,1190,0.023809523809523808
219,1208,0.0
22,568,0.0
572,1478,0.0
1970,1407,0.0
1762,479,0.0
1769,1367,0.0
1204,1616,0.0
1046,12081,0.0
214,2029,0.0
369,968,0.0
1976,27687,0.0
1042,547,0.0
1340,142,0.0
1709,1635,0.0
1412,123,0.0
22,1061,0.0
533,1165587,0.0
1793,1471,0.0
1204,17,0.0
803,2011,0.0
1448,1025,0.0
115,2057,0.0
12081,1309,0.0
2051,680,0.0
1529,1048,0.0
1801,1762,0.0
834,1432,0.0
257,1695,0.0
1341,1511,0.0
1739,868,0.0
5,1560,0.125
198,893,0.0
1065,1816,0.0
1812,1448,0.0
1536,1078,0.0
1491,1291,0.0
1970,680,0.0
304,224,0.0
1697,1886,0.0
1043,77,0.07142857142857142
391,1870,0.0
657,1866,0.0
71,162,0.0
96,1667,0.0
745,1680,0.0
571,1212,0.0
202,1412,0.0
1026,342,0.0
1508,1309,0.0
71,578,0.0
72,1693,0.0
1618,86,0.0
1174,716,0.0
1737192,1409,0.0
392,1611,0.0
1373,307,0.0
1100,889,0.0
199,1416,0.0
1666,999,0.0
1338,482,0.0
1560,200,0.0
727,1738,0.0
446,1665,0.0
718,1341,0.0
1490,30,0.0
954,872,0.12698412698412698
1560,1769,0.0
1346,184,0.0
61,1212,0.0
1925,1518,0.0
33,803,0.0
1644,1529,0.0
75,1414,0.0
2009,1725,0.0
1293,722,0.0
588,398,0.0
1293,1677,0.0
1993,1533,0.0
342,1389,0.022222222222222223
350,905,0.0
1675,813,0.0
1111,1168,0.0
2007,1638,0.0
369,1744,0.045454545454545456
1958,456,0.0
1254,770,0.0
1006,4,0.0
2,1026,0.0
2057,1799,0.0
245,26,0.0
1596,1227,0.0
1982,383,0.0
163,22,0.0
1799,590,0.0
245,1553,0.0
1192,203,0.0
1849,1694,0.0
1199,429,0.0
95,49,0.0
489,1556,0.0
212,292,0.0
745,349,0.0
1448,733,0.0
755,565,0.0
698,653,0.0
1190,1061,0.03333333333333333
1164871,1521,0.0
889,341,0.0
493,179,0.0
968,1739,0.0
697,1697,0.0
1441,1247,0.0
536,1464,0.1111111111111111
5,1703,0.15656565656565657
1738,39,0.0
398,349,0.0
1982,1710,0.0
1000,35,0.0
1370,25,0.0
1533,364,0.0
429,1094,0.0
1880,920,0.0
1942,164,0.0
1549,55,0.0
999,1635,0.0
1948,863,0.0
1416,71,0.0
1951,1638,0.0
1542,1627,0.0
1659,1075,0.1111111111111111
437,1179,0.0
1065,60,0.0
404,1478,0.0
1982,143,0.0
1534,1310,0.0
1841,1951,0.0
1450,572,0.0
1046,1545,0.0
1807,784,0.0
1199387,1490,0.0
708,615,0.25
1409,1897,0.0
48281,1477,0.0
522,1958,0.0
1818,1730,0.0
1573,1616,0.0
1644,658,0.0
484,1904,0.0
318,718,0.0
1870,255,0.043478260869565216
1100,312,0.0
1616,1185,0.0
304,1592,0.0
770,1373,0.0
1497,1545,0.0
954,868,0.0
3180,219,0.0
64,666,0.0
1611,1630,0.0
71,2019,0.0
3582,1606,0.0
1580,307,0.0
1738,1697,0.0
274,446,0.0
952,292,0.0
285,834,0.045454545454545456
1048,619,0.0
1677,1323,0.0
544,1912,0.0
1370,636,0.03333333333333333
341,429,0.0
314,2051,0.0
658,1683,0.0
304,619,0.0
1178,1026,0.0
446497,1616,0.0
41,75,0.0
1194,1606,0.0
1104,1904,0.0
1557,611,0.0
275,1297,0.0
1343,12081,0.0
792,1616,0.0
361,275,0.0
1384,172,0.0
357,1683,0.0
738,340,0.0
116,886,0.0
1466,493,0.0
1993,318,0.0
611,1518,0.0
1908,2011,0.0
203,544,0.0
35,1695,0.0
914,304,0.0
364,1297,0.0
1398,285,0.0
763,1060,0.0
255,1853,0.13025210084033612
338,219,0.0
285,1920,0.0
794,837,0.0
1365,1813,0.0
1762,1914,0.0
157,993,0.0
203,912,0.0
1480,1508,0.0
1688440,2089740,0.0
657,889,0.0
1944,271,0.0
1688440,26,0.0
22,271,0.0
302,25,0.0
1483,1975282,0.0
685,714,0.0
1199387,179,0.0
1220,1541,0.0
1110,380,0.0
482,1314,0.03225806451612903
2024,1737,0.0
1573,1100,0.16666666666666666
1309,26,0.0
72,1666,0.03225806451612903
30,115,0.0
429,1048,0.0
512,91,0.047619047619047616
611,1596,0.0
391,770,0.0
1946,1043,0.0
234,162,0.0
298,1521,0.0
2009,77,0.0
571,1585,0.0
578,1970,0.0
1463,373,0.0
259,1529,0.0
1948,1511,0.0
1533,1920,0.0
1478,1635,0.0
1467,224,0.0
1175,672,0.0
588,1075,0.0
993,1311,0.0
186,580,0.0
1199,317,0.0
277,1908,0.0
1013,1560,0.0
1227,1117,0.034482758620689655
25,568,0.0
1975,3582,0.0
1807,1940,0.0
2056,2007,0.0
1309,22,0.0
312,229,0.0
136,1618,0.0
692,270,0.0
224,41,0.0
91,1341,0.0
1908,803,0.0
1880,1478,0.0
1311,1813,0.0
1384,39,0.0
1992,1813,0.0
1061,1866,0.0
1084,1271,0.0
267,142,0.0
175,1343,0.0
1554,456,0.0
736,1050,0.0
740,1786,0.034482758620689655
271,708,0.0
581,1975,0.0
1078,1470,0.0
1944,1752,0.0
666,672,0.0
1569,1630,0.03225806451612903
1069,27687,0.0
1797,115,0.037037037037037035
1733,1323,0.0
296,1006,0.0
1786,1891,0.0
1511,162,0.125
1881,1975282,0.0
1630,1416,0.0
1638,791,0.0
685,115,0.0
891,960,0.07692307692307693
1849,657,0.0
1737,525,0.0
91,1935,0.0
267,404,0.03333333333333333
813,1697,0.0
2031,1786,0.0
1781,51,0.0
733,1649,0.0
611,1694,0.0
61,1920,0.0
1680,1432,0.0
1075,46,0.0
230,1322,0.0
1314,61,0.0
164,834,0.045454545454545456
432,143,0.0
1534,392,0.0
486,1078,0.0
1248,259,0.0
391,572,0.0
1960,722,0.0
518,1060,0.0
811,1050,0.0
543,298,0.0
810,1384,0.0
1616,361,0.0
373,1920,0.0
350,1389,0.0
1665,22,0.0
1975,1944,0.0
832,755,0.0
30,1227,0.0
1462,1494,0.0
1462,224,0.0
699,203,0.022222222222222223
740,270,0.0
1450,519,0.0
377,164,0.0
1858,811,0.0
1050,1946,0.0
1914,1853,0.0
697,9,0.0
350,1720,0.0
136,341,0.0
109,689,0.0
202,1730,0.0
1908,33,0.0
428190,1538,0.0
1060,567,0.0
406,1738,0.0
1821,350,0.0
517,1343,0.0
1776,163,0.0
1744,1193,0.0
55,307,0.0
1904,60,0.0
4,568,0.0
637,30,0.0
611,1611,0.0
1483,1368,0.0
1122,1752,0.0
854,1549,0.0
1247,391,0.0
115,1665,0.0
1078,483,0.0
1030,1464,0.045454545454545456
512,805,0.0
1580,1739,0.0
1463,1542,0.0
1654,1122,0.0
322,1894,0.0
46,1412,0.0
1946,1633,0.0
1726,13,0.0
1982,1697,0.03225806451612903
1549,1894,0.0
285,1611,0.0
164,1982,0.0
259,1851,0.0
1228,224,0.0
29,1557,0.0
275,267,0.0
1438,522,0.0
1220,419,0.0
271,483,0.0
233,489,0.0
17,31505,0.13333333333333333
1799,1351,0.0
718,1193,0.0
1992,276,0.0
1541,1389,0.0
1407,203,0.046031746031746035
372,1600,0.2583333333333333
1596,175,0.0
149,685,0.0
1633,91,0.0
1407,1848,0.0
77,1084,0.0
1649,1517,0.0
785,342,0.0
456,1627,0.0
2057,398,0.0
1835,1726,0.0
920,179,0.0
708,428190,0.0
1194,203,0.0
276,2099426,0.0
1560,770,0.0
658,1536,0.0
1812,1667,0.0
889,318,0.0
179,814,0.0
1960,1483,0.0
1265,1666,0.0
404,238,0.0
1370,1618,0.1111111111111111
1050,952,0.0
1877,1801,0.0
803,1480,0.0
2007,318,0.0
92,1094,0.0
541,1886,0.0
810,75,0.0
2,1762,0.0
17,988,0.18181818181818182
1100,194,0.0
854,9,0.0
626,1341,0.0
200,803,0.0
1733,518,0.0
1725,162,0.0
2006,1762,0.0
446,810,0.0
1438,1449,0.0
40,1365,0.0
188,1573,0.0
1478,238,0.0
888,1897,0.0
163,1037,0.0
12081,697,0.0
277,533,0.0
657,64,0.0
429,142,0.0
1208,275,0.0
698,1366,0.0
541,304,0.0
1511,666,0.0
270,1110,0.0
1199387,1403,0.0
203,484,0.0
1849,270,0.0
1219,1935,0.0
481,225,0.0
727,2029,0.0
31505,940,0.0
1025,1,0.1
12081,1389,0.0
2006,271,0.0
1025,1061,0.0
1453,1841,0.0
872,3582,0.0
1693,573,0.0
1730,1322,0.0
1061,1521,0.0
1117,580,0.2
1048,626,0.0
275,312,0.0
1466,1976,0.0
692,1192,0.0
1912,150,0.0
109,877,0.0
430,291,0.0
1968,1026,0.0
805,1557,0.0
727,92,0.0
238,1638,0.0
814,2019,0.0
1185,626,0.0
1464,1940,0.0
1373,136,0.0
245,2018,0.0
1311,1970,0.0
1849,2041,0.0
1912,1870,0.1111111111111111
40,72,0.05
1291,277,0.0
430,292,0.0
733,369,0.0
186,1968,0.0
1611,1953,0.0
1000,1111,0.0
1921,1060,0.0
270,547,0.0
1710,1545,0.0
267,1993,0.0
1616,1970,0.0
637,1946,0.0
14446,1343,0.0
922,136,0.0
1178,1612,0.0
1633,396,0.0
380,1581,0.0
369,1344,0.0
1960,889,0.0
571,406,0.0
1940,1491,0.0
1849,527,0.0
1615,1341,0.0
342,1416,0.0
571,1174,0.0
1212,318,0.0
341,565,0.0
1976,83,0.023809523809523808
1810,1477,0.0
1344,1747,0.0
1441,2031,0.0
1703,1994,0.0
1111,1323,0.0
1117,1168,0.0
1343,1384652,0.0
137,1124,0.0
534,988,0.0
214,1880,0.0
1311,648,0.0
1853,544,0.0
512,1782,0.0
792,48281,0.0
1271,109,0.0
1254,1124,0.0
2,233,0.0
1199387,1747,0.0
1549,1950,0.0
1848,255,0.0
1948,1797,0.07142857142857142
1602,117,0.0
636,131,0.0
430,699,0.022222222222222223
486,666,0.0
741,2024,0.0
2051,893,0.0
149,791,0.0
990,1616,0.0
456,1223,0.0
680,1265,0.0
1627,361,0.0
512,1311,0.0
1996,1854,0.0
1881,1854,0.0
993,1048,0.0
1384652,364,0.0
1710,1271,0.023809523809523808
4,1615,0.0
1010,1644,0.0
1737,475,0.0
198,2057,0.0
1944,1409,0.0
5,1769,0.0
1737,29,0.0
1635,1046,0.0
1521,35,0.0
459,571,0.0
1529,100,0.0
186,770,0.0
1389,2,0.0
275,763,0.0
1233,380,0.0
2019,1343,0.0
1154,285,0.0
291,1897,0.0
1000,1,0.0
298,1632,0.0
653,1026,0.0
1124,234,0.0
58,493,0.0
1886,1960,0.0
988,1490,0.0
1615,1467,0.0
1433,888,0.0
893,519,0.0
745,212,0.0
689,350,0.0
1314,1982,0.03225806451612903
72,1322,0.0
1536,512,0.0
199,813,0.0
1649,380,0.0
12081,755,0.0
1556,1084,0.0
39,1466,0.0
755,1862,0.0
29,1084,0.0
322,811,0.0
1596,1110,0.0
1529,1602,0.0
1810,1786,0.0
803,1737192,0.0
392,1249,0.0
1453,1968,0.0
178,1752,0.0
350,163,0.1111111111111111
350,1175,0.0
361,1627,0.0
342,423,0.0
517,1925,0.0
296,1164871,0.0
1793,479,0.0
1541,481,0.0
1633,565,0.0
1782,842,0.0
77,1666,0.0
1190,1248,0.0
740,1389,0.0
1438,2011,0.0
224,832,0.0
615,2,0.0
149,233,0.0
718,1797,0.0
1223,259,0.0
1000,456,0.0
1720,162,0.0
291,1174,0.0
1667,1782,0.0
1632,175,0.0
3582,1536,0.0
518,966,0.0
2019,543,0.0
2031,109,0.0
1667,1597,0.0
1616,1223,0.0
1624,430,0.0
1597,1866,0.0
1109,1960,0.0
518,952,0.0
1403,1111,0.0
142,2,0.0
1854,1533,0.0
770,1219,0.2
1557,83,0.0
1630,578,0.0
1807,920,0.0
1363,2,0.0
307,86,0.0
1553,277,0.0
1703,637,0.058823529411764705
645,109,0.0
1463,1511,0.058823529411764705
1046,1737192,0.0
2056,940,0.0
541,1208,0.0
200,1950,0.0
1322,398,0.0
1781,392,0.0
854,131,0.0
1480,1767,0.0
1627,1370,0.0
2009,58,0.0
361,1384652,0.06666666666666667
285,429,0.0
481,489,0.0
1436,1854,0.0
1517,163,0.0
1192,1877,0.0
1065,493,0.0
1744,361,0.0
1920,1013,0.0
1630,116,0.0
369,854,0.0
1993,212,0.0
1841,1940,0.0
1556,1117,0.14285714285714285
296,1403,0.0
1353,1654,0.0
1580,813,0.0
1556,1670,0.0
1813,507,0.0
1812,298,0.0
2056,234,0.0
202,1659,0.0
1677,2047,0.0
428190,35,0.09090909090909091
877,648,0.0
1441,1710,0.0
1554,755,0.0
