u,v,CN
159,311,0
72,22,1
146270,233,0
152,205,0
296,264,0
51,5,2
373,195,0
86,22,0
146270,33,0
269,17,2
157,149,1
72,434,0
111,287,0
371,51,2
39,26,2
22,287,0
232,5,0
8,372,0
428,102,0
192,149,1
143,122,0
76,188,0
131,194,0
1,157,1
431,206,0
370,350,0
32,195,1
305,287,0
8,51,0
311,76,0
257,318,0
304,83,0
152,161,0
17,157,1
49,117,1
136,116,4
2089740,86,0
431,59,0
137,287,0
340,2,0
85,422,0
428,153,0
216,363,0
246,33,0
231,117,0
231,398,0
172,269,0
304,316,1
48,30,3
59,372,0
44,72,0
364,9,0
173,2,0
350,1,1
159,243,0
371,431,0
395,59,0
172,122,0
117,121,0
63,198,0
72,195,1
102,350,0
72,399,0
42,275,0
188,370,1
42,92,0
95,161,0
302,72,2
157,398,0
230,77,0
232,143,0
32,45,0
37,1,0
22,170,0
117,313,0
350,5,1
71,309844,0
95,417,0
59,13,1
434,96,0
186,100,0
77,92,0
2,372,0
186,61,1
267,25,1
143,36,0
193,200,1
37,48,0
224,277,0
389,51,0
1384652,163,0
372,304,0
224,188,0
17,122,2
86,145,0
59,131,2
422,83,0
193,149,0
2089740,395,1
313,22,0
163,267,0
350,357,0
369,191,0
318,77,0
5,380,1
86,59,2
71,124,1
33,152,0
205,188,0
238,149,0
287,307,2
147,163,0
136,271,0
271,145,0
78,45,0
313,184,0
311,122,0
308,186,0
25,224,0
71,341,0
188,398,0
269,13,1
9,287,0
92,266,0
86,340,0
373,5,1
238,328,0
373,34,2
398,83,0
186,269,1
101,328,0
264,137,0
232,219,0
44,143,0
153,390,0
243,26,0
266,44,0
205,161,0
164,372,0
5,313,0
243,72,1
372,81,0
377,364,0
143,349,3
304,51,2
363,149,0
358,431,0
22,207,0
396,111,0
390,34,0
390,102,0
106,147,0
328,194,0
106,417,0
96,398,0
305,342,0
51,195,2
264,146270,0
404,72,0
342,85,0
149,384,0
192,55,2
93,287,0
50,350,2
34,305,1
77,157,0
67,58,0
195,96,0
395,146270,0
349,417,0
173,145,0
206,146270,0
63,204,0
153,370,0
302,40,0
214,143,0
61,78,1
395,116,0
1,234,1
243,170,0
372,102,0
292,308,1
242,204,0
371,191,0
63,384,0
25,233,0
172,102,0
67,83,0
243,303,0
13,234,0
100,399,0
384,188,0
1384652,231,1
243,77,0
328,396,0
277,59,0
161,287,0
188,271,0
172,153,0
398,173,0
188,191,0
45,302,0
131,340,2
93,157,0
224,122,0
44,194,0
67,93,0
122,2089740,2
92,332,0
233,116,1
203,115,1
95,259,0
184,204,0
243,267,0
192,117,3
332,123,0
101,390,0
92,30,0
307,399,0
275,5,0
219,2,0
384,147,0
55,44,0
313,92,0
285,259,0
67,193,0
33,26,1
81,96,0
25,357,0
9,384,0
157,86,1
205,340,1
111,302,0
157,46,0
35,184,0
410,307,1
309844,233,0
308,243,0
358,372,0
170,308,0
184,373,0
78,42,0
115,205,0
231,102,0
266,111,1
417,157,0
259,394,0
328,173,0
384,136,0
33,243,0
312,76,1
124,305,0
242,2,0
71,219,0
371,45,0
42,318,0
364,303,0
48,312,1
33,305,0
1384652,428,0
313,266,0
369,37,0
37,370,0
271,77,0
78,414,0
59,242,1
81,72,1
364,86,0
193,277,2
225,370,0
394,102,0
357,318,0
137,394,0
304,377,0
67,5,0
92,61,1
399,264,0
398,100,0
312,358,0
78,296,0
311,25,0
358,83,0
434,146270,0
117,86,2
1,428,0
369,225,0
61,189,0
200,199,2
46,9,0
243,292,0
203,332,0
304,8,0
206,328,0
199,86,1
124,349,0
313,219,0
193,369,0
207,394,0
287,233,0
67,111,1
219,163,0
95,124,0
1384652,410,0
44,200,0
45,157,0
287,312,0
78,26,0
124,195,0
303,184,0
417,44,0
404,296,0
328,193,0
238,304,0
205,232,0
242,100,0
225,402,0
234,63,0
186,395,0
192,153,0
36,146270,0
86,76,0
172,93,1
372,5,0
296,145,0
203,414,1
44,342,0
78,311,0
313,396,0
230,398,0
60,164,0
340,398,0
431,257,0
96,340,1
369,373,1
191,267,0
188,25,1
399,35,0
30,309844,1
309844,384,0
60,163,0
87,72,0
371,242,0
106,414,0
8,106,1
87,307,1
238,46,0
371,71,0
30,34,2
121,1,1
40,417,0
92,55,0
396,227,0
87,316,0
332,238,0
191,147,0
292,186,0
76,277,0
46,117,1
115,264,0
44,396,0
357,308,0
357,58,0
402,204,0
1,394,1
115,25,2
48,192,0
102,373,0
100,59,0
414,170,0
72,115,2
152,37,0
312,383,2
77,271,0
86,198,0
308,230,1
87,96,0
40,2089740,1
267,287,0
307,83,1
434,296,0
157,257,0
184,2089740,0
364,102,0
192,275,0
242,224,0
205,264,0
188,172,0
414,81,0
206,55,1
380,232,0
434,313,0
395,414,0
58,285,0
17,172,1
26,285,0
231,163,0
40,285,0
136,234,1
206,396,0
225,92,0
146270,72,0
46,242,0
232,35,0
318,48,1
340,372,0
72,396,0
285,143,0
277,207,0
428,106,0
93,402,1
152,87,0
200,313,0
340,316,1
399,312,1
428,292,0
26,186,0
1384652,206,1
296,428,0
50,72,0
45,191,0
102,22,0
95,364,0
36,136,0
243,81,0
61,198,1
95,422,0
121,373,1
383,39,4
233,342,0
410,86,0
153,364,0
111,313,1
5,13,0
71,173,1
390,186,0
380,111,1
292,434,0
124,71,1
60,116,2
243,389,0
67,371,0
25,311,0
238,280,0
8,101,0
246,71,1
72,357,0
280,277,0
434,26,1
349,238,0
17,398,0
123,51,0
422,205,0
50,422,0
203,358,1
170,137,1
238,2,0
198,267,1
399,184,0
5,106,1
92,340,0
350,8,0
55,394,0
363,231,0
199,394,0
303,224,0
1,152,0
78,121,0
246,198,1
372,296,1
58,358,0
46,44,0
63,50,1
147,373,1
219,390,0
121,216,0
316,157,0
200,328,0
308,153,0
267,1,1
145,259,0
318,157,0
60,225,0
95,257,0
404,26,0
394,163,0
95,194,0
122,9,2
1,431,0
303,71,1
101,342,0
246,332,0
131,184,0
292,50,1
422,136,0
364,214,0
389,242,0
5,271,0
384,369,0
305,193,0
1384652,87,0
363,101,0
184,340,0
394,106,0
341,173,0
164,214,0
152,184,0
259,173,0
101,100,1
216,48,1
59,2089740,4
410,61,1
232,214,1
227,163,0
152,136,0
363,72,0
398,51,0
373,267,1
257,308,0
116,377,1
37,189,0
143,59,1
2,307,0
370,121,0
102,49,0
172,198,1
304,193,1
44,257,0
243,147,0
369,40,1
85,193,0
100,32,0
234,349,0
296,308,0
195,72,1
194,302,0
173,106,0
60,341,0
8,146270,0
369,417,0
428,431,0
2089740,363,0
340,77,0
2,37,0
61,383,1
280,192,1
153,316,0
95,106,0
267,87,0
77,370,0
48,395,2
316,203,1
332,372,1
384,50,0
198,296,0
292,225,0
342,271,0
238,76,0
172,100,1
198,146270,0
1384652,389,0
136,225,0
380,42,0
394,40,0
149,172,1
383,431,0
277,204,0
292,332,0
147,230,1
318,358,0
2089740,372,0
287,161,0
76,332,0
35,292,1
164,9,0
307,242,0
49,311,0
195,25,1
312,85,0
428,414,0
81,396,0
340,285,0
122,390,0
1,116,2
37,246,0
316,153,0
395,32,1
115,394,0
214,227,0
102,147,0
257,259,0
25,170,1
34,81,0
307,246,1
422,71,0
200,394,0
51,342,0
332,87,1
377,96,0
124,2089740,0
383,189,0
233,313,0
76,380,0
275,192,0
304,1384652,1
410,225,0
232,414,0
266,86,0
51,399,0
230,328,0
194,34,0
1,30,2
384,259,0
398,17,0
377,87,0
242,311,0
117,204,1
60,39,1
357,267,0
340,312,1
72,370,0
414,302,1
26,304,0
92,8,0
111,51,1
302,292,0
246,414,0
269,81,1
390,71,0
40,422,1
364,234,1
266,242,0
410,207,0
2089740,193,1
316,95,0
116,145,1
431,42,0
157,83,0
275,350,1
123,384,0
363,205,0
145,287,0
5,95,0
159,106,0
373,383,2
46,214,0
363,25,0
137,271,1
2089740,46,1
404,242,0
264,233,0
78,384,0
143,373,1
225,78,0
191,77,0
17,370,0
5,332,1
192,332,1
417,358,0
102,2089740,0
398,350,0
191,32,1
206,192,0
384,340,0
93,61,2
428,316,1
312,149,2
304,238,0
2089740,304,0
37,205,0
111,227,1
5,257,0
377,302,0
77,115,0
308,311,0
231,93,1
42,188,0
259,414,0
313,332,0
230,370,0
271,85,0
292,36,0
51,417,0
81,266,0
92,203,0
30,350,3
422,95,0
399,93,0
136,277,0
267,34,4
188,285,0
318,67,0
364,117,0
313,358,0
224,357,0
285,33,0
35,116,2
1384652,203,1
77,428,0
194,380,0
431,302,0
266,147,0
309844,188,0
316,198,1
186,17,0
93,257,2
131,271,0
116,96,3
402,238,0
143,67,0
37,9,0
188,86,0
342,76,0
39,71,2
1,377,0
116,55,3
349,269,0
67,206,1
358,100,0
60,394,0
225,145,0
143,78,0
92,341,1
394,305,0
146270,51,0
67,191,1
36,216,0
136,369,1
394,309844,0
149,101,1
91,302,1
198,203,1
296,204,0
404,13,0
145,233,0
58,2089740,4
37,172,0
192,402,1
45,206,0
32,304,0
33,48,0
364,37,0
304,25,1
42,309844,0
332,275,0
2,395,0
48,77,0
152,287,0
44,394,0
266,85,0
116,33,0
78,364,0
231,363,0
191,145,0
414,61,0
45,96,0
404,396,0
193,307,2
242,67,0
428,188,0
67,342,0
384,372,0
192,422,0
191,371,0
219,117,0
402,227,1
48,292,2
242,186,0
341,191,0
33,1384652,1
67,402,0
1,225,0
232,266,0
332,395,0
238,91,2
313,414,0
13,257,0
193,101,0
22,163,0
342,163,0
87,259,0
307,173,2
186,72,1
36,404,0
266,157,0
384,42,0
101,22,0
203,311,0
304,389,0
398,9,0
431,131,0
60,46,1
173,194,0
234,101,0
340,292,1
271,39,1
383,51,4
13,357,0
311,417,0
200,340,3
394,100,0
275,234,0
277,40,1
1,36,0
216,194,0
189,51,0
372,200,1
131,224,0
189,5,0
161,34,0
96,72,0
304,216,0
371,121,0
149,304,0
50,91,2
72,13,0
87,269,1
55,207,0
389,163,0
145,369,0
357,383,0
147,121,0
106,377,1
234,149,0
100,308,1
332,198,1
396,292,0
271,410,0
161,137,0
55,404,0
206,32,0
231,349,1
44,404,0
122,231,0
371,172,1
149,313,0
136,124,1
214,266,0
191,285,0
369,164,0
136,238,0
59,357,0
205,157,0
106,234,2
1384652,186,0
275,372,1
227,46,2
198,292,1
58,207,0
402,5,1
198,143,1
93,309844,0
91,384,0
414,242,0
312,371,0
157,227,0
316,312,1
100,48,1
234,264,0
257,172,0
313,233,0
58,312,2
266,192,0
111,303,1
157,92,2
30,60,2
93,312,1
83,49,2
137,91,5
100,417,0
370,173,0
189,309844,0
313,170,0
307,200,4
101,1,1
61,350,0
72,34,2
184,59,0
149,137,1
35,304,0
86,398,0
328,61,0
60,358,0
233,131,2
100,72,0
257,173,0
302,312,0
371,77,0
200,266,1
81,395,0
280,257,0
271,195,0
312,78,0
25,164,0
243,296,0
216,372,0
206,58,2
131,377,0
123,2089740,0
92,86,1
95,216,1
231,184,0
308,87,1
36,188,1
422,117,0
285,303,0
173,93,1
143,45,0
83,341,0
63,46,1
304,116,0
206,246,1
36,17,1
100,1,1
434,163,0
373,340,2
48,60,4
205,76,1
159,2,0
395,231,0
308,157,0
383,55,2
414,71,0
431,1,0
431,434,0
101,384,0
302,431,0
259,328,0
204,163,0
328,203,0
49,341,0
364,32,0
164,394,0
78,207,0
117,275,0
45,46,0
153,137,0
55,204,0
316,269,0
206,371,1
369,71,1
227,372,0
96,309844,0
380,308,0
33,313,0
63,159,0
106,102,1
2,312,0
377,194,1
117,81,1
311,193,0
364,85,0
161,259,0
8,350,0
342,230,0
428,51,0
102,285,0
292,51,1
46,219,0
227,92,0
390,136,0
35,312,1
275,102,0
398,396,0
49,26,2
59,58,3
358,364,0
309844,58,0
380,35,0
434,71,0
131,246,1
224,304,0
199,17,3
67,188,0
93,242,0
191,95,0
22,157,0
349,296,0
48,39,2
305,42,1
131,102,0
77,383,0
275,302,0
55,410,0
296,61,0
242,267,0
146270,121,0
184,383,0
195,404,0
93,17,1
431,349,0
9,34,1
311,198,0
357,277,0
131,45,0
77,5,0
111,417,0
147,305,0
184,216,0
95,332,0
417,145,0
214,95,0
313,269,0
194,364,0
214,198,0
396,267,0
77,207,0
13,1384652,0
350,36,0
115,35,0
199,332,0
370,342,1
100,77,0
307,377,2
428,364,0
384,349,0
309844,349,0
192,184,0
357,192,0
350,399,0
308,422,0
159,157,0
285,307,0
67,377,0
292,377,0
8,396,0
243,318,0
45,383,0
13,95,0
111,275,1
26,32,0
267,394,0
364,259,0
224,364,0
342,417,0
117,170,1
308,161,0
234,117,1
161,36,0
303,100,1
205,231,1
30,195,0
152,246,0
428,349,0
422,17,0
350,287,0
307,195,0
206,233,1
147,371,0
216,399,0
59,318,0
307,122,2
147,137,0
266,203,1
86,305,1
206,186,1
163,422,0
13,417,0
246,25,0
396,170,0
153,194,0
242,1384652,0
55,25,2
328,46,1
22,264,0
203,305,0
257,35,0
232,17,0
371,246,0
358,200,0
149,22,0
404,318,0
32,349,0
304,2089740,0
214,149,0
147,48,0
146270,304,0
395,145,0
102,191,0
308,302,0
318,350,0
60,234,0
72,184,0
369,313,0
225,59,1
13,233,1
152,303,0
86,372,0
219,434,0
93,219,0
159,35,0
358,189,0
147,390,0
369,83,1
60,188,0
121,198,1
2089740,117,2
55,308,1
106,116,0
81,48,0
17,311,0
399,117,0
304,214,0
328,145,0
192,205,0
61,219,0
307,22,0
58,377,2
2,246,0
5,280,0
95,39,0
431,246,0
342,36,0
369,136,1
63,357,0
259,25,0
172,309844,0
341,61,0
124,230,0
136,364,0
296,32,0
349,2,0
417,153,0
370,216,0
92,124,0
2,417,0
287,383,0
5,87,1
35,207,0
2089740,277,0
76,92,0
234,92,1
350,106,1
370,198,0
33,61,1
13,22,0
431,238,0
188,389,0
106,296,0
1,312,1
350,372,1
267,63,0
161,396,0
271,146270,0
2,121,0
39,230,1
186,230,0
96,123,0
316,173,1
2,106,0
81,383,0
267,92,1
363,370,0
328,51,1
60,83,2
143,2,0
153,49,1
398,61,0
188,2,0
157,2089740,1
106,164,0
131,36,0
303,45,0
371,204,1
145,398,0
136,39,2
145,308,0
395,370,0
55,396,0
224,145,0
292,100,1
63,5,0
121,137,1
349,271,0
370,39,0
305,311,0
149,91,1
72,350,1
42,414,0
22,149,0
63,371,0
193,232,0
431,164,0
101,163,0
224,60,0
50,8,0
26,350,1
9,2089740,0
115,225,0
170,238,0
204,305,1
192,93,2
398,116,0
431,123,0
78,85,1
1,76,1
172,87,0
431,146270,0
131,372,0
198,172,1
111,203,2
124,246,0
91,394,1
390,37,0
9,122,2
101,45,0
292,389,0
48,61,0
364,373,0
59,234,0
402,384,0
61,389,0
71,195,0
404,384,0
95,35,2
434,269,0
316,200,2
106,285,0
26,115,0
194,39,1
292,111,1
51,304,2
275,76,0
266,2089740,0
50,35,1
164,371,0
40,78,1
55,395,0
48,410,0
311,313,0
25,91,6
364,313,0
1384652,364,0
95,232,0
67,410,0
377,404,0
363,137,0
72,373,0
414,384,0
307,267,2
13,311,0
67,216,0
45,269,0
170,173,0
349,318,0
184,328,0
1384652,243,0
116,380,0
161,26,0
32,434,0
42,81,0
313,341,0
39,296,0
122,233,0
389,184,0
275,152,0
394,45,0
124,303,0
350,377,0
205,173,2
95,170,0
434,390,0
36,37,0
398,214,0
216,77,1
266,59,0
313,275,2
48,124,0
398,308,0
266,318,0
149,257,0
377,60,0
390,157,0
318,117,0
233,121,1
172,81,0
287,58,1
159,275,0
173,369,1
9,145,0
106,216,1
380,227,0
33,67,0
269,78,0
234,71,1
303,238,0
45,100,0
402,137,1
122,30,2
35,257,0
83,189,0
146270,2089740,0
186,246,0
173,313,1
153,36,0
153,277,0
234,266,0
309844,143,0
358,219,0
205,307,1
271,111,0
30,164,0
60,264,0
233,304,0
383,17,1
1,85,1
219,275,0
49,349,1
39,198,1
342,373,0
303,58,1
111,55,3
271,35,0
395,364,0
100,78,0
342,95,0
399,188,0
232,231,0
206,161,0
193,296,0
292,131,1
350,328,0
34,402,2
1,115,0
328,85,0
194,115,1
225,106,2
45,243,0
55,49,3
146270,302,0
59,122,1
13,259,0
44,246,0
37,242,0
91,92,2
170,313,0
115,414,0
219,45,0
111,207,0
275,123,0
184,311,0
102,101,0
63,399,0
173,398,0
370,267,0
121,87,0
2089740,45,0
67,60,0
224,216,0
233,287,0
170,227,0
1,143,1
161,277,0
242,8,0
275,369,0
277,369,0
95,198,0
100,116,1
431,233,0
42,192,1
431,357,0
264,36,0
394,85,0
395,48,2
259,83,0
357,394,0
13,308,0
42,193,1
287,39,0
203,205,1
371,93,0
225,48,0
5,243,0
147,316,0
59,95,0
170,257,0
145,30,0
271,13,0
369,72,0
238,63,0
76,164,0
304,145,1
231,116,1
163,192,0
26,399,0
58,26,4
357,1384652,0
350,33,1
232,277,0
106,357,0
101,173,1
203,214,0
106,428,0
25,232,0
233,404,0
173,146270,0
33,106,2
45,189,0
153,117,0
1384652,45,0
136,243,1
396,2089740,0
137,106,1
2089740,373,0
2089740,316,1
49,230,0
216,206,0
77,42,0
303,13,1
136,13,2
116,195,1
173,410,0
36,106,0
357,55,0
230,188,1
206,194,1
60,40,3
186,188,0
309844,224,0
232,32,1
311,370,0
93,264,0
188,194,1
342,395,0
313,145,0
77,280,0
152,292,0
100,206,1
431,205,0
159,83,0
26,2,0
264,194,0
332,145,0
83,76,1
85,188,0
371,46,0
55,371,0
207,341,0
275,313,2
35,131,1
216,402,0
259,137,0
304,22,0
195,37,0
238,242,0
225,341,0
101,227,1
342,117,0
230,2,0
30,149,2
48,230,1
121,277,0
59,100,0
9,85,0
61,37,1
137,37,1
373,72,0
410,49,0
42,307,0
173,377,0
163,145,0
394,410,0
280,186,0
96,63,0
216,96,0
313,216,0
189,32,0
124,267,0
157,22,0
72,422,0
292,49,1
342,194,0
238,51,0
157,77,0
76,191,0
149,204,0
83,434,0
203,307,2
45,85,0
131,22,0
116,192,2
191,193,0
55,1384652,2
124,48,0
147,91,3
131,124,0
39,227,1
131,115,0
390,76,0
417,122,0
157,60,0
83,145,0
145,318,0
199,363,0
238,207,1
214,123,0
224,225,0
227,17,1
145,33,0
194,398,0
194,22,0
92,383,0
186,117,1
311,224,0
363,32,0
143,147,0
242,340,0
304,357,0
231,396,0
13,173,0
340,307,2
434,131,0
395,199,0
206,417,0
383,93,2
85,312,0
205,102,1
308,194,1
78,313,0
173,309844,0
67,434,0
434,1384652,0
242,234,0
42,316,0
87,369,1
264,377,0
124,311,0
30,269,1
428,233,0
271,234,1
373,304,1
111,280,1
32,285,0
86,342,0
230,122,1
205,67,0
342,390,0
48,50,1
357,231,0
30,42,0
394,51,0
124,123,0
44,37,0
123,116,0
72,234,2
85,373,0
373,173,1
328,292,1
304,39,0
51,147,1
363,271,0
296,149,1
48,8,0
87,22,0
316,55,1
332,370,0
350,404,0
85,219,0
117,302,0
275,287,0
39,380,1
198,121,1
152,58,0
231,101,1
39,78,0
305,384,0
269,395,1
199,192,0
13,87,0
205,242,0
402,232,0
328,417,0
149,303,1
45,431,0
349,264,0
396,163,0
186,146270,0
100,123,0
122,115,1
115,357,0
44,296,0
117,44,0
173,199,1
194,51,0
205,234,0
61,1,0
49,161,0
349,404,0
136,83,2
227,431,0
194,214,0
390,63,0
232,431,0
269,163,0
377,8,0
316,404,0
188,309844,0
115,380,1
83,131,1
410,2,0
146270,242,0
136,340,1
131,1384652,1
143,1384652,1
161,373,0
106,86,0
311,55,0
233,285,0
161,307,0
230,277,0
193,147,1
402,371,0
143,363,0
414,93,0
266,296,0
32,267,0
58,42,0
58,371,1
316,5,1
13,395,0
164,219,0
30,227,1
199,33,0
122,184,0
303,266,1
152,296,0
63,232,0
332,34,1
266,280,0
51,227,3
2,316,0
216,111,0
146270,267,0
246,271,0
264,131,1
238,36,0
316,161,0
50,58,3
30,100,1
214,296,0
152,369,0
287,242,0
87,172,0
13,304,0
30,257,0
58,313,1
259,431,0
159,292,0
59,1,0
203,193,1
93,81,1
309844,342,0
152,2,0
370,269,0
280,117,0
36,275,0
26,267,1
207,36,0
159,204,0
5,402,1
8,399,0
410,309844,0
194,46,0
357,50,0
238,44,0
431,157,1
266,49,1
216,30,2
377,63,0
292,153,0
233,173,1
342,137,0
246,402,1
275,164,0
422,384,0
35,67,0
285,123,0
100,373,1
369,341,0
39,44,0
9,312,0
369,199,1
72,86,1
172,308,1
311,214,0
40,63,1
117,399,0
243,67,0
371,96,0
414,192,0
13,264,0
417,63,0
49,9,0
358,234,1
373,136,1
164,308,0
227,39,1
147,44,0
157,198,1
106,396,0
32,266,0
42,231,0
266,71,1
364,34,0
238,394,0
214,116,1
369,257,0
206,93,1
204,193,0
390,234,0
59,172,0
25,71,1
230,33,1
349,390,0
428,398,0
59,61,3
398,117,0
72,44,0
33,189,0
26,172,1
243,422,0
204,383,1
394,93,0
91,189,0
17,417,0
116,2089740,2
373,370,0
207,313,0
13,67,1
48,164,0
302,199,1
1,203,1
76,204,0
205,417,0
194,8,0
153,233,0
26,45,0
224,35,0
186,172,0
316,328,0
396,216,0
191,296,0
328,285,0
195,267,1
72,67,0
61,307,2
214,242,0
58,77,1
257,219,0
2,207,0
164,398,0
188,101,1
332,32,0
46,2089740,1
45,340,0
383,384,1
36,225,0
205,422,0
61,50,2
131,231,1
342,267,0
26,8,0
232,92,0
195,152,0
34,92,0
72,243,1
377,85,0
269,225,1
46,198,1
399,48,0
398,394,0
147,131,0
225,63,0
269,357,0
152,193,0
232,164,0
257,163,0
224,2089740,0
106,22,0
422,275,0
395,224,0
163,44,0
2089740,404,0
101,9,0
232,42,0
8,296,0
72,303,0
60,292,1
230,204,1
243,404,0
307,67,0
316,163,0
131,8,0
124,51,0
49,369,1
59,106,3
417,206,0
102,1,0
86,121,0
76,422,0
48,372,0
50,233,1
308,189,0
50,384,0
60,372,0
93,357,0
311,143,0
34,49,1
277,2,0
48,227,2
399,232,0
371,63,0
92,48,1
396,340,0
45,192,0
307,159,0
63,199,0
238,26,0
35,124,0
311,189,0
159,173,0
308,402,1
13,60,0
280,63,0
186,363,0
147,51,1
92,36,1
102,77,0
93,232,0
394,111,0
227,161,0
200,123,0
193,224,0
8,81,0
131,76,1
390,145,0
161,5,0
398,316,1
95,396,0
2089740,13,1
51,161,0
117,100,0
266,434,0
146270,234,0
44,5,0
275,149,0
35,26,3
341,117,0
267,227,2
111,33,1
434,259,0
22,364,0
67,152,0
40,193,2
39,332,1
193,46,0
316,45,0
26,17,2
193,136,0
2,373,0
277,363,0
9,205,0
86,410,0
214,44,0
225,198,0
275,206,0
341,372,0
2089740,203,0
61,205,0
242,277,0
34,184,0
316,50,1
50,428,0
198,1384652,1
194,2,1
316,230,0
417,124,0
111,76,1
341,364,0
309844,147,0
63,55,1
157,358,1
101,86,0
184,170,0
111,195,1
13,191,0
305,60,1
233,55,1
122,395,0
100,159,0
431,37,0
159,434,0
205,91,1
117,370,0
198,101,1
157,380,1
172,395,0
373,402,1
259,216,0
230,59,2
285,205,0
146270,93,0
231,149,1
40,431,0
40,34,4
243,332,0
184,100,0
328,67,0
243,25,0
318,92,1
238,390,0
280,131,0
184,152,0
259,59,0
198,188,0
92,264,0
32,206,0
122,370,0
1,106,0
214,312,0
242,91,2
186,78,0
143,287,0
123,195,0
46,224,0
311,13,0
316,266,1
164,200,0
30,152,0
106,264,1
199,193,1
35,33,0
78,131,0
13,76,0
45,390,0
71,147,0
50,92,1
307,35,3
204,372,0
115,33,0
238,5,0
91,60,3
30,25,0
86,350,0
269,61,3
308,371,0
143,234,0
227,1,2
58,76,1
313,93,0
230,302,0
404,394,0
50,341,0
191,232,1
45,428,0
34,111,3
269,106,3
36,131,0
394,369,0
271,308,0
72,173,1
8,328,0
192,116,2
153,303,0
192,383,1
308,246,1
389,159,0
117,414,0
349,92,0
157,115,0
396,22,0
116,311,0
402,173,1
45,102,0
92,13,0
305,192,1
117,147,0
341,51,0
243,434,0
46,189,0
61,271,0
307,302,1
30,161,0
206,402,1
285,48,0
313,83,0
266,163,0
1384652,117,2
116,275,0
184,349,0
1384652,159,0
163,307,0
78,277,0
204,203,0
242,384,0
292,188,0
296,243,0
48,402,1
85,60,0
2,1384652,0
422,5,0
152,398,0
389,230,0
233,123,0
34,44,0
123,49,0
34,371,1
410,157,0
377,313,0
86,192,1
96,414,0
163,372,0
117,95,2
203,60,1
269,193,1
59,389,1
369,350,1
85,205,0
9,1384652,0
25,219,1
370,25,0
124,280,0
308,358,1
431,26,0
410,39,1
309844,146270,0
26,161,0
371,342,0
372,203,0
234,17,1
275,205,1
383,266,1
49,42,0
303,341,0
370,115,0
246,377,0
39,357,0
340,404,0
370,146270,0
384,67,0
188,5,0
40,194,0
318,205,0
152,370,0
234,136,1
216,395,0
271,233,0
390,60,0
95,146270,1
45,51,0
143,37,0
305,115,0
357,101,1
280,159,0
63,48,0
194,232,0
414,224,0
1,25,2
259,46,0
389,102,0
313,8,0
2,67,0
389,390,0
45,231,1
350,296,0
117,198,0
266,45,0
370,116,0
243,309844,0
26,340,2
318,332,0
83,2089740,3
146270,2,0
230,402,0
2089740,308,0
238,100,0
147,96,0
63,60,0
153,271,0
1,328,0
311,33,0
266,61,0
292,25,0
318,122,1
77,8,0
164,44,0
60,369,1
396,195,0
61,308,0
402,117,1
349,5,1
42,332,0
219,227,1
13,184,0
172,328,0
231,414,0
242,55,0
328,33,0
184,124,0
199,231,1
111,377,0
216,232,0
207,307,0
111,192,2
206,25,0
61,232,0
91,372,3
159,231,0
389,42,0
200,87,1
9,369,0
95,357,0
32,384,0
36,233,0
192,111,2
157,152,1
259,307,0
34,246,1
398,230,0
36,402,0
243,172,0
78,242,0
102,414,0
313,434,0
146270,61,0
384,277,0
184,39,0
100,275,0
417,78,0
33,96,0
146270,124,0
422,232,0
234,36,0
26,72,2
93,369,1
67,2089740,0
44,123,0
207,91,0
173,264,1
93,195,1
170,302,0
117,143,0
45,137,0
370,102,0
49,152,0
92,224,0
1384652,200,3
399,364,0
137,431,0
95,389,0
46,48,2
78,395,0
1384652,32,0
305,216,0
116,349,1
149,225,0
271,95,0
124,371,0
95,302,0
199,232,0
161,121,0
302,189,0
39,199,2
147,216,1
214,233,0
216,193,1
358,303,0
59,417,0
5,34,1
350,81,0
396,188,0
117,259,0
377,40,1
383,195,1
117,402,1
55,83,2
77,33,0
83,60,2
192,58,2
342,116,0
164,85,0
170,342,0
205,1,1
91,342,0
194,280,0
396,205,0
67,116,0
2,350,0
280,8,0
198,309844,1
36,318,0
216,214,0
280,32,0
83,143,1
25,2,0
17,216,2
232,186,0
124,316,0
384,116,0
311,83,0
380,63,0
396,186,0
340,358,0
404,153,0
390,25,0
87,296,0
191,100,0
305,100,0
30,26,3
384,46,0
305,227,0
188,60,0
271,91,1
123,39,0
225,100,0
48,194,2
285,46,0
13,51,0
231,71,1
304,72,0
8,46,1
95,37,0
51,115,1
399,341,0
349,87,0
350,35,2
101,224,0
342,92,0
205,199,1
380,2089740,2
25,13,0
227,230,0
340,231,1
233,267,1
164,267,0
428,234,0
318,216,0
173,234,0
186,191,0
136,26,2
152,380,0
63,264,0
191,85,0
1,173,1
34,214,0
371,124,0
370,13,0
259,371,0
35,63,0
101,37,0
186,205,0
292,59,0
340,34,2
145,316,0
389,33,0
316,106,0
232,34,1
149,117,2
243,96,0
341,35,0
372,380,0
50,309844,0
71,192,0
61,390,0
277,350,0
271,60,0
292,143,2
102,257,0
137,77,0
1384652,311,0
399,2,0
72,163,0
267,341,0
72,42,1
304,200,1
76,184,0
9,60,1
77,83,1
230,55,1
316,242,0
50,161,1
341,206,0
380,349,0
63,389,0
51,137,2
305,198,0
85,287,0
269,234,1
32,153,0
106,85,2
389,309844,0
199,349,1
191,414,0
72,1,1
92,40,1
302,13,0
92,106,1
86,277,0
157,231,0
372,2,0
92,434,0
115,39,1
72,305,1
410,371,0
238,349,0
342,296,0
93,37,0
369,232,0
225,45,1
152,83,0
292,159,0
372,377,0
230,238,0
389,277,0
195,312,0
123,1,0
205,77,0
238,131,0
404,67,0
369,219,0
383,83,2
48,170,0
67,96,0
164,259,0
50,307,1
192,434,1
40,434,1
414,363,0
434,122,0
85,309844,1
101,428,0
173,76,1
87,318,0
224,342,0
60,172,1
76,305,0
231,60,1
242,219,0
189,383,0
207,206,1
34,60,2
91,124,1
122,136,0
146270,159,0
143,414,0
86,101,0
172,398,0
2,100,0
115,232,0
287,328,0
307,224,0
61,188,1
214,285,0
86,102,0
264,143,0
2,308,0
384,45,0
2,42,0
122,219,0
287,399,0
434,8,0
434,36,0
328,101,0
67,269,0
92,157,2
243,93,0
172,170,0
157,296,0
214,92,1
357,83,0
227,204,0
9,35,0
410,60,0
123,357,0
17,394,0
316,42,0
72,349,0
61,417,0
373,60,1
72,32,1
242,191,0
93,63,0
189,85,0
36,124,0
207,303,0
26,96,1
72,17,1
399,60,0
305,86,1
124,163,1
164,232,0
328,195,1
373,364,0
257,266,0
2089740,61,3
172,63,0
363,394,0
67,136,0
402,377,0
157,137,1
383,173,1
363,51,0
39,328,0
316,224,0
33,203,0
161,271,0
287,78,0
242,136,1
195,373,0
32,92,0
332,277,0
225,232,0
71,184,0
198,42,0
214,106,1
428,61,0
159,373,0
1384652,2,0
37,40,0
122,172,0
39,219,0
373,145,1
311,30,0
96,246,1
163,122,0
207,39,0
87,243,0
305,173,0
34,340,2
341,266,0
136,85,1
96,371,0
164,195,0
394,122,1
264,328,0
37,45,0
305,371,0
60,350,1
172,95,0
414,312,0
370,161,0
313,34,2
311,2,0
25,77,0
395,266,0
161,1,0
170,434,0
414,219,0
404,364,0
205,184,0
264,1,0
83,264,0
61,233,0
145,192,0
186,404,0
271,194,1
390,87,0
305,316,0
350,77,1
402,170,0
152,111,0
372,26,0
313,76,0
58,395,0
332,206,0
214,372,0
389,296,0
308,32,1
173,280,0
26,404,0
87,123,0
25,340,0
1384652,219,0
25,55,2
189,157,0
63,227,0
380,149,0
277,296,1
303,1384652,2
269,58,2
224,195,0
33,328,0
369,398,0
106,204,2
303,431,0
373,232,1
136,384,0
264,2089740,0
1384652,58,2
36,72,0
34,173,2
280,25,1
431,341,1
350,431,0
116,257,2
55,63,1
350,264,1
173,271,0
398,145,0
102,163,0
147,399,0
394,34,0
36,48,0
266,33,0
121,242,0
111,264,1
143,116,1
266,1384652,1
2089740,422,0
431,102,0
61,55,1
147,341,0
350,398,0
340,170,0
287,40,0
30,61,3
242,86,0
332,309844,1
35,30,2
123,304,0
22,8,1
76,96,1
93,192,2
173,371,0
186,170,1
13,30,0
259,224,0
364,193,0
78,312,0
5,383,2
341,55,0
30,358,0
191,36,0
136,246,1
271,131,0
186,275,0
145,363,0
195,428,0
377,152,0
115,1384652,0
390,292,0
303,370,0
71,417,0
13,116,2
67,271,0
161,136,1
227,287,0
316,184,0
422,143,0
40,35,4
383,131,2
92,193,1
71,216,0
85,13,1
199,417,0
242,161,0
203,13,0
34,350,2
184,431,0
195,93,1
350,17,2
48,115,1
422,111,0
302,63,0
206,303,1
312,275,0
340,81,0
373,143,1
280,35,0
428,350,0
275,303,0
309844,275,0
91,395,2
434,58,0
149,44,0
206,117,1
396,85,0
259,389,0
428,170,0
93,146270,0
350,311,0
122,59,1
422,60,0
59,193,0
394,380,0
380,164,0
146270,122,1
136,313,0
72,414,0
264,195,0
55,123,0
280,364,0
313,264,1
13,85,1
1384652,404,0
146270,434,0
48,200,1
363,230,0
305,145,0
8,277,0
349,305,0
242,198,1
309844,96,0
363,285,0
410,192,1
111,67,1
414,371,0
192,26,2
402,340,1
233,192,1
184,136,0
199,39,2
123,390,0
186,131,0
60,417,0
111,271,0
389,45,0
51,242,0
394,390,0
308,384,0
404,206,0
81,292,0
91,318,0
267,163,0
35,280,0
172,307,2
33,233,0
33,285,0
358,146270,0
328,364,0
302,124,0
17,357,0
36,2,0
312,2089740,0
55,233,1
1384652,124,0
51,369,1
50,417,0
350,188,0
96,60,1
195,111,1
369,76,1
78,305,0
216,9,1
296,186,0
117,77,0
312,1384652,1
384,389,0
203,116,1
264,363,0
146270,117,0
184,422,0
267,389,1
277,188,0
304,199,0
302,380,0
32,431,0
145,340,1
17,303,1
33,200,0
364,101,0
191,198,0
67,396,0
396,234,0
67,63,0
85,389,0
115,111,1
231,267,1
117,357,0
188,328,0
39,106,0
307,13,2
318,173,0
207,305,0
50,389,0
2,414,0
51,390,0
37,267,0
377,434,1
63,404,0
102,357,0
17,328,0
275,30,2
44,137,0
37,63,0
121,207,0
86,308,0
22,72,1
341,193,0
1384652,49,1
224,137,0
173,307,2
30,86,0
50,96,1
189,206,0
121,431,0
434,396,1
395,259,0
26,51,2
303,357,0
231,186,0
101,243,0
61,234,0
92,227,0
39,124,0
207,205,0
233,26,1
72,369,0
46,123,0
157,30,1
372,131,0
172,145,0
45,32,0
292,304,0
55,246,1
78,195,0
123,146270,1
100,389,0
431,234,0
395,341,0
404,410,0
243,257,0
163,34,0
402,380,0
390,206,0
92,204,1
186,350,0
157,184,0
59,1384652,0
231,287,0
191,123,0
414,86,0
309844,100,0
340,101,2
389,219,0
302,32,0
316,232,0
371,232,1
402,164,0
219,51,1
313,72,1
414,296,0
91,48,3
93,1,1
26,216,0
398,30,0
71,233,1
157,96,0
172,369,1
434,285,0
37,61,1
287,428,0
370,81,0
277,205,0
91,136,9
389,370,0
55,116,3
204,363,0
417,152,0
81,136,2
193,199,1
292,117,2
364,111,0
384,371,0
96,163,0
232,402,0
242,117,0
267,246,1
173,25,0
117,206,1
83,63,1
33,377,0
204,267,0
1,186,0
204,287,0
214,111,1
285,200,0
60,186,0
58,389,0
63,287,0
312,316,1
1,303,1
203,83,1
149,242,0
91,50,2
26,232,0
372,86,0
389,157,0
46,100,1
370,36,1
373,308,1
232,313,0
257,76,0
100,309844,0
275,33,1
42,431,0
370,189,0
271,340,1
287,402,0
428,5,0
93,225,0
61,5,1
17,231,1
40,302,0
102,349,0
275,292,0
81,95,0
45,404,0
204,233,0
198,63,0
199,71,2
364,39,0
13,246,0
227,271,0
318,59,0
122,101,1
285,36,0
86,61,2
189,33,0
115,91,1
203,121,1
369,287,0
311,96,0
102,394,0
349,304,0
33,312,1
198,35,1
157,72,0
199,36,1
207,173,0
115,287,0
224,271,0
5,26,1
383,145,1
60,37,0
59,363,0
1384652,157,1
305,58,0
200,102,0
170,60,0
85,399,0
216,149,0
246,50,1
117,428,0
225,227,0
312,384,0
302,332,0
17,92,1
172,173,1
267,194,1
232,257,0
76,199,1
173,45,1
230,371,0
233,124,0
373,189,0
195,163,0
170,399,0
313,146270,0
259,123,0
32,269,0
243,8,0
395,434,0
45,34,1
394,383,1
350,259,0
45,399,0
71,246,1
380,157,1
214,58,1
267,309844,0
37,22,0
243,230,0
373,93,1
2,34,0
25,364,0
216,93,0
26,266,1
364,2,0
77,227,0
296,86,0
85,172,0
287,102,0
414,259,0
146270,227,0
232,1,0
34,227,2
22,9,0
363,153,0
332,357,0
143,369,1
71,434,0
305,87,0
164,32,0
36,50,1
39,206,2
93,121,1
77,58,1
275,227,0
184,32,0
33,370,0
106,76,0
434,287,0
373,46,1
164,358,0
33,303,0
1384652,431,0
26,205,1
101,292,1
67,364,0
159,59,0
277,328,0
342,2,0
92,198,0
117,318,0
184,106,0
232,398,0
364,341,0
292,394,0
216,26,0
394,25,1
206,216,0
34,143,1
349,1384652,1
371,264,1
398,358,0
316,227,1
371,137,0
184,46,0
198,193,0
42,264,0
9,58,1
45,123,0
146270,205,0
59,328,0
102,275,0
396,76,0
205,332,0
275,384,0
22,13,0
93,230,2
101,5,1
157,136,0
76,159,0
350,214,0
340,377,1
184,45,0
136,341,0
357,131,0
369,207,0
363,309844,0
259,428,0
55,76,1
328,92,0
277,17,1
95,275,0
414,35,0
145,396,0
81,152,0
204,205,0
116,312,1
42,227,0
404,61,0
45,121,0
203,377,0
269,257,1
417,163,0
383,302,0
58,304,1
76,48,1
8,123,0
161,32,0
292,233,1
275,364,0
267,234,0
311,292,0
170,243,0
313,48,0
147,242,0
243,51,0
8,302,0
394,200,0
40,398,0
93,96,1
131,191,0
63,67,0
219,85,0
34,230,1
350,123,0
219,122,0
17,143,1
204,117,1
383,280,0
117,48,2
8,124,0
173,30,2
85,164,0
33,143,0
428,296,0
206,157,0
307,186,0
136,153,2
164,369,0
164,207,0
342,87,0
349,100,1
1384652,188,0
153,164,0
37,422,0
219,32,0
200,101,2
121,225,0
364,198,0
164,390,0
191,396,0
63,131,0
42,184,0
214,50,0
61,96,0
32,342,0
117,173,0
173,341,0
219,93,0
377,206,0
59,30,1
111,147,0
102,33,0
58,2,1
296,58,0
85,55,1
92,230,0
50,193,1
116,67,0
111,157,1
341,431,1
33,37,0
398,431,0
410,30,0
372,227,0
414,101,0
434,95,0
42,72,1
60,216,1
195,100,0
219,358,0
234,363,0
431,116,0
115,340,0
39,30,1
309844,193,0
231,2089740,0
76,304,0
296,309844,0
39,207,0
2089740,44,0
302,246,0
205,48,1
357,264,0
349,302,0
417,106,0
417,93,0
77,231,0
55,224,0
404,383,1
246,357,0
316,264,0
96,312,1
164,61,0
216,271,0
153,71,0
370,85,0
9,422,0
402,102,0
399,243,0
364,357,0
55,377,0
422,191,0
46,96,1
246,384,0
71,243,1
264,170,0
195,318,0
9,410,0
147,396,0
287,61,0
145,404,0
341,2,0
17,72,1
396,398,0
49,116,1
271,422,0
173,131,1
106,395,0
35,303,2
275,363,0
136,117,2
60,76,1
95,191,0
95,398,0
30,39,1
371,384,0
340,123,0
340,115,0
193,384,0
243,189,0
137,34,2
121,60,1
431,394,0
410,312,0
124,153,0
242,164,0
117,410,1
157,91,3
242,9,0
26,102,0
404,71,0
184,203,0
32,404,0
60,149,1
316,396,0
189,377,0
233,145,0
101,271,0
332,26,1
349,186,0
83,22,0
124,8,0
87,122,1
8,384,0
149,431,0
199,45,0
1384652,146270,0
377,230,0
414,369,0
242,193,0
42,225,0
198,395,0
34,194,0
219,58,2
269,340,0
257,1,0
1384652,35,1
152,395,0
49,189,0
2089740,122,2
232,78,0
259,145,0
188,305,0
312,206,1
63,395,0
257,145,1
44,373,0
312,285,0
101,123,0
36,410,0
369,22,0
341,149,0
198,225,0
92,77,0
358,243,0
39,372,0
287,371,0
277,232,0
214,152,0
230,431,0
123,5,0
410,145,0
50,143,1
377,216,0
275,122,0
316,271,0
396,238,0
123,117,0
204,266,0
149,277,1
60,204,2
44,232,0
377,61,0
410,357,0
402,417,0
50,81,0
302,159,0
399,189,0
39,25,2
48,161,0
147,198,0
205,146270,0
384,115,0
383,152,0
40,318,0
9,93,0
383,243,0
389,417,0
312,414,0
259,124,0
204,303,1
313,51,0
285,292,0
2,93,0
81,394,0
131,34,2
396,153,0
2,243,1
372,390,0
186,390,0
287,153,0
342,78,0
332,161,0
394,414,0
214,369,0
390,370,0
302,87,0
71,410,0
399,414,0
234,91,5
106,350,1
189,173,0
1384652,207,0
172,92,0
194,242,0
277,216,0
59,259,0
308,37,0
230,242,2
34,414,0
214,2089740,0
153,377,0
311,230,0
304,67,0
309844,277,0
246,17,1
37,402,0
332,93,0
116,271,0
157,414,0
224,9,0
46,357,0
194,50,0
246,152,0
78,96,0
49,136,2
308,85,0
232,225,0
72,227,1
101,121,1
303,313,0
410,399,0
267,431,0
216,8,0
40,173,1
342,308,0
340,22,0
25,101,0
1384652,417,0
45,230,0
371,372,0
131,266,1
26,85,0
115,131,0
153,304,0
257,30,0
83,372,0
81,39,0
8,224,0
307,46,1
5,205,1
143,207,0
434,49,0
371,377,0
76,100,1
316,280,0
2089740,8,1
399,121,0
170,106,2
26,146270,0
96,357,0
163,364,0
100,1384652,1
189,1,0
257,87,0
398,49,0
123,417,0
85,340,0
277,26,1
296,72,0
207,198,0
39,398,0
81,78,0
203,404,0
204,309844,0
163,37,0
198,307,1
131,277,0
396,312,0
302,307,1
205,85,0
311,203,0
50,36,1
40,271,0
122,100,0
25,243,0
399,30,0
395,101,0
1,271,0
17,8,0
234,304,1
219,428,0
146270,195,0
214,216,0
341,287,0
198,318,0
296,173,0
59,304,1
101,399,0
225,428,0
349,72,0
9,143,0
45,358,0
193,50,1
280,340,0
2,380,0
231,275,1
219,146270,0
414,292,0
46,186,0
173,383,1
55,373,2
136,287,0
203,1384652,1
106,122,3
384,161,0
152,389,0
243,340,0
277,342,0
257,384,0
199,246,1
40,389,0
117,280,0
48,377,1
36,328,0
44,92,0
390,266,0
431,200,0
369,153,0
224,184,0
72,83,1
377,1,0
161,96,0
163,71,1
136,370,0
214,61,0
389,8,0
145,78,0
363,161,0
115,275,0
8,184,0
428,417,0
311,318,0
71,67,0
396,373,0
85,87,1
131,40,2
230,58,2
122,13,0
384,81,0
78,40,1
399,50,0
414,51,0
277,349,0
123,259,0
33,350,1
40,214,1
1384652,396,0
390,372,0
266,428,0
102,371,0
404,192,0
44,303,0
58,111,4
369,414,0
370,96,0
230,1384652,1
342,44,0
78,417,0
2089740,198,1
304,395,0
100,219,0
37,51,1
363,204,0
35,313,0
410,121,0
257,373,0
214,59,0
163,280,0
372,49,0
373,316,1
207,96,0
101,189,0
152,234,0
115,309844,0
395,214,0
152,216,0
195,194,0
269,48,2
372,198,0
396,95,0
48,32,1
364,170,0
100,203,1
318,264,0
71,308,1
55,219,0
233,308,2
48,22,0
83,146270,0
86,2,0
189,266,0
377,145,0
35,380,0
207,59,0
285,22,0
30,204,0
149,373,1
49,71,1
92,259,0
32,296,0
307,17,2
313,271,0
305,194,0
307,313,1
170,305,0
275,216,0
86,242,0
83,163,0
164,60,0
117,271,0
106,316,0
145,296,0
285,172,0
377,246,0
303,60,1
26,238,0
194,307,1
342,55,0
259,257,0
383,373,2
17,13,2
305,102,0
42,422,0
117,152,1
238,302,0
384,219,0
35,44,0
204,311,0
25,242,0
302,85,0
234,26,0
34,380,1
121,17,1
146270,414,0
159,1384652,0
36,428,0
51,116,2
198,233,1
341,231,0
13,149,0
186,389,0
93,370,0
280,303,0
243,342,0
9,161,0
277,305,0
122,203,1
205,152,0
238,2089740,0
302,195,0
170,303,0
296,227,0
422,86,0
349,121,1
59,51,3
296,224,0
86,396,0
123,50,0
164,313,0
269,358,1
124,161,0
152,434,0
106,227,1
318,115,1
152,106,0
77,45,0
35,203,1
205,100,1
32,137,0
163,59,0
242,172,1
316,101,2
188,383,1
232,311,0
170,147,0
363,384,0
396,86,0
22,389,0
395,308,0
390,77,0
34,404,0
342,136,0
191,22,0
308,232,0
1384652,143,1
384,49,0
422,13,0
219,170,0
417,224,0
370,8,0
22,45,0
316,302,0
102,45,0
243,277,0
369,384,0
402,189,0
234,394,0
30,157,1
191,318,0
271,259,0
350,285,1
396,78,0
136,157,0
123,380,0
230,149,1
259,37,0
227,93,1
230,60,1
302,143,0
205,259,0
9,243,0
307,30,2
34,369,1
34,149,2
101,414,0
93,243,0
389,395,0
233,428,0
225,390,0
32,390,0
76,95,0
219,115,0
35,72,1
45,153,0
123,86,0
309844,136,0
121,55,1
269,396,0
17,287,0
55,26,1
390,161,0
71,37,1
342,305,0
230,224,0
123,242,0
35,102,0
434,149,1
296,246,0
81,311,0
434,398,0
170,46,0
147,357,0
232,58,1
149,363,0
303,219,0
72,48,1
17,194,2
373,269,0
157,350,1
384,312,0
205,246,1
199,214,0
35,157,0
349,383,1
390,5,0
383,342,0
216,124,0
96,216,0
396,44,0
206,173,1
313,161,0
200,224,0
224,45,0
231,394,0
364,402,0
275,95,0
373,131,2
369,342,0
71,198,2
35,394,0
267,85,0
36,224,0
216,58,1
116,50,4
266,55,1
152,305,0
188,204,1
77,91,3
267,2089740,0
26,206,1
164,266,0
5,311,0
189,59,0
149,100,1
115,373,0
58,106,4
51,37,1
30,372,2
271,398,0
115,96,0
172,34,1
394,61,0
312,219,0
34,50,1
39,371,0
296,1384652,0
417,95,0
159,170,0
275,34,1
259,398,0
285,102,0
72,384,0
308,77,0
48,358,0
46,143,1
78,152,0
203,124,0
36,204,0
238,267,0
33,1,0
328,172,0
22,238,0
225,115,0
8,131,0
192,61,2
404,399,0
227,72,1
116,206,2
121,364,0
26,311,0
161,170,0
63,350,0
296,316,0
111,380,1
143,396,0
200,58,3
5,92,0
292,328,1
186,194,0
188,121,1
17,358,0
50,234,0
111,311,0
36,206,0
124,357,0
340,200,3
214,328,0
287,188,0
35,372,0
106,49,0
307,92,3
224,259,0
332,341,0
364,58,0
369,146270,0
389,396,0
292,200,1
172,186,0
55,269,0
9,313,0
45,414,0
147,116,0
122,192,2
417,22,0
203,194,0
34,159,0
101,264,1
371,92,0
233,96,1
55,318,0
194,257,0
46,372,0
434,394,0
101,198,1
186,357,0
5,76,1
246,48,1
106,271,1
214,203,0
259,164,0
233,275,0
303,34,1
136,145,2
55,188,0
111,59,1
377,395,0
373,22,0
198,71,2
206,340,1
308,51,1
122,309844,1
30,307,2
198,271,0
340,227,1
1,161,0
318,71,1
116,318,1
402,149,1
45,49,0
194,146270,0
191,102,0
87,234,0
205,363,0
34,302,0
194,363,0
17,312,1
341,2089740,0
431,192,0
59,46,0
147,124,0
390,243,0
1384652,101,1
161,434,0
280,51,0
173,312,1
36,417,0
404,195,0
350,417,0
302,173,0
184,51,0
349,101,1
383,67,0
36,137,0
145,123,0
149,33,1
224,1,0
417,404,0
96,71,1
224,267,0
61,100,0
8,17,0
434,328,0
39,193,0
233,2089740,0
340,9,0
394,357,0
152,428,0
1384652,102,0
153,81,0
49,277,0
395,86,0
230,311,0
193,203,1
296,312,0
389,48,0
116,340,1
100,304,0
363,91,0
350,305,0
390,188,0
145,93,1
42,195,0
389,383,0
34,45,1
399,195,0
48,370,0
257,2,0
123,340,0
417,370,0
302,188,0
349,146270,0
77,238,0
269,285,0
332,434,0
428,312,0
304,308,0
85,153,0
194,311,0
72,91,5
81,1,0
100,357,0
25,214,1
292,145,0
227,231,1
85,285,0
147,311,0
106,30,1
371,189,0
101,422,1
143,8,0
389,200,0
106,203,0
311,234,0
242,369,0
224,363,0
77,51,0
206,78,0
39,42,0
153,83,0
13,269,1
78,257,0
186,184,0
93,434,0
193,124,0
363,410,0
232,399,0
340,5,1
78,159,0
302,264,0
198,8,0
39,40,2
225,116,1
9,137,0
157,267,1
305,191,0
246,404,0
83,188,1
243,358,0
85,78,1
203,81,0
205,25,1
371,195,1
48,349,1
95,224,0
153,30,1
398,92,0
124,83,0
259,219,0
8,234,1
184,267,0
302,304,0
117,26,2
164,224,0
71,373,1
198,311,0
264,50,0
9,170,0
44,219,0
380,383,2
198,51,1
232,137,0
192,390,0
377,146270,0
287,106,0
145,394,0
219,207,0
340,106,1
350,390,0
61,145,0
157,309844,1
77,275,2
192,206,0
205,32,0
96,189,0
304,206,0
189,216,0
192,313,0
431,39,0
318,399,0
380,275,0
227,328,1
358,101,0
159,26,0
50,152,1
372,350,1
153,309844,0
106,422,0
63,85,0
285,269,0
224,143,0
172,364,0
384,305,0
121,40,1
372,219,0
59,371,1
231,123,0
96,36,0
266,309844,0
34,51,4
48,371,0
410,189,0
81,227,0
414,318,0
364,172,0
257,269,1
8,55,0
44,328,0
304,410,0
78,383,0
106,117,1
44,369,0
316,296,0
191,173,0
206,390,0
410,230,0
304,122,1
59,5,0
91,93,3
198,9,0
271,106,1
238,292,0
100,189,0
37,369,0
225,271,0
173,373,1
36,13,0
1384652,269,3
76,358,0
13,100,0
259,58,0
380,40,0
48,188,0
85,275,0
328,131,0
143,157,0
399,389,0
17,296,0
233,81,0
159,87,0
45,224,0
122,8,0
39,259,0
49,312,1
37,137,1
96,349,1
287,332,0
145,59,1
149,318,0
434,72,0
316,285,0
380,36,0
402,369,1
8,271,0
296,25,0
91,371,2
243,184,0
39,102,0
195,203,0
143,216,0
86,137,1
225,152,0
257,232,0
72,200,3
431,399,0
58,93,2
83,271,0
302,198,0
42,230,0
198,377,0
267,35,1
246,147,0
332,149,0
341,390,0
219,304,0
40,76,1
102,85,0
147,111,0
364,8,0
364,309844,0
219,8,0
269,159,0
9,117,2
204,318,1
316,358,0
96,9,0
72,2089740,1
164,422,0
58,123,2
257,1384652,0
266,122,0
102,76,0
131,390,0
63,246,0
172,147,0
55,149,3
399,305,0
131,203,2
78,49,0
60,434,0
115,395,0
302,78,0
111,431,0
121,304,0
67,192,1
269,199,0
2089740,199,1
292,199,1
86,434,0
292,280,0
117,55,1
157,121,0
55,332,0
122,389,0
396,61,0
428,33,0
194,61,0
296,77,0
161,44,0
199,264,0
257,122,0
390,189,0
308,91,1
161,152,0
189,161,0
95,238,0
34,203,1
100,85,0
137,225,0
115,369,0
72,328,0
275,233,0
61,349,0
214,22,0
357,414,0
389,143,0
341,377,0
143,85,0
40,399,0
372,101,0
58,394,1
414,124,0
61,395,0
71,363,0
434,207,0
101,404,0
204,238,0
318,384,0
350,204,0
67,49,0
287,35,0
46,172,1
9,101,0
30,78,1
25,58,5
332,30,1
341,40,0
36,121,0
2089740,100,0
280,285,0
371,373,1
404,78,0
111,341,0
308,193,0
395,377,0
332,122,1
61,422,0
422,230,0
92,207,1
44,358,0
313,277,0
186,380,1
373,399,0
77,308,0
33,86,0
389,96,0
58,363,0
264,227,0
87,230,0
318,304,0
44,9,0
32,172,0
22,173,0
115,100,0
44,49,0
390,59,0
219,396,0
233,395,0
231,42,0
214,303,0
5,417,0
257,55,0
194,204,1
163,32,0
115,198,0
55,216,1
9,8,0
164,58,0
164,30,0
216,51,0
195,55,0
271,349,0
192,77,0
309844,390,0
106,161,0
102,216,0
305,271,0
309844,8,0
259,184,0
34,264,2
285,383,0
275,414,0
34,266,1
143,2089740,0
37,161,0
287,271,0
340,189,0
194,266,0
93,316,1
96,233,1
186,163,0
311,287,0
307,357,0
191,93,0
83,30,3
59,49,0
106,136,1
30,231,2
410,370,0
184,115,0
1,219,0
115,311,0
383,349,1
59,170,0
95,394,0
87,51,0
402,234,0
96,358,1
373,309844,0
85,26,0
146270,1384652,0
157,259,0
136,410,0
77,1384652,1
269,63,0
51,312,1
106,93,0
81,86,0
414,194,0
383,35,2
305,349,0
170,78,0
292,238,0
292,122,0
93,9,0
170,22,0
394,117,0
383,153,0
234,143,0
184,243,0
48,308,2
93,259,0
216,13,0
78,231,0
161,232,0
257,292,0
172,33,0
198,428,0
287,48,0
143,60,1
434,275,0
434,48,0
199,304,0
32,93,0
67,267,1
246,13,0
341,32,0
145,203,0
312,238,0
96,49,1
308,117,1
58,280,0
192,404,0
384,332,0
242,399,0
44,372,0
1384652,37,0
380,101,0
145,71,0
86,2089740,0
227,2089740,0
46,369,1
188,2089740,1
46,78,0
231,1384652,1
395,332,0
143,22,0
194,384,0
37,199,0
136,363,0
72,280,0
184,22,0
161,192,0
216,303,0
246,316,2
100,172,1
116,30,2
219,50,0
200,302,0
417,170,0
55,34,1
313,55,0
389,224,0
234,44,1
287,163,0
81,93,1
91,390,0
58,50,3
227,246,1
428,394,0
170,2089740,1
232,8,0
147,188,1
39,302,0
340,95,0
149,404,0
328,357,0
123,383,0
243,34,0
349,1,1
318,369,0
309844,87,1
305,188,0
390,173,0
55,422,0
36,340,0
275,85,0
81,234,0
152,2089740,0
370,1384652,0
349,308,1
194,63,0
308,238,0
83,316,1
373,390,0
95,350,1
204,49,0
285,342,0
35,398,0
380,13,0
86,316,0
59,60,1
206,267,2
146270,184,0
225,307,2
1,121,1
304,390,0
122,137,1
87,159,0
318,121,0
93,67,0
51,95,0
51,207,0
363,87,0
194,389,1
76,45,0
63,302,0
46,81,0
304,230,1
143,63,0
373,207,0
163,96,0
36,152,1
95,111,0
264,207,0
350,184,0
131,172,1
121,157,0
302,116,2
370,200,0
305,296,0
225,373,0
312,36,0
357,271,0
216,332,1
93,106,0
33,17,0
257,328,0
232,36,0
60,194,0
422,42,0
121,341,0
9,266,0
101,232,1
111,246,1
48,143,1
332,307,2
161,380,0
44,86,0
363,307,0
1,296,0
303,280,0
302,83,0
267,124,0
87,184,0
40,191,1
242,106,0
58,55,3
76,390,0
216,428,0
147,42,0
17,395,0
37,231,0
164,410,0
398,136,0
383,42,0
67,48,0
188,189,0
48,163,0
364,396,0
371,230,0
184,78,0
159,92,0
402,34,2
404,1384652,0
207,214,0
307,147,1
100,76,1
92,394,1
86,184,0
188,143,0
269,275,0
22,1384652,0
131,101,2
434,399,0
390,194,0
377,399,0
296,26,0
340,287,0
95,152,0
131,373,2
143,39,1
309844,234,0
304,100,0
398,285,0
153,287,0
184,161,0
186,312,0
83,81,0
77,184,0
246,137,1
193,184,0
271,231,0
95,102,0
92,417,0
72,271,0
77,340,0
2089740,246,0
199,238,0
194,192,1
50,60,1
394,188,0
22,145,0
198,328,0
76,341,0
203,316,1
95,395,0
188,264,1
399,371,0
341,111,0
172,137,1
173,332,0
285,231,0
380,224,0
417,309844,0
266,399,0
332,384,0
264,76,0
363,206,0
332,350,0
137,380,1
396,106,0
233,203,2
117,309844,0
280,404,0
193,48,0
81,71,0
308,207,0
192,384,0
313,280,0
341,1,0
186,200,0
149,157,1
124,383,0
402,152,0
101,42,0
86,266,0
396,5,0
17,32,0
390,91,0
193,157,1
308,83,1
234,116,1
390,45,0
434,377,1
40,48,2
17,230,2
198,124,0
121,115,0
26,207,0
93,34,3
377,280,0
35,233,1
17,304,0
390,207,0
349,85,0
189,363,0
170,87,1
5,91,1
267,232,0
296,199,0
269,271,0
173,92,0
9,259,0
22,136,0
205,124,0
111,34,3
149,2089740,0
224,32,0
184,188,0
358,170,1
280,87,0
106,101,1
384,149,0
394,402,0
384,358,0
311,78,0
227,309844,0
303,271,0
61,200,2
238,42,0
46,145,0
61,428,0
2089740,192,2
227,277,0
233,143,1
30,363,0
332,9,0
143,309844,0
123,61,0
195,26,0
264,8,0
96,203,1
316,26,1
303,48,1
188,39,0
58,199,2
242,230,2
231,131,1
186,207,0
44,117,0
399,83,0
350,369,1
22,93,0
117,115,1
395,313,0
26,417,0
184,399,0
61,67,0
46,399,0
309844,200,0
124,242,0
389,332,0
224,264,0
216,384,0
164,117,0
277,149,1
206,22,0
312,198,1
35,309844,0
394,22,0
259,96,0
195,205,1
149,143,1
72,198,0
49,372,0
25,316,0
78,399,0
51,188,2
91,106,7
328,116,0
285,152,0
48,332,0
188,275,0
51,389,0
152,266,0
76,39,1
309844,192,0
292,402,1
340,71,2
59,287,1
350,189,0
49,216,1
414,341,0
305,267,0
233,2,1
67,303,0
59,161,0
37,81,1
159,1,0
390,30,0
146270,389,0
363,115,0
26,121,1
85,194,0
205,30,1
2089740,102,0
2089740,417,0
71,102,0
199,230,1
46,312,1
96,399,0
277,61,0
414,390,0
191,264,0
143,206,1
33,304,1
303,189,0
9,280,0
58,383,6
152,67,0
238,363,0
341,123,0
302,395,0
143,404,0
214,25,1
431,61,0
428,238,0
206,364,0
45,380,0
30,266,1
350,2089740,0
102,227,1
342,264,0
380,26,0
95,51,0
37,121,0
1,371,1
243,122,0
83,230,0
318,186,0
8,410,0
60,242,0
358,395,0
13,93,0
384,91,0
34,59,4
242,194,0
332,76,0
328,71,0
414,1384652,0
85,398,0
203,370,0
402,124,0
159,115,0
40,49,2
350,63,0
434,136,0
257,414,0
370,42,0
373,396,0
328,198,0
58,30,2
216,309844,1
25,153,0
342,22,0
33,232,0
184,101,0
191,214,1
203,101,1
341,349,0
170,242,0
280,36,0
159,55,0
147,271,0
83,124,0
157,93,0
231,277,0
422,164,0
81,22,0
357,124,0
92,161,0
35,25,1
67,77,0
22,95,0
328,2089740,0
186,157,1
357,350,0
232,39,0
192,102,0
61,63,1
417,363,0
35,78,0
246,186,0
67,146270,0
192,146270,0
410,92,0
363,60,0
106,170,2
101,34,2
95,136,0
200,60,2
145,269,1
349,34,1
55,161,0
123,238,0
81,206,0
143,225,0
219,232,0
115,93,2
193,264,0
