u,v,GD
13,708,-3
615,121,-3
1192,897,-3
459,204,-4
627,837,-3
1343,1025,-3
519,1100,-3
1249,1117,-3
459,834,-3
1193,889,-3
614,381,-4
1043,619,-3
394,1309,-4
396,61,-2
872,1108,-3
736,1061,-3
1026,1220,-2
534,1247,0
184,209,-4
1322,1144,0
364,1389,-4
162,99,-4
547,556,-3
615,1192,-3
742,1146,-2
636,842,-3
1016,439,-2
1337,974,0
731,1204,-3
231,459,-3
993,1026,-2
1194,813,-4
1111,304,0
150,842,-4
1347,396,-3
1030,611,-3
96,35,-3
318,115,-2
163,960,-3
999,232,-3
380,149,-3
203,5,-1
137,1291,-3
700,730,-3
493,1057,-3
225,1219,-3
1,194,-2
77,1389,-4
116,1178,-2
1271,547,-4
1108,563,-4
1343,1194,-4
805,1030,-3
527,163,-4
811,276,0
666,1370,0
738,400,0
40,1142,0
304,1318,-4
551,1276,-4
296,392,-4
527,493,-3
304,763,-4
999,993,-3
364,1050,-4
178,225,-3
121,1069,-4
825,954,-4
1219,922,-3
288,912,-2
831,245,-4
178,285,-3
541,731,0
396,1042,-3
952,238,-4
1192,917,-4
631,170,-4
233,209,-3
304,1025,0
1358,202,-4
1368,349,0
1194,738,0
292,423,-4
414,1078,-3
95,853,-4
259,999,-4
203,648,-2
960,1271,-2
1256,46,-3
1368,396,-3
627,578,-4
968,1057,-4
1075,1284,-3
1291,742,-4
17,493,-2
233,259,-3
392,1297,-4
35,143,0
1065,231,-3
381,31505,-2
1178,1030,-3
298,568,-4
337,1208,-2
697,170,0
922,322,-3
1053,993,-3
35,298,-4
204,863,-4
25,765,-3
805,886,-4
493,637,-2
1111,646,-3
396,2090742,-3
1228206,423,-3
136,1370,-4
655,1185,-2
763,242,-4
448,518,-4
893,837,-1
974,219,-4
1238,1025,-3
1069,1057,-4
803,179,-3
1043,697,-4
572,891,-4
72,30,-3
363,312,-4
740,961,-2
1311,40,0
259,203,-3
337,1293,-3
718,727,-4
722,1065,-2
1035,1356,-3
891,804,0
832,811,0
1179,121,-4
755,1026,-3
748,1195,0
1223,960,-2
1169,1142,-4
936,1010,-3
1389,1069,-4
1368,985,0
71,219,-3
9,784,0
999,296,-3
357,448,-3
1343,740,-4
648,259,-3
568,974,-4
893,525,-4
1010,966,0
459,897,-3
234,731,-3
115,49,-3
1094,685,-3
519,541,-4
91,1392,-3
940,547,-3
275,1358,-4
268,748,-3
406,1271,-3
259,917,-4
1043,571,-2
26,1219,-2
1048,733,-3
1384652,298,-4
162,831,-4
767,230,-4
483,518,-4
1339,556,-3
205,209,-3
225,1358,-4
55,1057,0
888,832,-2
1227,571,-4
430,1317,-4
1013,767,-4
298,810,-4
1108,267,-3
1069,1366,-3
115,637,-2
357,285,-3
342,225,-3
974,645,-4
1174,791,-4
887,447,-4
1057,825,-4
1310,912,-4
825,349,0
342,1297,-3
55,1042,-4
1030,541,-3
2090742,974,-3
13,392,-4
205,943,-4
1185,1147,-3
92,914,-4
268,232,-3
39,1192,-4
195,1271,-3
116,784,-3
741,1256,-4
288,58,-4
92,731,-4
27687,1271,0
439,1048,-3
25,917,-1
1356,219,-4
207,1228206,-4
588,274,0
1204,891,-4
204,1266,-4
1322,782,-4
93,311,-4
931,716,-3
117,149,0
58,1111,-4
202,304,-2
737,164,-4
767,1030,-4
1063,322,-2
1322,1061,0
242,556,-4
1117,298,-4
1154,446,-3
556,27687,-4
1368,1367,-4
302,763,-4
1084,556,-2
233,655,-3
748,567,-3
785,1208,-4
373,999,-2
259,39,0
1144,900,-3
30,198,-3
714,204,0
202,349,0
238,71,-2
631,1347,-3
398,1341,-3
588,999,-3
1265,1154,-2
887,91,-3
1309,276,-4
804,1048,0
741,1271,-4
1310,392,-4
954,245,-4
326,1000,-4
163,825,0
571,247,-2
59,257,-3
398,716,-2
522,966,0
810,1389,-4
178,571,-3
259,157,-4
296,797,-3
708,832,-1
350,1293,-3
1297,1343,0
1227,699,-4
342,1344,-3
1100,1318,-3
1219,391,-3
655,12081,-4
99,137,-3
627,680,-3
207,804,0
205,831,-3
9,184,-4
784,648,-4
341,738,0
342,547,-3
17,872,-3
714,116,-3
912,1228206,-3
164,1975282,-3
1346,627,-4
1194,1208,-4
1228206,447,-3
370,637,-3
551,483,-4
1204,400,-3
459,1276,-3
961,13,-4
1026,999,-3
745,95,-3
627,96,-4
234,672,-4
1025,588,-4
1108,276,-4
1193,1318,-3
257,150,-2
1366,245,-3
95,311,-4
886,1035,-4
437,1016,-3
1185,121,-4
770,1337,0
64,92,-2
447,33,-3
1194,1174,-4
716,1341,-3
93,224,-3
432,993,-3
305,232,-3
1077,1309,0
1247,1245,0
737,745,-3
615,1063,-2
1366,1223,-4
1146,233,-3
322,1026,-3
1016,900,-3
205,853,-3
231,568,-3
350,556,-4
22,1370,-4
1356,1077,0
751,414,-2
1108,1147,-4
985,35,-4
1185,672,-4
383,507,-3
33,9,-3
292,796,-4
1063,1238,-2
738,672,0
565,92,-3
837,259,-3
572,912,-3
163,305,-4
927,91,-4
163,296,-4
736,238,-4
631,285,-3
235,571,-3
39,439,-3
288,1192,-3
27687,392,0
238,2089740,0
571,568,-3
1309,1057,-4
1,432,-2
1147,832,-2
277,804,0
1199,1220,-3
198,912,-3
810,917,-3
207,247,-4
512,1208,0
238,522,-4
446,373,-3
162,391,-3
770,960,-3
1077,242,0
810,257,-2
788,1266,-4
834,917,-1
326,891,-4
551,1367,-3
893,1025,-4
1078,230,-3
1061,1175,-4
349,75,0
396,1366,-2
231,31505,-3
954,12081,-4
337,2089740,0
341,578,-4
479,782,-3
242,968,-4
268,912,-3
1084,1384652,-2
619,203,-3
872,1356,-3
1100,298,-4
2759376,202,-3
573,1975282,-2
1175,1000,-4
1035,788,-3
71,982,-3
198,162,-3
916,700,-3
648,33,-4
234,1293,-2
198,338,-4
886,1276,0
58,338,-4
77,1192,-2
1175,842,-2
1341,571,-3
853,1204,-3
796,2089740,0
1389,242,-4
275,968,-2
437,1389,0
507,952,-4
1057,1053,-4
646,1208,-4
563,26,-4
927,1368,0
1104,93,-4
1169,274,0
1111,942,-4
646,889,-3
763,534,0
1175,1195,0
708,1037,-4
512,1117,0
1317,123,-4
588,231,-4
755,188,-3
922,9,-4
312,391,-4
565,657,-3
645,685,-4
1013,30,-4
341,810,-3
993,646,-3
1043,1334,0
123,2759376,-4
364,580,-3
349,439,0
1228,872,-2
931,1228,-3
178,742,-4
489,377,-3
1256,1228206,-4
13,1213,-4
891,685,0
536,1025,-4
795,33,0
1084,1014,-4
1254,512,0
952,439,-3
202,186,-4
685,188,-3
195,337,-2
184,811,0
188,163,-4
803,519,-3
204,1356,0
736,396,-4
905,1370,-2
1339,927,0
716,51,-3
1174,943,0
534,1122,0
429,952,-3
1220,1016,-1
164,370,-4
1042,1175,-3
727,837,-2
2090742,534,0
274,1358,0
430,1146,-3
99,1344,0
259,785,-4
404,288,-3
83,784,0
163,1016,-4
446,993,-3
33,751,-4
143,493,-3
1228206,391,-3
547,1233,-4
1146,277,-3
888,247,-4
755,71,-3
648,1367,-3
748,588,-4
685,383,-2
404,2090742,-4
381,83,0
219,954,-3
1195,522,0
1271,349,0
285,547,-4
26,1026,-3
1392,838,-4
770,1370,-3
966,259,0
1104,72,-3
1334,162,0
268,162,-3
1014,116,-3
99,184,-4
952,481,0
1178,364,-4
1346,525,0
238,952,-4
960,645,-4
1318,203,-3
541,891,0
1069,432,-3
1341,813,0
927,961,0
275,1000,-3
1075,525,-4
481,631,0
475,274,-4
900,571,-2
392,838,-4
304,534,0
853,230,-4
825,170,-4
1057,1169,-3
536,518,-3
296,404,-3
657,209,-3
931,922,-3
619,95,-4
1311,736,-3
274,342,-3
381,1175,-2
1341,940,-3
2090742,1016,-4
437,697,-4
372,886,-3
40,448,0
298,122,-3
1384652,1053,-3
1208,109,-4
349,298,0
1000,547,-3
905,1347,-2
718,1117,-3
1318,1010,-4
266,1318,-4
230,312,-4
636,512,0
1013,481,0
699,350,-3
636,49,-3
285,224,-3
322,1043,-2
1204,536,-3
230,1322,0
1384652,1108,-3
1109,1043,-3
1194,657,-4
1146,525,0
936,26,-3
363,5,-4
1077,150,0
123,1199,-4
231,1109,-3
149,611,-3
770,1322,0
83,722,0
1228,770,-3
1179,1334,0
1213,1227,-4
245,115,-3
525,1043,-4
922,1311,-3
163,942,0
143,547,-4
982,796,-3
1204,727,-3
722,519,-3
916,268,-3
1367,853,-4
1318,121,-4
1334,1069,0
619,714,-4
931,1238,-3
1233,1,-3
770,1347,-4
1075,209,-3
914,755,-4
767,179,0
392,230,-4
1317,534,0
797,1322,0
788,657,-4
268,341,-3
619,317,0
1014,364,-4
1078,1204,-2
1339,370,-3
680,838,-4
275,46,-3
64,741,-4
432,1370,-2
993,748,-3
927,186,0
1144,136,-2
1117,123,-2
423,573,-3
742,338,-4
400,740,-4
619,55,0
952,361,-4
813,311,-4
1254,543,-4
615,765,-3
178,27687,0
13,400,-4
1193,507,-4
1190,342,-2
357,961,-3
518,9,-4
231,699,-2
370,95,-4
1271,398,-3
122,1000,-2
791,428190,-2
200,1013,-3
738,518,0
149,391,-2
1185,987,-2
238,1208,-4
813,655,-4
1193,398,-4
1013,322,-2
58,17,-3
785,1117,-3
1367,459,-4
736,1185,-3
936,527,-4
954,27687,-4
202,779,0
631,1063,-3
1144,361,-3
338,233,-4
302,974,-3
322,1010,-3
423,1291,-4
121,275,-4
1010,311,-3
1193,738,0
83,838,0
5,357,-3
1016,1185,-3
1042,733,-2
736,414,-4
99,204,0
758,276,-4
954,636,-4
1265,893,-2
1343,1220,-3
563,960,-4
481,518,0
1249,446,-3
863,637,-3
657,547,-4
149,372,-2
137,758,-4
1291,1389,-4
391,428190,-3
184,736,-4
811,680,0
296,755,-3
782,162,-3
1035,556,-2
1175,318,-4
543,748,-4
1238,285,-3
536,200,-3
203,268,-2
666,205,0
245,1146,-3
940,370,-2
1063,891,-4
791,1309,-3
917,1293,-4
834,805,-3
195,1057,-4
740,377,-2
788,522,-4
779,276,0
832,740,-3
731,1192,-4
31505,46,-3
1213,72,-2
186,888,-4
543,232,-3
565,257,-3
645,936,-4
1122,357,-3
235,363,0
1228,234,-2
143,525,0
936,446,-3
763,233,-3
755,512,0
1213,95,-2
312,727,-4
150,755,-2
699,349,0
1293,565,-2
637,968,-2
9,49,-3
788,414,-3
1124,522,-4
61,740,-3
419,475,-3
1053,534,-4
1169,230,-3
428190,534,-4
483,51,-3
1179,1220,-3
391,1334,0
231,439,-3
209,64,-2
230,1228,-3
1063,25,-3
268,195,-3
1310,95,-4
1185,1339,-3
631,755,-3
30,22,0
381,1223,-4
1030,1366,-3
568,1075,-2
1185,1108,-3
563,99,0
730,1339,-4
486,825,-4
439,432,-3
1146,733,-3
714,373,-4
897,219,-4
567,927,0
588,1343,-4
95,571,-4
277,1185,-3
740,209,-3
1026,954,-2
242,727,-4
755,814,-4
247,363,0
1144,863,-3
149,1142,-3
1271,242,-4
891,203,-4
481,832,0
825,1035,-3
1245,565,-4
685,1057,-3
203,277,-3
2089740,12081,0
349,1063,0
430,203,-4
887,373,-2
447,767,0
680,614,-3
231,567,-4
784,742,-3
922,1060,-3
238,831,-4
767,342,-4
232,832,-2
1122,1042,-1
274,377,-4
573,150,-2
512,825,0
1318,987,-3
95,475,-2
266,1238,-3
267,1122,-2
194,1026,-2
267,811,0
1254,341,-4
1228206,99,-4
364,1318,-4
685,1314,-4
234,1060,-2
666,1228206,0
400,149,-3
572,200,-3
837,486,-3
170,95,0
95,714,-4
1014,727,-4
863,1094,-4
810,982,-3
1108,1204,-3
825,922,-4
842,204,0
296,770,-4
1347,718,-3
1347,326,-4
1223,648,-4
1245,178,-4
77,512,0
1245,727,-4
982,1050,-3
943,887,-4
311,797,-3
188,1014,-4
887,30,0
2090742,446,-3
567,209,-3
276,414,-3
1078,64,-3
543,905,-2
838,1276,-4
60,982,-4
1195,137,0
636,91,-2
123,304,-2
1061,1075,-2
17,292,-4
22,363,0
398,481,0
936,392,-4
788,1238,-4
1368,143,0
853,12081,-3
312,123,-3
891,178,0
391,178,-3
235,519,-4
1337,92,-1
33,268,-3
338,1317,-3
1108,1370,-3
507,372,-4
317,943,0
55,205,-4
758,534,-4
1195,1035,0
825,296,-4
285,863,-3
1249,1030,-3
810,722,-2
1111,71,-4
96,1154,-3
1266,1146,-4
1100,423,-4
207,567,-4
888,1193,-4
565,58,-4
1227,1219,-4
170,1291,0
184,1077,0
811,1392,0
219,49,-3
1220,423,-1
954,1050,-4
17,952,-3
1339,872,-3
680,31505,-2
419,235,-4
369,489,-1
708,565,-3
943,479,-4
1178,1174,-4
31505,1179,-3
1337,966,0
767,797,0
982,1310,-2
394,26,-3
304,1100,-4
536,685,-4
993,733,-2
1185,541,-4
337,1175,-2
39,648,-4
1030,736,-4
834,317,-4
751,805,-2
1179,363,0
1178,312,-4
1245,391,-3
292,31505,-3
157,672,0
116,1192,-3
853,475,-4
219,109,-3
349,268,0
2759376,1057,-3
1026,736,-4
274,486,-4
430,534,0
863,439,-3
363,1195,0
123,615,-3
987,631,-2
952,285,-3
1193,519,-3
999,1233,-4
648,481,0
225,1284,-3
404,797,-3
338,1213,0
224,785,-3
731,1193,-4
927,1318,0
312,115,-3
891,448,0
627,614,-3
580,1075,-2
373,363,-4
1276,1367,-4
1013,123,-3
1174,285,-4
853,13,-4
1109,999,-3
170,150,-3
31505,186,-3
837,296,-3
547,834,-3
999,1249,-4
853,954,-4
1228,648,-3
518,556,-2
1050,541,-3
242,525,0
917,224,-4
1144,767,-4
1000,242,0
493,234,-1
350,922,-3
1366,22,-4
982,697,-3
372,655,-3
1194,1220,-2
534,525,0
1358,61,-3
1190,268,-3
235,207,0
1389,205,-4
507,259,0
224,257,-3
232,164,0
117,1069,-4
1370,92,-3
1366,150,-2
235,13,-4
72,791,-3
231,392,-3
9,439,-4
5,522,-3
905,446,-2
1220,968,-2
1154,1175,-1
184,483,-4
349,35,0
748,1042,-3
1322,1117,-4
1276,534,0
1254,573,-3
200,2090742,-4
1247,58,0
1094,1368,-3
60,512,0
292,235,0
573,404,-3
1256,730,-2
275,748,-3
1,1311,-3
567,1347,-3
149,1343,-3
888,637,-3
203,1026,-3
414,194,-2
257,414,-3
305,1078,-3
40,1025,0
194,572,-2
1367,916,-3
580,33,-3
805,277,-2
383,758,-2
396,805,-3
259,567,-4
1223,396,-2
298,888,-4
247,1094,-4
225,556,-3
568,718,-3
115,302,-2
897,432,-3
733,26,-3
1256,149,-2
1194,838,-3
931,116,-2
30,277,-4
25,942,-4
795,1310,0
893,891,0
1975282,627,-3
1094,396,-3
863,837,-3
927,912,-4
400,377,-3
810,1317,-2
814,1000,0
832,1341,-3
459,481,0
578,1147,-4
525,1392,-4
2090742,637,-2
580,765,-3
657,22,-4
987,274,-3
1063,961,-2
475,1194,-4
483,275,-3
917,1122,-3
1245,832,-3
1341,30,-4
1065,518,-2
428190,439,-3
805,1109,-3
519,1122,-3
889,17,-3
1061,337,-2
27687,1030,-3
745,1144,-3
1061,277,-2
391,27687,-4
1219,1227,-4
565,122,-2
40,400,0
266,792,0
1063,648,-3
2089740,1169,0
377,186,-3
1233,891,-4
414,1208,-3
51,1338,-4
672,792,0
547,999,-2
727,1346,-4
1060,163,-4
17,275,-3
116,1247,-3
1111,672,-4
96,233,-2
518,916,-4
99,960,-4
317,209,-4
91,296,-2
646,1249,-4
637,75,-2
886,954,-4
779,765,0
1111,813,-4
58,758,-2
96,372,-3
897,1228206,-3
288,311,-3
350,92,-3
349,1192,0
568,341,-3
736,83,0
565,235,-4
2090742,1370,-4
2759376,905,-2
27687,1037,0
203,916,-3
2090742,897,-4
1178,1344,-3
936,1238,-4
1366,13,-3
1358,225,-4
730,942,-4
796,337,-4
268,1043,-2
685,448,-4
77,1233,-4
448,30,0
27687,985,-4
377,1228206,-2
296,730,-3
974,350,-3
803,178,-4
446,914,-4
22,400,-4
394,194,-3
1220,1219,-2
534,722,0
900,1063,-3
338,1358,0
657,72,-3
697,763,-4
116,337,-2
1347,1334,0
195,398,-4
1026,1122,-3
738,372,0
931,164,-3
341,394,-3
1291,718,-3
1284,326,-3
1144,631,-3
580,645,-4
536,1204,-3
95,1343,-4
61,225,-3
795,551,0
722,274,-4
39,987,-3
377,888,-3
143,259,0
886,55,0
960,123,-2
792,672,0
1219,738,0
475,985,-4
795,305,0
1077,1310,0
1276,646,-4
194,1042,-2
276,1026,-4
93,1077,0
940,150,-2
547,655,-3
2759376,274,-2
203,1104,-3
637,1043,-3
188,1256,-3
708,349,0
960,1347,-3
765,296,-4
525,1154,-4
370,813,-3
1199,567,-4
1276,556,-4
1309,92,-4
93,1293,-4
1094,893,-3
838,194,-1
486,163,-3
927,26,0
448,987,-3
1042,547,-3
1254,936,-3
312,525,-4
1035,1195,0
886,1254,-4
1238,755,-2
519,1233,-3
58,342,-3
534,556,0
1310,184,-4
234,961,-2
285,33,-3
1233,304,-4
825,157,-4
831,619,-4
430,1389,0
225,430,-4
22,1228,-3
1025,364,-4
2089740,447,0
615,381,-3
93,831,-4
230,25,-3
1142,1249,-4
788,150,-4
483,954,-4
1192,46,-4
311,136,-3
2089740,1266,0
394,573,-3
961,357,-3
439,795,0
2089740,648,0
1014,235,0
200,512,0
224,61,-3
483,195,-4
274,804,0
507,1048,0
377,897,-3
770,888,-4
888,942,-4
60,1077,0
1245,1025,-4
27687,931,-2
61,927,-4
1204,748,-3
96,646,-3
1194,234,-2
1075,61,-3
157,1271,-3
266,162,-3
1343,394,-2
143,170,0
1175,1392,-3
115,672,-3
1317,357,-4
740,551,-3
1078,636,-1
525,170,-4
1266,525,-4
99,245,-2
1104,931,-4
645,740,-4
974,5,-4
770,834,-4
198,834,-1
672,1042,0
1026,627,-2
936,1030,-2
276,740,-3
571,527,-3
448,813,-4
1146,39,-3
1060,567,-3
1192,863,-4
700,268,-3
1271,337,-2
1213,46,-4
765,373,-4
519,364,-3
648,92,-3
1142,186,0
91,1192,-3
767,231,0
741,1291,0
31505,75,-3
242,614,-3
489,26,-3
1190,655,-2
429,383,-2
751,738,0
556,277,-2
13,796,-4
99,13,-4
194,115,-2
700,25,-3
1061,230,-3
796,525,-4
563,483,0
571,429,-3
1228,414,-1
1169,1195,0
1060,296,-3
556,202,-2
1016,522,-3
565,33,-4
1108,1142,-3
489,1037,-3
305,1014,-4
742,350,-3
1337,337,-3
195,1146,-3
993,1368,-4
12081,814,-4
755,940,-2
954,288,-3
666,891,0
745,525,-4
748,136,-3
805,58,-3
1147,1366,-3
33,942,-4
268,568,-3
400,2090742,0
838,338,0
730,1016,-3
872,423,-2
1025,209,-4
1030,122,-2
202,952,-4
900,483,-2
1037,318,0
83,578,0
486,804,0
1310,268,-2
1078,788,-3
615,35,-3
1392,428190,-3
404,811,0
765,888,-4
779,312,0
733,1389,-3
1111,872,-4
204,298,0
527,9,0
1256,1389,-1
636,960,-3
700,672,-4
234,12081,-3
245,184,-4
475,1048,-3
304,1339,-4
277,779,0
645,5,-4
437,966,0
767,326,0
1223,727,-3
398,547,-2
716,700,-3
974,423,-4
699,680,-2
1344,519,-3
1291,13,-4
578,1144,-3
1337,916,-3
961,404,-4
58,1341,-3
1190,770,-3
1293,1266,-4
391,39,-4
238,927,-4
12081,337,-3
954,886,-4
203,615,-2
162,1069,-4
1192,779,0
697,680,-3
968,373,-2
541,31505,-4
1174,207,-4
39,1297,0
1077,796,0
1213,1318,-3
1368,1175,-4
432,1146,-3
162,64,-2
811,75,0
745,943,-3
891,372,-4
341,785,-3
751,1297,-4
446,900,-3
742,518,-3
209,1100,-3
404,1050,-4
93,479,-4
207,292,-1
518,149,-3
893,985,-3
727,637,-2
810,1293,-3
1368,536,-3
637,202,-3
795,765,0
1256,1190,-3
887,942,-4
758,205,-3
363,22,0
99,655,0
1048,914,-4
150,372,-3
188,527,-3
810,619,-2
522,149,-3
414,391,-2
792,797,0
1154,1228206,-3
563,740,-4
1314,788,-3
525,966,0
64,1228206,-3
987,1104,-2
372,1048,-3
428190,1053,-2
842,39,0
59,838,-4
936,1144,-1
968,486,-2
796,40,0
26,803,-3
235,51,-4
72,779,0
614,708,-3
1284,184,-4
430,99,-4
143,1178,-4
897,225,-3
853,1228,-3
370,1084,-3
1053,543,-3
1014,479,-4
889,1318,-3
419,627,-2
792,730,0
245,342,-4
1043,209,-2
1392,242,0
922,93,-4
1266,137,-2
1384652,370,-3
377,338,-3
1179,1078,-4
305,481,0
795,350,0
1111,580,-3
446,136,-3
1069,1346,-4
95,304,-4
518,373,-3
1343,737,-3
428190,1293,-4
75,122,-3
922,35,-4
1311,810,-3
567,1343,-3
748,1063,-3
1367,275,-4
326,1174,-4
1016,842,-3
372,447,-3
615,614,-3
204,277,-3
117,1185,0
765,257,-3
718,209,-2
563,61,-4
9,51,-3
742,39,-3
1271,1117,-2
891,699,-4
637,311,-3
1220,568,-2
718,143,-4
900,1,-2
563,1147,-4
832,942,-3
64,718,-3
578,91,-3
1199,887,-4
731,30,-4
188,832,-3
30,157,-4
1341,1043,-3
905,912,-3
1343,322,-3
149,1077,0
1199,1147,-4
1309,1346,-4
738,381,0
1227,1194,-4
1337,697,0
987,25,-3
1192,1026,-3
122,1199,-3
748,1100,-3
2089740,1228,0
680,834,-3
122,672,-4
116,699,-3
1053,893,-3
27687,791,-2
952,26,-1
71,573,-3
863,580,-3
536,886,0
834,543,-1
736,1293,0
666,611,0
392,75,-4
1356,268,-2
292,257,-4
429,59,-3
572,1339,-3
534,1000,0
219,745,-3
59,1213,-4
204,1147,-4
872,751,-3
573,164,-4
1075,1124,-3
46,349,0
1194,1175,-4
1037,912,0
150,722,-3
1384652,481,0
274,31505,-3
736,722,0
751,785,-3
55,1190,-3
312,810,-3
1000,259,0
1122,1014,-3
400,791,-2
912,1169,-4
1117,337,-2
1154,931,-3
730,292,-4
1368,184,-4
235,233,-4
235,1053,-4
1000,572,-3
2759376,792,0
646,459,-3
1317,1065,-4
832,1228,-2
1010,184,-3
556,137,-3
46,853,-4
1169,1238,-4
572,231,-3
446,1384652,-2
267,1284,-2
685,247,-4
1043,398,-3
123,519,-3
1341,233,-3
1043,1249,-4
448,1030,-3
1108,785,-3
432,2089740,0
952,1265,-4
952,95,-4
1037,115,-3
369,200,-3
1358,233,-4
406,1256,-3
1367,1065,-4
893,231,-3
483,429,-2
1122,150,-2
1276,33,-4
285,1117,-2
1366,522,-3
370,1266,-3
1065,235,-3
1276,304,-4
326,1100,-3
745,1344,-3
394,834,-3
1194,198,-4
1069,317,-4
198,369,-3
727,122,-2
573,350,-3
292,58,-4
72,838,-2
954,716,-2
1178,1233,-3
475,886,-4
1178,657,-4
475,657,-4
357,1265,-3
1223,573,-4
1228206,1042,-3
224,219,-4
952,1337,-4
305,39,-3
5,666,0
83,804,0
115,1037,-3
198,292,-4
1078,204,-4
1192,889,-3
507,645,0
685,423,-3
1104,1174,-3
507,1271,-4
326,31505,-2
318,738,0
631,75,-4
150,834,-3
259,580,-4
2089740,322,0
231,1124,-4
731,699,-4
59,985,-4
961,1265,-3
1293,1318,-4
75,224,-4
796,1192,-4
966,527,0
810,563,-4
507,1265,-4
999,1339,-4
1100,39,-4
685,195,-3
1338,22,0
811,999,0
257,795,0
60,238,-4
46,233,-3
95,1179,-4
886,614,-4
448,1368,-3
917,525,-4
718,149,-2
1108,1025,0
337,886,-3
1193,486,-3
381,578,-3
699,837,-2
708,337,-2
224,567,-4
748,837,-3
543,1185,-2
672,886,0
194,730,-3
143,1075,-4
931,475,-4
922,373,-3
1339,493,-2
731,916,-3
897,804,0
1030,1060,-1
943,1370,-4
614,1291,-3
312,565,-4
1344,186,-4
534,195,-4
519,791,-3
742,627,-3
178,430,0
1227,95,0
446,522,-4
736,982,-3
247,447,0
814,1013,-4
588,247,0
931,588,-4
527,758,0
22,349,0
551,117,0
1179,1037,-4
1169,999,-3
428190,93,-3
419,1338,-3
9,1075,-4
699,646,-3
311,259,0
1220,1146,-2
1228,33,-3
942,93,-4
1975282,188,-3
1199,940,-3
999,377,-3
122,157,-3
685,437,-3
150,1190,-3
1228206,288,-3
1108,525,0
1228206,71,-3
361,437,-4
116,115,-1
748,745,-4
792,72,0
1233,1228206,-4
224,727,-2
916,685,-3
1291,1341,-3
95,423,-4
1227,572,-2
1108,1078,-1
58,999,-4
568,889,-3
1219,1147,-3
522,1111,-4
479,1256,-4
179,406,-2
209,30,-4
123,1338,-4
122,763,-2
99,268,-3
916,912,-3
1000,203,-4
233,680,-2
322,853,-3
194,448,-3
1010,1356,-4
1195,985,0
370,714,-3
430,837,-4
645,1190,-4
430,318,0
1389,1061,-3
22,1026,-4
974,33,-4
571,202,-2
779,1247,0
75,751,-3
1293,35,-4
64,25,-3
163,615,-4
311,1344,-4
982,419,-1
49,242,-4
936,954,-3
17,1389,-4
39,825,-3
275,1194,-2
672,522,0
1347,1016,-3
1208,483,-3
447,547,-4
785,204,-4
1297,1309,0
914,162,-4
1146,1975282,-2
811,137,0
1065,380,-2
697,648,-4
71,648,-4
547,1195,0
205,372,-2
58,1000,-2
784,1220,-2
72,1025,-3
837,370,-4
275,96,-3
571,518,-2
188,1144,-3
831,1367,0
708,225,-2
655,245,-4
551,157,-3
479,914,-4
483,430,-4
242,1178,-3
1389,71,-4
40,889,0
35,685,-4
1266,117,0
259,186,-4
551,257,-3
888,788,-4
439,2759376,-3
2089740,1142,0
838,547,-3
832,1318,-2
58,77,-4
288,428190,-2
961,266,-3
234,1048,-1
381,699,-3
1048,507,0
91,285,-2
745,231,-4
567,1,-3
1065,1337,-4
349,1271,0
1175,722,-2
447,2089740,0
547,1975282,-2
572,39,-3
708,373,-3
414,96,-3
804,738,0
361,364,-4
922,46,-4
888,1100,-4
699,966,0
40,942,0
99,361,0
832,522,-3
117,1154,0
242,893,-4
966,39,0
234,765,-2
459,987,-2
1254,1309,-4
242,288,-4
727,373,-2
987,1042,-2
914,380,-4
198,1247,-4
430,209,-4
296,722,-3
202,536,-3
224,1000,-4
741,779,0
1190,804,0
1297,742,-4
116,446,-3
1293,1063,-3
893,1334,0
439,1314,-3
219,1026,-3
832,893,-1
230,788,-3
672,1025,0
298,917,0
1368,1223,0
1297,157,-4
1061,326,-3
277,745,-3
22,837,-4
230,1037,-3
5,834,-3
369,203,-3
966,1048,0
93,304,-4
232,838,-3
1338,519,-4
163,31505,-3
188,202,-3
157,296,-4
1220,699,-2
1065,1389,-4
974,1322,0
49,1368,-3
905,853,-2
1190,1366,-3
1256,35,-3
831,400,-4
1124,1341,-3
381,266,-4
1310,1169,-3
791,1142,-3
194,791,-3
1108,722,-3
224,1124,-4
751,298,-2
573,1367,-3
580,886,-4
779,123,0
266,428190,-4
17,2089740,0
1175,985,-4
342,614,-2
33,277,-2
1341,811,0
1075,381,-3
784,1175,-4
1175,810,-3
1358,400,-4
486,136,-3
954,350,-3
5,439,-2
349,150,0
1356,392,-4
922,1199,0
863,9,-4
121,940,-3
188,312,-4
234,298,-3
1065,304,-3
1343,349,0
927,479,0
136,727,-3
961,1111,-3
897,406,-3
872,733,-3
9,1311,-4
1367,447,0
447,1065,-3
439,429,-3
51,522,-2
666,342,0
1219,1069,-3
1013,1347,-3
1227,940,-4
1175,195,-4
731,377,-3
1100,296,-2
1256,1322,0
912,117,0
1338,1265,-4
666,716,0
1219,267,-2
489,277,-2
1266,99,0
1344,1075,-3
446,615,-3
93,567,-3
486,219,-3
733,39,-4
1142,92,-4
718,288,-3
1014,234,-2
770,942,-4
317,234,-4
317,527,-4
714,285,-4
1108,541,-4
179,224,-4
1100,58,-3
149,266,-3
767,1389,0
1228206,275,-2
383,1356,-2
636,39,-4
1256,588,-4
136,35,-4
507,245,0
83,1322,0
968,543,-3
25,337,-3
1060,238,-4
551,400,-4
1014,370,-3
448,1013,-3
448,1366,-3
731,322,-4
917,922,-3
1367,170,-4
150,740,-3
1389,708,-4
1223,383,-2
55,179,-3
803,784,-4
232,987,-3
247,637,-3
999,1026,-3
897,722,-3
292,1146,-4
2089740,730,0
782,257,-3
1975282,83,0
1043,556,-3
655,1309,-4
186,1013,-4
893,952,-4
1219,394,-4
1322,770,0
770,507,0
55,788,-4
765,580,-3
12081,194,-3
831,1174,-4
1026,886,-4
1238,615,-3
1063,233,-2
872,1368,-3
940,993,-3
96,337,-3
369,22,-3
2089740,914,0
1063,697,-4
952,1069,-4
363,905,-3
373,519,-3
968,838,-3
813,1366,-3
886,1228206,-4
853,202,-4
1174,897,-4
534,1227,0
1026,447,-4
1014,755,-3
195,178,-4
194,58,-3
853,184,-4
645,1247,0
522,1000,0
448,486,-3
755,942,-3
512,12081,0
1233,568,-3
814,205,-4
803,205,-3
1346,999,-4
40,1297,0
428190,12081,-3
927,853,0
178,518,-2
1084,381,-2
940,33,-3
942,1228206,-3
863,1042,-3
1271,1223,-3
1195,224,0
655,357,-3
219,853,-3
755,1389,-3
567,12081,-2
361,615,-3
922,337,-3
77,25,-3
257,1233,-3
1174,302,-4
61,580,-2
811,231,0
373,1026,-3
27687,1368,0
1077,1219,0
235,1111,0
1334,968,0
797,942,-4
1311,163,0
1245,1179,-3
803,58,-4
1310,842,-3
318,672,0
377,648,-2
276,1346,-4
785,1344,-3
77,83,0
292,588,0
179,999,-3
1392,459,-3
699,551,-3
685,170,-4
751,1,-3
475,1284,-4
423,428190,-3
396,75,-2
207,1,-3
940,1276,-4
657,109,-4
2089740,863,0
337,109,-3
396,987,-2
714,1026,-4
99,428190,-4
748,361,-4
493,232,-2
1016,1389,-4
12081,1043,-3
1014,274,-3
17,419,-2
96,1061,-3
304,342,-3
1174,631,-4
163,245,0
927,838,0
541,26,-4
838,1311,-4
195,341,-3
1975282,993,-2
268,429,-1
886,765,-4
363,493,-4
396,232,-3
137,2759376,-3
188,1322,0
954,1213,-4
1057,1318,-4
257,380,-2
31505,296,-2
797,400,-4
738,751,0
51,1122,-3
1356,292,-4
305,302,-3
863,888,-4
275,897,-3
163,64,-3
1109,1370,-4
863,1367,-4
117,1271,0
1169,5,-3
1341,1016,-3
170,615,-3
541,341,-3
392,637,-3
364,406,-3
1122,619,-4
1334,832,0
1384652,238,-3
785,198,-4
230,637,-2
22,357,-3
580,116,-2
770,391,-4
837,751,-3
1334,936,0
25,1084,-4
745,150,-3
2759376,391,-2
1075,1338,-4
5,755,-3
35,672,0
123,1050,-4
982,72,-3
242,318,0
512,232,0
164,1356,-4
1366,25,-3
1061,646,-4
51,109,-3
447,58,-3
274,751,-4
611,447,-4
1111,296,-2
232,966,0
736,77,-4
627,810,-3
912,853,-4
1075,573,-3
893,572,-2
993,1043,-3
527,184,-3
164,680,-4
137,207,-4
1213,731,-4
235,1100,-4
1223,1,-3
326,186,-4
1346,493,-3
572,1271,-2
1178,268,-4
931,804,0
479,1284,-4
1343,475,-2
767,1322,0
350,1057,-4
627,115,-3
1276,225,-4
1247,404,0
224,571,-3
1334,341,0
242,40,0
92,363,0
1368,1025,-4
92,733,-3
968,136,-3
551,40,0
637,483,-3
195,207,-3
233,803,-3
872,49,-2
834,922,-4
200,917,-4
1297,803,0
985,740,-4
277,1144,-2
1384652,486,-3
423,805,-2
77,202,-3
708,259,-3
481,627,0
92,588,-4
25,1368,-3
730,631,-2
534,489,0
1108,572,-3
1146,432,-3
369,853,-3
55,1238,0
143,648,-4
2759376,341,-3
205,109,-4
648,631,-4
1010,1063,-3
985,745,-1
1227,235,0
1178,619,-4
267,886,-4
1228,13,-3
1309,697,0
733,888,-3
837,198,-2
49,1219,-1
429,33,-2
1254,150,-4
889,1104,-3
1069,889,-2
1190,785,-2
700,400,-4
1368,897,-4
304,536,-4
2089740,219,0
1208,916,-3
341,188,-3
27687,109,-4
259,275,-3
1075,64,-2
149,448,-3
1144,797,-2
1077,1367,0
742,810,-3
831,59,-4
391,770,-4
832,170,-3
40,439,0
338,1356,0
1094,940,-3
1190,414,-1
242,296,-4
891,889,-4
718,245,-4
1122,1238,-4
536,1228,-3
1142,377,-3
889,122,-1
2090742,611,-3
369,1195,0
1065,1347,-3
429,149,-3
1104,1199,-4
736,75,-4
164,748,-3
170,123,-4
1154,202,-3
716,149,-3
1358,25,-4
737,672,-4
92,1238,-4
49,748,-3
406,1124,-4
1053,863,-3
1030,905,-1
779,179,0
1065,525,-4
1100,317,-4
1309,318,-4
75,150,-4
285,380,-2
338,968,-4
150,1048,-2
235,927,0
207,1220,-3
116,58,-3
391,716,-3
1169,46,-4
1358,432,-3
853,525,0
30,377,-4
486,1192,-3
512,266,0
1037,372,-2
318,1185,-3
740,588,-4
312,804,0
71,863,-3
194,1346,-2
238,203,-3
406,1227,-4
338,887,-4
825,755,-3
428190,391,-3
1337,1975282,-3
770,940,-4
238,563,0
149,547,-3
1276,1013,-4
785,655,-4
1043,235,-4
1199,35,-4
93,1341,-4
483,1247,-4
58,1311,-4
578,1228206,-3
887,737,-4
238,72,-2
17,380,-2
312,350,-3
419,1384652,-3
637,853,-2
1060,831,-4
525,483,0
311,163,-3
891,813,0
99,235,-4
578,437,-3
922,917,-3
1204,1065,-2
163,268,-3
2090742,481,0
547,914,-4
700,259,-4
1276,2089740,0
1109,1124,-3
1356,93,-4
481,1075,0
136,1213,-4
1293,312,-4
912,276,-4
259,447,-4
179,373,-3
99,1169,0
35,1124,-3
311,631,-4
1213,917,-3
1367,1293,-4
276,1000,-4
755,1084,-2
1223,936,-3
1060,522,-3
922,814,-4
834,318,-4
266,200,-4
1109,968,-2
266,541,-4
186,738,0
203,1037,-3
404,60,0
765,2089740,0
30,302,-3
247,25,-4
83,982,0
12081,1094,-3
1975282,302,-3
1142,400,-4
116,1366,-2
1175,234,-2
92,430,-4
1228206,1193,-3
572,940,-3
588,697,0
1392,568,-4
863,916,-4
137,164,-4
1975282,1317,-3
163,1343,-3
1169,1147,-2
758,578,-3
1317,122,-3
150,1025,-4
985,121,-4
1975282,685,-3
242,247,-4
93,927,-4
588,912,-4
1050,285,-3
1247,1175,0
927,247,0
791,71,-2
741,680,-4
733,1311,-3
318,993,-4
1048,203,-3
758,71,-4
940,1271,-3
1271,137,-3
207,157,-4
1356,394,-4
377,611,-3
803,430,0
486,893,-3
1370,813,-4
1318,636,-3
755,369,-2
718,121,-4
143,811,0
209,489,-3
292,900,-4
1245,1084,-1
235,2089740,0
198,1318,-3
257,61,-1
372,1227,-4
446,825,-4
891,59,0
277,797,-2
302,571,-3
943,905,-3
1108,428190,-4
1193,1122,-3
198,708,-3
999,22,-4
974,943,0
459,700,-3
224,831,-4
116,1042,-3
810,838,-3
423,317,-4
17,543,-3
429,163,-4
288,483,-3
1238,936,-4
782,1077,0
917,714,-4
184,1037,0
1185,1297,-3
247,22,-2
982,572,-2
2759376,968,-3
296,736,0
1108,758,-3
966,567,0
534,1322,0
1208,209,-3
942,1276,0
685,288,-2
437,886,-4
1297,391,-3
447,12081,-4
91,1284,-2
534,730,0
922,428190,-3
966,326,0
22,277,-3
203,1175,-3
742,380,-2
372,25,-3
235,137,-3
722,897,-3
1322,361,0
60,143,0
551,75,-3
1057,486,-4
92,1254,-3
1053,372,-2
202,1,-3
361,99,0
666,30,0
318,770,-4
810,1078,-3
731,522,-4
9,338,-4
136,1249,-4
447,1179,-4
121,235,-4
1346,274,-4
194,708,-2
1030,75,-1
26,55,-3
96,242,-4
1,179,-3
853,364,-4
116,238,-3
968,522,-4
326,203,-2
811,1078,0
740,708,-3
296,414,-3
922,1053,-4
1065,305,-3
1048,785,-3
61,305,-3
1025,404,-2
202,922,-3
493,588,-3
791,872,-2
35,765,-4
219,1341,-4
952,731,-4
872,785,-3
394,235,-4
900,982,-3
745,792,0
1344,814,-3
200,666,0
13,543,-3
121,931,-4
143,372,-3
1265,522,-4
1109,985,-3
804,136,0
200,71,-4
338,33,-4
459,232,-2
71,916,-3
380,512,0
927,1100,-3
565,31505,-2
525,748,0
137,30,-3
748,568,-3
99,954,-4
738,731,0
1314,92,-4
1124,1179,-4
233,326,-2
1297,1276,0
288,567,-2
1339,1228,-3
109,392,-4
985,116,-2
1341,447,-4
730,5,-3
580,149,-2
71,568,-3
1392,59,-4
1339,39,0
1291,1026,-4
1366,627,-3
758,475,-4
1233,943,-4
51,406,-3
247,170,0
727,1975282,-3
897,680,-3
912,430,0
186,123,-4
317,825,0
396,259,-3
481,357,0
716,1208,-3
428190,322,-2
170,999,-4
2089740,758,0
40,565,0
64,722,-2
483,404,-3
917,1339,-4
406,1053,-3
657,912,-4
1293,428190,-4
2090742,322,-3
305,121,-3
657,708,-3
75,157,-4
267,489,-3
369,381,-4
1035,238,-3
1223,116,-3
238,122,-2
1256,525,-4
804,414,0
423,727,-4
536,863,-4
813,1276,-4
740,1249,-4
614,396,-2
1392,627,-3
305,429,-2
363,394,0
423,439,-3
17,942,-3
247,551,-3
317,13,0
1000,350,-4
1219,917,-2
1,448,-3
1142,838,-4
493,26,-1
93,1366,-3
136,296,-3
398,796,-3
486,1100,-3
170,1043,-3
225,1048,-3
75,12081,-3
1193,276,-4
936,361,-3
519,527,-4
810,1347,-2
370,891,-4
1228206,1227,-4
966,797,0
486,1194,-2
12081,361,-4
727,931,-3
1384652,627,-3
785,1266,-2
5,285,-1
1341,257,-3
302,1065,-3
400,448,-4
834,611,-3
46,51,-4
1337,72,-4
414,831,-3
1,813,-3
22,437,-4
588,863,0
1142,1975282,-3
748,150,-3
785,137,-4
745,1265,-2
184,1318,-4
645,116,-3
791,219,-3
96,912,-4
5,429,-3
960,479,-3
1154,645,-4
1104,810,-2
685,974,-3
232,737,-4
718,1192,-3
563,527,-4
372,49,-2
1271,803,-3
1343,927,-4
1291,1124,-4
842,448,0
292,1061,-4
304,1013,-3
392,419,-4
751,1384652,-3
631,788,-4
357,942,-2
115,1220,-2
377,170,-4
2759376,1247,-4
1384652,1000,-4
446,1343,-4
430,527,-1
541,170,0
627,1356,-4
985,406,-4
406,1266,-3
627,475,-4
383,619,-3
322,162,-3
627,17,-3
811,889,0
968,1322,-4
1030,1291,-3
377,459,-2
33,1199,0
157,429,-2
483,834,-3
372,1142,-3
361,1025,-4
96,311,-4
149,551,-3
1016,672,-4
109,1104,-4
982,27687,-4
1338,370,-4
1314,730,-4
1174,666,0
578,1146,-4
968,1179,-4
796,646,-4
1014,792,0
1042,804,0
123,993,-3
322,285,-3
404,1100,-2
1247,966,0
91,322,-2
298,900,-4
186,61,-3
357,897,-3
714,863,-4
404,157,-3
1220,960,-2
1392,1366,-4
567,203,-3
121,1077,0
1266,611,-3
563,968,-4
810,326,-3
266,30,-4
475,731,0
17,31505,-1
813,219,-3
1147,394,-2
483,1094,-2
900,164,-4
1179,93,-4
900,1147,-2
891,748,-3
381,748,-2
727,1245,-4
738,1245,0
9,1317,-4
448,1356,-4
1318,369,-3
1195,627,0
170,404,0
259,900,-4
338,1366,-4
931,1175,-4
479,2089740,0
123,164,0
93,943,-3
383,872,-2
373,646,-3
646,960,-2
1199,648,-3
522,25,-3
788,383,-3
1109,304,-3
784,563,-4
872,1147,-3
350,588,-4
481,479,0
1146,9,-4
364,93,-4
534,12081,-4
419,238,-3
672,12081,0
1122,1111,-3
512,1233,0
195,714,-4
276,563,-3
1077,1179,0
1111,224,0
245,905,-4
122,1358,-3
99,1179,-4
22,1053,-4
519,224,-3
91,93,-3
276,831,-4
738,209,0
655,483,-4
235,1284,-4
337,302,-3
143,49,-4
266,96,-4
25,163,0
1013,257,-3
439,1000,-3
522,811,0
1042,646,-3
1111,1050,-4
419,507,-2
1190,338,-4
194,1144,-2
91,446,-2
518,1030,-2
232,714,-4
627,791,-3
1392,541,-4
891,123,0
61,186,-3
580,486,-2
742,1249,-4
788,716,-3
164,13,-4
1026,268,-2
731,737,0
1254,1368,-4
700,551,-3
765,842,-4
927,423,0
917,122,-2
26,697,-3
1347,224,-4
636,394,-3
373,1367,-4
541,730,-4
394,588,-4
35,567,-2
1392,12081,-3
797,748,-2
556,952,-4
1037,1266,-3
162,792,0
1356,178,-4
242,404,-4
58,1309,-4
1322,58,0
267,646,-3
1199,489,-3
186,2090742,0
1111,404,0
276,1317,-4
483,748,-3
900,943,-4
318,985,-4
1169,897,-4
2089740,238,0
1256,1370,-3
1245,758,-4
326,813,-3
311,1053,-2
648,448,-3
1014,394,-4
61,381,-2
61,1025,-3
292,1370,0
1339,257,-3
782,342,-2
900,912,-3
1016,349,0
1077,1208,0
804,993,0
811,1338,0
1069,1223,-4
987,64,-2
741,486,-4
685,186,-4
91,1146,-3
414,341,-3
891,341,-4
982,257,-3
796,219,-4
13,1347,-4
446,887,-4
1343,39,0
432,730,-3
1975282,493,-2
741,428190,-3
1346,985,-4
55,341,-3
1142,357,-3
1192,2089740,0
518,763,-3
1228206,489,-3
889,922,-3
831,571,-2
730,245,-4
1228,1075,-2
396,30,-4
122,164,-4
797,804,0
311,1339,-4
1334,238,0
1276,779,0
39,33,-4
863,136,-3
1035,893,-3
571,163,-3
648,312,-4
143,392,0
285,404,-3
1318,631,-3
666,1366,0
1174,5,-3
832,727,-3
666,999,0
814,738,0
109,224,-4
889,810,-1
1265,785,-3
900,1367,-4
1026,277,-1
1220,369,-2
58,109,-3
525,322,-4
437,657,-3
381,232,-4
680,230,-2
803,12081,-3
1245,685,-3
1013,377,-2
122,1057,-3
1291,92,-4
162,1208,-4
326,361,-4
305,527,-4
83,738,0
1026,439,-4
993,889,-3
961,966,0
1271,288,-2
648,700,-3
186,1228206,-3
486,987,-2
543,1366,-3
46,276,-4
751,1069,-3
448,631,-4
805,745,-3
556,475,-4
164,198,-2
1341,1367,0
164,1238,0
1030,914,-3
1317,700,-4
428190,26,-3
1284,25,-4
481,737,0
157,1975282,-3
1016,1193,-3
1075,136,-3
745,1322,-4
163,109,0
943,832,-3
1256,1341,-2
1060,507,-4
276,922,-3
39,99,-4
9,797,-4
614,733,-2
536,274,-4
137,1094,-3
900,231,-3
1043,481,0
1193,448,-4
1192,834,-4
745,1124,-2
317,565,-4
968,198,-3
230,304,-4
541,1256,-4
614,373,-2
685,792,0
1037,1053,-4
383,274,-3
1228206,377,-2
1037,230,-3
72,1338,-4
655,1358,-4
567,1190,-2
55,188,-3
525,922,-4
247,136,-4
231,1075,-3
805,337,-2
46,1249,-4
611,60,-4
797,99,-3
202,1185,-2
803,1043,-3
225,891,-4
33,373,-3
234,987,-2
437,1169,-3
1366,700,-1
364,326,-3
522,568,-2
571,475,-3
1147,326,-2
1249,834,-4
931,27687,-2
889,645,-3
137,1245,-4
1228,536,-3
164,143,-4
439,123,-3
966,396,0
493,825,-2
423,527,-4
268,936,-3
109,163,0
982,39,-3
1111,205,-4
30,637,-3
207,1227,-4
1193,837,-3
406,91,-2
813,1975282,-3
179,349,0
2759376,512,0
893,541,-1
814,1366,-3
716,115,-2
1030,730,-2
292,982,-3
1065,373,-2
792,1192,0
1014,512,0
685,150,-3
1057,1063,-3
853,993,-4
419,588,-4
304,1194,-3
767,414,0
257,13,-2
1193,547,-3
49,1254,-2
288,305,-2
811,636,0
149,1344,-3
298,1026,-4
77,342,-3
363,204,0
2090742,203,-3
1368,91,-1
927,400,0
1043,13,-3
481,1204,0
680,357,-3
77,1154,-3
296,419,-3
1291,1249,-2
700,275,-2
305,1147,-2
974,298,-4
419,298,-3
1346,1356,-4
1276,708,-4
655,61,-3
1179,1094,-4
842,447,-4
5,888,-3
195,615,-3
755,525,-4
1100,25,-2
748,380,-3
200,636,-4
231,1175,-3
326,1109,-3
770,232,-4
9,825,-4
519,993,-3
1293,1111,-4
1344,1179,-4
813,1334,0
571,565,-1
922,788,-4
481,1094,0
1084,149,-3
479,194,-2
121,259,0
26,573,-2
247,534,0
1000,1233,0
1384652,1310,-2
406,481,0
91,406,-2
33,93,-4
714,922,-4
369,543,-3
741,742,-4
733,518,-3
238,342,-3
205,519,-3
863,672,-4
1219,423,-3
5,1370,-3
627,489,-3
1075,1344,-3
447,194,-2
1199,814,-4
1284,834,-3
534,936,-4
512,1084,0
17,430,-4
905,1256,-2
186,1077,0
1384652,245,-4
912,611,-3
1100,361,-3
232,1358,-4
1223,770,-4
92,982,-3
391,718,-3
274,917,-4
266,493,-2
1146,298,-3
204,26,-3
507,1389,-4
305,804,0
437,763,-4
985,92,-4
437,614,-3
40,27687,0
428190,483,-2
391,209,-3
700,1358,-4
1193,1179,-4
2089740,1256,0
1025,1035,-2
1016,305,-3
811,2759376,0
164,631,-4
1297,17,-4
551,785,-3
162,398,-4
534,853,-4
745,738,0
481,1310,0
813,71,-4
149,797,-3
1227,91,-3
233,1389,-3
116,296,-3
245,162,-4
2090742,83,0
1256,200,-4
782,1043,-3
541,527,-4
406,238,-3
1337,448,0
1293,791,-3
578,814,-4
361,1104,-4
1310,900,-3
518,170,-3
1223,292,-4
568,17,-3
322,1238,-3
26,432,-2
109,974,-4
954,486,-2
304,123,-2
1063,31505,-2
1179,905,-3
423,1389,-4
982,1122,-2
954,429,-3
83,893,0
1037,268,-4
1100,1174,-4
893,792,0
202,886,-4
285,59,-4
137,968,-3
887,235,-4
437,123,-4
1146,257,-3
373,1337,-4
1247,968,-4
1247,1334,0
1265,519,-3
117,391,0
370,1276,-4
1195,337,0
1061,1284,-3
1366,782,-3
974,1154,-2
565,219,-4
655,779,0
30,1094,-4
373,1010,-3
556,1016,-3
178,1223,-3
195,363,-4
202,235,-3
92,493,-2
64,536,-2
373,697,-3
59,534,0
1100,123,-2
1370,804,0
184,1050,-4
1227,198,-4
1142,1179,-4
547,960,-3
1389,115,-3
1169,326,-3
1109,700,-2
556,77,-3
430,1030,-4
1228206,304,-3
1013,1025,-4
1016,727,-3
716,1249,-3
1370,414,-3
235,406,-4
136,825,-4
75,891,0
1199,369,-4
810,805,-2
1284,231,-3
1219,305,-2
207,198,-3
763,519,-3
952,1185,-3
522,341,-3
914,1317,-3
916,751,-4
150,304,-4
13,404,-4
46,742,-4
1185,1192,-3
305,430,-4
61,326,-2
437,115,-3
363,121,0
1178,525,-4
1075,164,-4
99,231,0
767,304,0
619,288,-3
1297,40,0
985,430,0
257,225,-2
121,39,0
785,1389,0
1069,423,-3
1314,238,-4
233,380,-2
1048,788,-4
731,5,-3
795,1069,0
782,796,-3
1037,61,-3
27687,5,-3
231,430,0
1195,61,0
288,960,-2
72,731,-4
5,1293,-2
1,1048,-3
30,1238,-4
1276,872,-2
1063,304,-3
982,121,-4
788,1037,0
123,536,-4
481,940,0
123,1228,-3
1219,966,0
842,571,-3
304,349,0
832,1030,-2
486,305,-1
136,1322,0
737,742,-1
672,266,-4
77,266,-3
121,578,-4
219,960,-3
83,1297,0
1122,891,-3
1247,137,-4
527,179,-4
1341,305,-3
765,637,-3
627,1178,-3
1000,527,-4
219,1249,-4
731,39,-4
1042,439,-3
765,551,-4
541,697,-4
943,60,-4
722,1124,-3
1169,439,-3
1220,33,-2
770,1256,-4
758,1030,-2
779,117,0
1111,1169,-3
1030,234,-2
383,39,-2
573,83,0
954,1142,-4
195,1204,-4
486,370,-3
61,814,-3
60,765,-4
519,93,-4
242,2089740,0
1276,666,0
916,149,-2
312,1016,-3
572,35,-2
275,1238,-3
1228206,578,-3
985,25,-4
423,751,-3
1194,58,-3
311,1233,-4
202,479,-2
1013,430,-4
1254,893,-3
797,224,-4
522,51,-2
891,1346,-4
322,357,-3
1030,952,-3
1220,437,-2
230,1109,-3
219,588,0
1358,522,-4
534,891,0
960,940,-2
1317,993,-3
1037,1077,0
1309,887,-3
987,804,0
666,363,0
758,361,-3
394,572,-2
49,1284,-2
567,1245,-4
1247,810,-4
361,1358,-3
541,813,-3
708,17,-3
700,788,-4
1109,699,-3
337,27687,-4
46,572,-3
1016,966,0
233,627,-3
349,292,0
1117,363,-4
832,1142,-3
565,627,-3
1228,27687,-4
718,512,0
1276,1057,0
738,637,0
233,51,-3
285,700,-3
1179,916,-3
429,1053,-3
1311,1293,-4
406,936,-3
35,342,-3
430,1109,-4
83,1104,0
30,202,-4
541,35,0
1117,1297,-3
788,727,-3
372,1104,-2
893,1048,-3
274,349,0
1043,1144,-2
1228,219,-3
1192,439,-3
1142,741,0
370,1026,-3
178,312,-4
430,292,0
631,551,-3
1000,276,-4
481,571,0
699,536,-3
486,1175,-3
33,400,-2
931,1154,-3
481,1194,0
1199,12081,-4
312,1358,-4
1297,785,-4
541,1337,0
13,285,-4
163,1366,-4
1042,276,-2
1000,383,-2
1154,863,-3
370,954,-3
733,1194,-3
1016,318,-3
758,230,-3
22,305,-3
1063,853,-3
1271,556,-3
1124,1256,-3
1334,1025,0
404,1322,0
565,900,-3
49,961,-3
1228206,697,-4
1146,200,-4
518,837,-3
974,179,-3
429,400,-4
831,459,-3
567,1122,-3
522,2759376,-4
1050,72,-3
631,203,-3
178,373,-3
1358,519,-4
459,302,-3
394,571,-1
697,1010,-4
338,779,0
1266,573,-3
245,1117,-4
143,338,0
2759376,361,-3
742,1297,-4
1284,266,-3
1013,631,-2
940,568,-3
406,1190,-3
1175,72,-2
672,714,0
1337,475,-4
414,136,-3
1366,837,-3
657,627,-3
245,718,-4
1053,238,-2
406,448,-4
372,646,-3
680,437,-4
370,863,-3
863,985,-4
842,578,-3
2759376,383,-2
149,55,-4
737,891,0
737,1174,0
1146,614,-3
459,737,-3
188,936,-3
627,657,-3
392,1256,-3
1368,170,-4
400,1228206,-4
838,805,-3
481,982,0
40,204,0
952,170,0
1016,234,-2
646,432,-3
200,838,-4
439,447,-4
60,931,0
305,60,-4
33,1284,-3
810,288,-3
259,1228206,-4
238,968,-3
1179,580,-3
242,697,0
377,64,-2
568,1057,-4
993,838,-3
1344,428190,-2
1043,39,-4
1174,1266,-4
699,740,-3
888,578,-4
714,481,0
2759376,1339,-4
982,1220,-2
22,888,-4
71,400,-4
1227,1014,-4
1063,573,-2
117,109,0
952,1060,-4
631,567,-3
109,556,-4
1265,627,-3
1108,1341,-3
448,123,-3
219,893,-3
714,1358,-4
267,157,-3
541,446,0
1053,285,-3
1190,916,-3
974,700,-4
342,1030,-2
1069,1013,-3
312,960,-3
31505,1249,-3
304,767,0
580,363,-4
1975282,257,-2
381,1314,-3
1000,475,-4
302,58,-4
961,614,-1
580,55,-3
419,1069,-2
974,727,-2
1014,242,-4
1060,350,-3
999,1078,-3
740,234,-2
373,985,-3
627,121,-4
369,527,0
1975282,1016,-2
758,1144,-3
1199,1109,-4
342,741,-4
1075,2090742,-3
1265,672,-3
109,1346,0
394,162,-3
1199,740,-4
961,481,0
1317,1227,-4
33,637,-3
25,1233,-4
838,91,-3
35,188,-2
99,1042,0
423,791,-3
795,1142,0
83,645,0
26,814,-4
741,813,0
543,578,-3
631,91,-2
795,716,0
117,1322,0
277,1341,-3
731,547,-4
914,312,-4
699,842,-3
1169,900,-2
381,770,-4
1061,377,-3
1042,288,-3
810,1219,-3
298,811,0
200,285,-3
940,275,-3
1194,810,-3
459,305,-3
993,900,-3
770,556,-4
304,714,-4
1146,479,-4
916,205,-3
872,742,-1
91,1245,-3
1078,1356,-3
75,373,-3
943,437,-4
1053,1185,-2
1220,1069,-2
1254,92,-3
372,46,-3
758,1266,-3
1063,1185,-2
1063,91,-2
341,337,-3
905,194,-2
5,1228,-2
404,1060,-3
203,136,-3
936,439,-2
1014,1,-3
292,35,0
1078,1174,-3
1195,825,0
149,619,-3
162,680,-3
804,259,0
49,733,-3
914,186,-4
831,1975282,-3
202,987,-3
1144,614,-2
872,302,-2
966,697,0
59,611,-2
2090742,795,0
5,738,0
149,200,-3
954,277,-1
999,1265,-2
432,1108,-4
232,680,-3
186,1343,0
1358,785,-4
238,536,-4
1256,738,0
714,1284,-4
1297,61,-3
708,1247,-4
137,479,-4
157,349,0
708,60,-3
1190,350,-2
1199,267,-4
137,1311,-4
1238,1175,-4
437,96,-3
33,916,-3
1223,51,-2
1346,202,-4
432,423,-3
394,341,-3
1392,791,-3
209,257,-2
337,740,-2
1370,298,-4
782,811,0
1030,968,-2
439,916,-3
205,274,-4
813,1178,-3
30,838,-4
483,121,-4
1367,1117,-4
203,370,-3
974,1063,-2
203,1010,-3
1344,646,-3
377,627,-3
1111,893,-4
942,202,-4
722,404,-4
837,888,-3
40,92,0
164,430,-3
475,1346,-4
242,1060,-4
186,136,-4
968,916,-3
493,1245,-3
936,1109,-2
648,1368,-4
1065,805,-3
447,527,0
1117,1317,-4
1208,657,-4
1344,572,-2
326,357,-3
982,936,-2
745,1069,-3
1144,225,-3
437,648,-4
893,150,-3
803,814,0
25,275,-3
121,232,-4
811,886,0
518,1334,0
71,779,0
242,1193,-4
838,77,-2
203,198,-2
685,648,-3
350,571,-2
741,1341,-4
188,1190,-3
1228,795,0
1169,1075,-1
288,1013,-3
1178,763,-4
1284,245,-4
27687,1208,-4
302,943,-4
1384652,527,-3
519,563,-4
1276,657,0
666,916,0
1317,1185,-3
519,655,-3
1266,116,-3
572,13,-2
891,274,0
22,1291,-3
448,116,-3
1338,1223,0
489,274,-4
247,837,-2
205,200,-4
404,1142,-4
796,672,0
619,727,-3
837,832,-2
136,785,-3
116,1338,-3
755,1291,-3
91,61,-2
428190,1247,0
1078,188,-3
1108,317,-4
430,1122,-4
234,813,-2
755,1037,-4
341,547,-4
1035,414,-2
268,999,-1
209,518,-2
170,369,-4
1122,838,-3
1195,863,0
2090742,115,-3
164,1384652,-4
795,312,0
72,1368,-3
1228,121,-4
738,1179,0
565,1204,-2
372,337,-2
1370,785,-4
439,588,0
117,1344,-4
804,714,0
1276,1048,-4
179,1084,-3
1194,317,-2
64,459,-3
115,92,-3
117,588,0
202,1000,-3
312,803,-4
178,954,-3
825,631,-4
831,394,-3
1000,419,-4
1284,922,-3
699,475,-3
1347,49,-3
872,889,-2
25,961,-3
235,788,-4
893,863,-4
645,209,-3
745,396,-3
1228206,60,-3
571,186,-4
578,1174,-4
1030,242,-3
276,40,0
927,900,-4
1256,1195,0
779,547,0
1367,305,-4
257,1341,-3
619,1190,-3
527,788,-4
26,1311,-3
17,483,-3
479,116,-3
982,383,-1
872,834,-3
810,1111,-3
5,277,-3
1122,1358,-3
95,718,-3
277,708,-3
1367,751,-3
430,1220,-4
25,27687,-4
2759376,109,-3
1334,370,0
381,1,-3
486,784,-3
751,209,-3
26,17,-3
2759376,1366,-2
259,1341,-4
1317,194,-4
164,232,0
59,1111,-4
372,312,-3
1061,737,-3
1111,9,0
922,832,-3
1266,722,-3
811,493,0
1154,1195,0
755,572,-3
1075,1311,-2
164,1,-4
1026,1057,-4
573,318,-3
317,1311,-3
338,611,-4
1199,92,-3
797,1061,-2
785,832,-3
699,203,-3
363,765,0
758,150,-3
1245,1389,-4
115,1077,0
571,803,-3
522,1343,-4
92,235,-3
1223,317,0
987,423,-3
1013,891,-4
25,796,-4
12081,429,-2
432,1078,-3
157,784,-3
563,1025,-4
960,1199,-4
179,136,-2
1185,968,-3
736,795,0
219,556,-4
123,1063,-3
779,519,0
905,1077,0
178,1249,-4
219,326,-4
1291,1343,-4
432,758,-3
636,547,-3
1343,13,-3
149,966,0
1343,30,-4
398,381,-4
889,1317,-3
1271,207,-3
91,1075,-1
748,448,-4
72,1192,-2
655,178,-4
123,1227,-3
940,231,-2
288,573,-2
1223,341,-4
75,33,-3
1346,782,-4
1208,748,-3
1276,437,-4
447,982,-4
1368,578,-4
372,1238,-2
238,207,-4
1309,637,-2
5,392,-4
619,1124,-2
541,58,-3
741,219,0
567,162,-2
1094,275,-2
1228206,394,-4
231,1318,-4
46,1392,-3
342,162,-4
796,733,-4
968,95,-2
572,685,-3
394,782,-3
1370,922,-4
1358,123,-4
534,887,0
71,1048,-3
922,55,-4
493,1384652,-2
796,446,-4
312,446,-3
1025,430,-1
1144,556,-3
1318,611,-3
1368,745,-4
296,536,-3
767,1317,0
234,785,-2
486,33,-3
268,588,-2
235,391,-4
377,993,-2
276,149,-3
391,184,-4
318,184,-4
9,1220,-3
519,266,-3
987,522,-3
96,782,-3
1195,1310,0
115,738,0
917,699,-1
234,296,-2
459,1048,-3
1384652,1043,-2
782,195,-3
1220,745,-2
430,814,-3
400,547,-4
648,1175,-4
1314,1053,-3
318,943,-4
1339,1084,-3
179,985,-4
377,419,-2
1249,33,-3
551,370,-4
758,1026,-4
1219,392,-4
381,755,-3
1337,392,-4
1,547,-3
27687,737,-4
27687,296,-4
1344,534,0
292,685,-4
266,565,-3
1284,727,-3
205,897,-3
361,1356,-4
33,1013,-2
1000,791,-4
814,1014,-4
1233,116,-3
666,982,0
257,1117,-3
697,619,-4
1228,1030,-2
91,373,-1
1078,758,-3
1075,891,-2
1271,341,-3
637,1271,-2
1174,204,-4
447,230,-3
1238,541,-4
1341,363,0
627,1057,-4
317,810,-4
341,93,-4
209,1154,-2
188,1016,-3
1358,1048,-3
257,655,-3
931,842,-4
568,838,-4
285,163,-4
982,1084,-2
758,398,-4
961,738,0
9,268,-4
1100,26,-3
1025,1194,-4
46,507,-2
419,363,-4
1185,887,-3
837,322,-3
567,765,-4
1271,404,-4
927,1228,0
897,317,0
708,59,-3
373,83,0
178,377,-3
59,699,-3
974,825,-4
95,727,-3
536,170,-4
137,475,-3
274,5,-3
619,1122,-4
437,512,0
551,814,-3
1356,396,-3
245,792,0
1060,302,-4
518,1014,-4
716,1356,-3
51,342,-2
247,1367,-4
341,1367,-4
326,507,0
1223,96,-3
1104,1389,-4
748,863,-4
288,1227,-3
372,77,-2
805,481,0
2090742,372,-3
257,194,-2
974,55,0
83,1094,0
188,373,-3
1144,737,-3
9,519,-4
700,195,-3
341,631,-4
59,143,-4
55,312,-4
614,1053,-3
157,1,-1
1199,741,0
392,257,-3
277,381,-3
700,745,-4
745,364,-4
740,758,-3
430,285,-4
886,1297,0
447,1254,-4
1265,917,-3
209,1147,-3
350,2090742,-2
122,699,-1
1077,740,0
489,123,-3
204,779,0
1042,942,-4
1122,547,-3
813,383,-3
792,245,0
905,235,-4
993,522,-3
157,547,-4
1370,292,0
655,1060,-4
392,1318,-4
116,631,-3
479,40,0
439,51,-2
186,730,-3
872,1190,-2
414,507,-4
163,483,0
419,163,-4
394,64,-3
380,1057,-4
966,115,0
288,205,-2
202,571,-2
837,611,-3
1037,414,-4
655,1199,-4
1122,72,-3
788,31505,-3
782,414,-2
863,917,-4
164,1276,0
432,982,-3
61,943,-3
568,914,-4
149,117,0
274,1014,-3
1124,573,-2
722,1060,-2
268,985,-4
432,556,-3
1100,636,-2
1013,121,-3
2090742,831,-4
727,257,-3
428190,1195,0
942,1175,-4
234,93,-2
1344,960,-3
55,58,-4
31505,738,0
430,727,-4
811,767,0
398,394,-3
1057,298,0
203,318,-3
666,224,0
805,178,-4
25,1291,-4
489,49,-3
614,796,-4
61,1065,-1
59,999,-3
77,887,-4
1208,1048,-3
1194,891,-4
1276,432,-3
784,730,-3
714,931,-4
380,2089740,0
1061,1341,-4
268,922,-3
1311,268,-4
1154,338,-4
247,489,-3
784,1,-2
556,1,-3
646,708,-4
645,2089740,0
198,1389,-4
1337,1108,0
1343,99,-4
117,708,0
1199,302,-4
224,792,0
39,982,-3
109,1389,-4
178,614,-4
1291,231,-4
285,1311,-3
914,614,-3
825,1075,-4
803,117,0
429,123,-3
733,887,-3
383,782,-3
838,954,-3
942,1010,-3
51,26,-2
394,838,-4
541,1084,-4
1291,672,0
198,1050,-2
136,646,-4
1154,741,-4
447,83,0
230,810,-3
893,33,-3
578,742,-3
207,631,-4
567,31505,-2
242,109,-4
322,400,-3
1233,203,-3
1247,1030,-4
863,1366,-3
205,446,-3
46,803,0
961,230,-1
377,2089740,0
1228206,372,-3
1366,917,-3
838,1094,-3
33,730,-2
1204,383,-2
242,1213,-4
512,853,0
1154,337,-2
2090742,247,-4
93,326,-3
1228206,22,-3
1190,627,-2
1154,437,-2
1124,143,-4
699,204,-3
1,900,-2
61,1048,-2
1195,742,0
302,170,0
522,1346,0
33,394,-2
1108,1185,-3
235,219,-4
522,578,-2
1026,1311,-4
364,12081,-4
364,1147,-3
785,966,0
615,1042,-2
1247,423,0
563,982,-4
897,1048,-1
489,527,-4
507,1975282,-4
178,1190,-3
982,733,-3
170,298,0
1042,886,-4
1266,349,0
834,377,-3
369,1190,-3
803,987,-2
1026,429,-3
519,1043,-2
942,1109,-3
736,1037,0
1,1338,-4
1078,1314,-2
1322,795,0
1185,1016,-3
737,1084,-3
363,751,0
46,2089740,0
224,1179,-4
831,1238,0
1208,745,-3
51,565,-3
1220,1000,-3
296,792,0
406,1175,-3
58,1254,-4
392,572,-4
905,58,-3
1048,588,-4
982,317,-3
1347,731,-3
96,428190,-2
770,318,-4
58,791,-4
891,493,-3
349,1318,0
556,459,-3
164,804,0
1356,298,-4
276,1014,-3
631,1013,-2
1389,1322,0
170,1142,-4
1053,231,-3
522,26,-4
1310,916,-2
565,317,-4
872,645,-3
61,363,-4
536,186,-4
268,1392,-4
186,350,-4
1026,914,-4
391,982,-2
536,383,-2
109,200,0
568,350,-3
163,1035,-3
993,430,-4
163,912,-4
391,784,-3
936,123,-3
615,512,0
64,235,-3
58,1178,-4
666,35,0
1190,202,-1
797,235,-4
13,1337,-4
1147,1367,-4
893,782,-2
1341,292,-4
718,1309,-4
33,863,-3
565,234,-2
1318,1014,-4
1341,1030,-2
373,567,-3
1124,1266,-3
164,96,-3
342,274,-3
782,184,-4
1078,697,-4
619,887,-4
571,447,-3
99,46,0
842,611,-3
406,556,-3
527,39,-4
1344,733,-2
234,184,-2
439,736,-4
361,792,0
779,364,0
1271,1065,-2
627,740,-2
1122,1146,-3
708,1254,-3
645,1037,0
326,245,-3
419,1389,-2
292,804,0
1199,1358,-4
1249,751,-4
1109,1026,-3
1265,745,-2
1043,708,-2
13,982,-3
810,342,-3
394,1356,-4
170,149,-4
383,64,-2
277,666,0
1178,727,-2
1311,33,-3
1060,519,-3
922,785,-3
960,357,-2
936,231,-3
59,396,-4
116,364,-3
637,1370,-3
1016,77,-3
380,398,-2
296,1338,0
770,1117,-3
1254,394,-3
1075,1219,-2
233,298,-3
1026,1077,0
364,296,-1
285,1223,-4
547,571,-3
162,810,-3
655,235,0
1271,872,-3
486,72,-2
795,745,0
1309,1310,-4
383,361,-3
893,350,-3
338,1367,0
364,1227,-4
1194,922,-3
897,27687,0
718,1337,-4
123,1347,-3
60,740,-4
1370,718,-3
834,985,-4
1370,404,-4
164,700,-4
1213,1053,-4
779,1317,0
363,611,-4
943,1174,0
888,163,0
209,274,-4
383,832,-2
791,383,-2
1146,26,-3
51,573,-3
887,767,0
727,795,0
93,645,0
1000,1341,-3
987,5,-2
276,342,-4
1122,1334,0
479,1343,-4
680,1010,-2
770,22,-4
40,35,0
93,406,-3
797,680,-2
714,645,-4
392,369,-4
615,232,-3
349,797,0
64,1037,-4
27687,186,0
1309,1026,-4
1154,1334,0
727,404,-4
51,204,-3
1384652,209,-2
1284,580,-3
5,1010,-3
1338,722,-4
305,27687,-4
205,900,-3
580,1122,-2
1314,1154,-3
123,758,-2
1010,1233,-3
765,12081,-4
1339,522,-4
326,136,-2
394,1311,-4
121,1108,0
1347,373,-4
672,109,0
1108,1208,-4
225,285,-3
1366,235,-4
565,1368,-2
75,1078,-3
428190,1035,-1
27687,615,-4
1247,204,0
619,838,-4
700,1192,-4
636,551,-3
137,123,-4
1368,419,-3
1035,49,-2
406,952,-4
655,1227,-4
657,782,-3
235,1192,-4
149,1358,-4
446,733,-2
27687,1228,-4
1094,1297,-4
296,1035,-3
302,765,-4
811,245,0
95,198,-3
1265,685,-2
1195,1343,0
179,1219,-3
1370,810,-3
782,1050,-2
1199,298,0
1194,430,-4
648,22,-4
1318,164,0
186,72,-4
518,1111,-4
567,396,-3
123,437,-4
205,922,-3
143,486,-3
614,543,-3
1195,439,0
1174,1104,-3
519,940,-3
685,1061,-3
225,1109,-3
209,1392,-3
428190,942,-4
162,170,0
648,742,-3
525,35,0
1069,718,-3
121,274,0
1271,755,-2
170,507,0
1069,534,-4
33,727,-3
727,838,-4
573,699,-2
1077,318,0
430,943,0
394,699,-2
714,1341,-4
96,1346,-4
419,1025,-3
2759376,565,-2
1094,91,-2
1219,525,-4
184,741,-4
483,1016,-3
292,337,-4
238,942,-4
46,1208,-4
1392,268,-4
188,863,-3
266,312,-3
205,179,-2
1037,832,-3
1175,392,-3
736,968,-4
372,1322,-4
1124,936,-3
568,230,-3
563,446,-4
225,741,-4
285,1000,-4
565,109,-3
655,1094,-4
708,115,-3
751,615,-2
1358,26,-4
276,404,-3
742,556,-4
1124,1284,-3
225,64,-3
543,1122,-3
1100,1154,-3
266,2090742,-3
927,519,0
1223,257,-3
763,317,0
5,26,-2
795,751,0
1146,184,-4
853,26,-3
31505,2089740,0
396,428190,-2
811,842,0
1249,697,-4
637,1100,-3
1223,796,-4
33,784,-2
1314,115,-3
39,312,-4
779,1147,0
551,1337,-4
1061,1392,-4
1220,22,-3
1000,718,-4
1284,437,-4
318,615,-3
914,448,-4
238,1193,-4
259,428190,-3
1367,886,0
257,1339,-3
292,267,-3
1069,993,-2
326,525,-4
1193,5,-3
541,943,-4
194,61,-1
22,428190,-4
296,1297,0
648,429,-4
525,1179,-3
987,536,-2
349,136,0
1347,1389,-4
736,1341,-3
349,791,0
741,1192,-4
150,1111,-3
1026,430,-4
1219,1094,-2
117,1174,0
349,733,0
573,1341,-3
369,1146,-4
889,369,-3
796,1310,-4
1195,614,0
961,1122,-2
1213,203,-3
150,567,-4
961,914,-3
519,17,-3
115,225,-3
1122,1223,-3
615,274,-4
1147,1014,-4
961,1025,-4
200,121,-4
1185,588,-4
507,1392,-3
722,381,-3
1233,571,-3
49,891,-4
247,797,-4
1247,1311,-4
1194,1245,-3
2089740,486,0
1185,931,-3
31505,1247,-4
1094,414,-3
373,1228,-2
33,1254,-3
1317,900,-4
1050,305,-3
1061,888,-3
391,1025,-3
232,931,-4
810,163,-4
1000,1254,0
475,170,-4
897,232,-4
1063,13,-3
751,381,-3
230,518,-2
755,219,-2
51,1343,-3
72,230,-3
940,897,-3
305,1318,-3
404,565,-3
162,423,-3
231,394,-3
1094,257,-3
1389,572,-4
1108,1293,-4
247,758,-4
398,164,0
782,1154,-3
714,834,-4
60,1356,-4
573,383,-2
31505,59,-3
741,536,0
170,1245,-4
1213,234,-3
518,163,-3
666,1000,0
699,763,-2
512,194,0
733,952,-2
568,245,-3
1057,1000,0
1057,791,-3
481,1339,0
912,736,-4
916,567,-3
207,782,-4
943,5,-3
1293,917,-4
832,232,-2
788,204,-4
225,414,-3
1,568,-2
795,259,0
143,518,-4
657,917,-4
245,1276,-4
64,1084,-2
483,115,-4
1317,400,-3
446,312,-3
718,588,-4
302,580,-3
1204,936,-3
1228,312,-2
349,1338,0
1,961,-2
446,770,-4
1050,974,-4
563,235,0
437,5,-3
1030,784,-3
22,1013,-3
26,943,-3
194,519,-3
188,1368,-3
230,708,-3
922,274,-3
117,481,0
803,51,-3
872,489,-3
556,317,-4
459,93,-3
448,1104,-4
1014,796,0
522,748,-4
648,1122,-3
891,1384652,-3
755,1075,-3
432,1075,-2
551,1122,-3
1208,742,-3
740,493,-2
1043,1100,-2
1314,1043,-4
51,1322,-4
568,92,-3
2759376,525,-4
863,5,-2
1309,1238,-3
219,342,-3
1314,714,0
1000,1030,-3
914,259,0
1975282,1254,-3
615,917,-3
1190,95,-3
117,230,0
563,1109,-4
1318,370,-4
541,551,-3
1075,993,-2
785,1238,-4
394,1192,-4
428190,298,-2
931,419,-3
578,305,-3
1042,758,-4
414,12081,-2
1065,648,-3
99,619,-4
25,1213,-4
93,1190,-3
1043,396,-3
887,968,-4
13,916,-3
305,1109,-3
1179,380,-3
968,1311,-3
832,842,-2
72,961,-3
1142,507,0
242,763,-4
1111,486,-4
25,369,-3
91,914,-2
1077,1,0
1213,1223,-4
1057,188,-4
1014,1104,-4
202,277,-3
1208,966,0
96,722,-3
791,518,-3
1195,748,0
779,13,0
897,117,0
205,942,-4
1042,1084,-3
708,219,-3
1037,302,0
99,573,-3
122,292,-4
276,541,-4
311,1384652,-2
580,72,-3
179,93,-3
572,1,-2
298,614,-4
1030,1338,-4
1016,718,-2
891,1293,0
143,571,-4
1037,795,0
748,117,-4
170,337,-4
740,305,-3
1337,1338,-4
26,207,-3
224,99,0
886,304,0
738,1366,0
1124,1344,-3
1100,33,-2
311,805,-3
317,887,0
1227,1254,-4
755,842,-3
1043,1208,-3
350,404,-3
1317,1347,-4
326,573,-2
900,804,0
341,797,-3
1220,266,-3
121,697,0
556,164,0
1339,184,-4
369,93,-3
93,804,0
893,92,-3
2759376,897,-3
136,810,-4
298,916,-4
767,636,0
916,543,-3
392,203,-3
1199,755,-3
755,834,-3
1016,429,-3
61,400,-4
245,1104,-4
1266,5,-2
486,93,-3
1219,489,-2
567,170,-4
825,9,-4
1084,547,-3
1276,1309,-4
285,900,-2
363,1010,-4
1249,77,-4
39,194,-3
22,203,-3
164,1317,0
838,274,-3
1025,1175,-4
203,685,-3
1117,1175,-3
209,697,-4
627,518,-2
17,370,-2
1035,727,-2
796,968,-3
697,1057,0
853,233,-3
202,525,-3
439,999,-3
406,785,-3
55,5,-3
837,567,-4
1367,534,0
1204,922,-3
391,1124,-3
1195,194,0
507,1343,0
1334,99,0
1266,1142,-4
810,1065,-3
186,648,-3
483,178,-4
999,718,-3
1030,1016,-2
615,1297,-4
1238,1338,0
1025,71,-3
1048,831,-4
952,350,-3
1384652,782,-3
242,178,0
872,741,-4
117,755,-4
779,1174,0
736,1358,0
396,123,-3
207,83,0
92,1384652,-3
541,722,-4
364,404,-4
137,370,-3
1347,437,-4
392,765,-4
1384652,1190,-2
751,22,-4
9,429,-4
337,1048,-3
837,891,-4
737,1339,0
1370,64,-4
813,184,-4
35,137,-3
428190,792,0
507,797,0
373,121,-4
627,1194,-2
30,1060,-4
22,1293,-4
428190,230,-2
64,202,-2
1108,1220,-3
1078,267,-2
202,326,-3
1245,1347,-4
813,943,-4
1043,738,0
2089740,940,0
285,993,-2
60,481,0
974,1014,0
31505,791,-2
527,1053,-3
912,1311,-3
143,99,0
233,33,-3
1075,430,-4
834,483,-3
136,1219,-3
1190,943,-3
954,779,0
5,680,-2
383,974,-3
842,2090742,-4
204,767,-4
259,1358,0
275,912,-3
767,1016,-4
1337,1190,-3
489,838,-4
905,1178,-2
763,46,-4
1339,631,-4
406,765,-3
1144,115,-2
614,699,-3
188,578,-3
541,578,-4
1338,2759376,-4
853,93,-4
745,985,-1
33,202,-3
1043,72,-3
1025,230,-3
1358,1100,-4
1975282,842,-3
475,2090742,-3
740,1293,-3
1337,1111,0
235,588,0
1245,1043,-3
55,238,-4
486,1347,-4
697,893,-3
872,1193,-3
611,170,-4
1193,810,-2
791,277,-2
121,207,-4
1084,1334,0
565,1220,-2
322,736,-3
1334,961,0
1346,727,-4
231,1078,-3
296,1108,-4
527,900,-3
39,406,-4
224,1193,-4
525,231,-4
1310,917,-4
459,741,-4
1368,404,-3
391,838,-3
740,1050,-3
1199,1337,-4
993,672,-4
447,1199,0
1233,813,-4
700,568,-3
1050,341,-4
740,893,-3
645,657,-4
162,202,-3
1370,832,-3
1026,123,-2
912,225,-4
432,298,-3
1146,1227,-4
631,627,-3
745,292,-3
1175,184,-3
1254,60,-4
1025,1057,0
99,556,0
179,1317,-4
646,55,-4
619,522,-4
1057,123,-4
419,1247,-3
646,322,-3
1266,954,-4
184,1238,-4
765,636,-4
225,481,0
25,170,-3
697,985,-4
1025,219,-4
1117,563,-4
231,1193,-4
423,572,-3
195,1344,-4
1061,40,0
1122,804,0
275,1061,-3
95,940,-4
1035,312,-3
573,740,-3
737,1037,0
1035,39,-3
1284,137,-3
1223,419,-3
1192,1228,-3
72,150,-3
842,568,-3
940,974,-4
952,5,-3
1975282,1174,-3
507,231,0
479,83,0
9,115,-4
993,519,-3
1343,292,-4
242,275,-4
372,1179,-2
364,1311,-4
797,1053,-3
219,842,-3
25,785,-3
304,423,-3
655,770,0
837,459,-3
357,765,-4
483,372,-3
716,71,-2
631,897,-3
1179,813,-4
556,1048,-3
276,162,-4
985,954,-4
565,1322,-4
985,803,-3
615,392,-3
993,637,-2
1204,1341,-3
231,648,-4
230,357,-3
1341,999,-3
742,1367,-3
1192,543,-3
1220,234,-1
380,285,-2
718,179,-3
887,39,-4
46,1108,-4
122,428190,-2
837,1347,-3
266,5,-3
831,1146,-3
931,1169,-4
373,439,-2
1368,27687,0
30,2090742,-4
318,27687,0
936,274,-4
