u,v,JC
242,741,0.0
406,370,0.0
149,556,0.0
2521991,275,0.0
550,77,0.0
489,755,0.0
608,445,0.16666666666666666
35,44,0.09523809523809523
740,719,0.0
567,758,0.05263157894736842
39,740,0.0
810,145,0.0
571,285,0.0
200,700,0.0
146270,257,0.0
59,121,0.058823529411764705
275,341,0.09090909090909091
198,615,0.0
143,541,0.0
305,406,0.0
193,547,0.08333333333333333
332,657,0.1111111111111111
63,657,0.0
233,205,0.0
143,5,0.0
611,35,0.08695652173913043
834,568,0.0
483,445,0.08333333333333333
714,402,0.0
861,714,0.0
547,609,0.0
459,534,0.0
755,775,0.0
247,396,0.0
390,34,0.0
714,758,0.0
697,588,0.0
145,77,0.0
193,145,0.0
42,58,0.0
232,63,0.0
556,448,0.03225806451612903
376,373,0.0
373,414,0.0
758,266,0.0
233,657,0.09090909090909091
34,145,0.0
42,525,0.07692307692307693
285,414,0.0
61,318,0.0
326,87,0.0
422,202,0.07142857142857142
563,428,0.0
613,115,0.14285714285714285
317,361,0.0
364,195,0.0
447,588,0.0
350,44,0.0
234,631,0.0
810,288,0.0
825,292,0.0
483,117,0.07692307692307693
162,431,0.0
834,419,0.0
292,188,0.0
627,308,0.0
825,332,0.0
96,279,0.0
396,572,0.038461538461538464
59,797,0.043478260869565216
200,614,0.14285714285714285
782,730,0.0
838,285,0.0
61,93,0.0
700,782,0.0
13,795,0.0
288,419,0.0
72,111,0.0
206,446,0.0
361,897,0.0
514,521,0.08333333333333333
673,193,0.0
518,200,0.2222222222222222
876,267,0.0
404,230,0.041666666666666664
162,534,0.0
2089740,795,0.0
796,394,0.0
200,30,0.0
507,75,0.08333333333333333
371,572,0.0
377,287,0.0
188,429,0.07692307692307693
571,608,0.037037037037037035
536,96,0.0
316,39,0.0
189,99,0.0
714,106,0.0
264,550,0.14285714285714285
380,203,0.0
568,370,0.1
67,856,0.0
72,832,0.0
429,779,0.0
432,362,0.0
162,680,0.0
308,115,0.0
781,59,0.0
852,888,0.125
189,745,0.0
740,796,0.0
615,341,0.0
615,106,0.05263157894736842
49,457,0.07692307692307693
219,123,0.0
235,567,0.0
719,85,0.0
224,361,0.0
13,445,0.0
514,232,0.05
40,381,0.030303030303030304
779,431,0.0
781,357,0.03333333333333333
163,419,0.0
67,380,0.0
598,861,0.0
63,121,0.0
837,376,0.0
145,247,0.0
888,234,0.0
60,667,0.125
204,763,0.0
162,322,0.0
489,99,0.1
547,636,0.0
207,162,0.0
392,115,0.0
431,233,0.0
493,195,0.0
22,189,0.0
163,563,0.0
550,825,0.0
33,614,0.0
37,247,0.0
288,414,0.0
917,737,0.0
360,792,0.0
614,888,0.0
645,726,0.0
63,42,0.0
432,703,0.0
44,779,0.0
27687,534,0.09090909090909091
200,621,0.0
673,730,0.0
361,423,0.0
288,12081,0.0
799,917,0.0
267,117,0.03225806451612903
108465,543,0.0
93,200,0.0
428,163,0.0
536,810,0.0
35,726,0.05714285714285714
680,305,0.0
205,666,0.0
528,779,0.0
238,619,0.0
631,813,0.0
856,740,0.0
27687,373,0.0
536,706,0.0
99,288,0.0
394,235,0.0
67,147,0.0
383,619,0.015384615384615385
792,2521991,0.0
264,17,0.0
350,373,0.07142857142857142
115,758,0.0625
313,42,0.0
71,370,0.0
588,373,0.1111111111111111
614,184,0.0
51,483,0.09090909090909091
462,842,0.16666666666666666
231,87,0.0
775,598,0.0
357,186,0.03333333333333333
402,613,0.0
538,404,0.0
423,383,0.0945945945945946
529,897,0.0
117,371,0.0
402,571,0.0
116,91,0.09090909090909091
431,121,0.0
193,380,0.05555555555555555
781,445,0.0
737,889,0.0
326,219,0.0
40,184,0.0
91,528,0.0
13,259,0.0
145,837,0.0
445,2089740,0.0
825,275,0.0
507,12081,0.0
580,527,0.045454545454545456
308,459,0.0
428,1,0.0
2089740,302,0.0
26,318,0.05555555555555555
71,770,0.0
619,797,0.0
285,76,0.0
889,33,0.0
444,224,0.0
922,842,0.0
507,372,0.09090909090909091
299,194,0.0
916,318,0.0
716,188,0.0
2089740,193,0.0
225,384,0.14285714285714285
137,33,0.0
371,106,0.0
72,813,0.14285714285714285
303,528,0.0
316,133,0.0
422,567,0.07692307692307693
299,164,0.0
93,479,0.2
889,414,0.0
332,285,0.0
311,117,0.0
888,521,0.0
303,186,0.0
242,312,0.0
428,878,0.0
75,439,0.0
390,219,0.0
457,657,0.0
741,350,0.0
277,745,0.0
312,60,0.0
238,58,0.0
67,71,0.0
361,588,0.0
785,27687,0.0
341,834,0.0
163,93,0.0
259,224,0.0
700,274,0.0
309844,146270,0.0
267,428,0.0
373,605,0.0
22,673,0.09090909090909091
437,572,0.07142857142857142
781,189,0.0
437,267,0.06451612903225806
722,77,0.0
203,147,0.0
318,37,0.0
71,834,0.0
44,429,0.0
763,189,0.0
730,234,0.0
162,357,0.06451612903225806
700,136,0.0
242,527,0.0
745,888,0.0
758,106,0.09090909090909091
188,431,0.0
369,680,0.0625
578,390,0.0
667,714,0.0
721,85,0.0
49,507,0.0
437,876,0.0
733,1384652,0.019230769230769232
714,888,0.0
267,745,0.0
44,376,0.0
611,763,0.0
207,392,0.0
231,706,0.0
184,189,0.0
27687,479,0.1
445,838,0.0
349,914,0.0
922,536,0.0
872,35,0.0
25,1384652,0.10909090909090909
479,557,0.14285714285714285
634,781,0.0
706,462,0.0
230,264,0.0
719,782,0.2
700,232,0.0
63,394,0.0
55,529,0.0
357,437,0.125
729,2089740,0.0
9,332,0.0
383,341,0.04285714285714286
30,96,0.0
267,137,0.058823529411764705
117,390,0.0
184,758,0.0
34,224,0.14285714285714285
42,332,0.0
67,85,0.0
740,380,0.0
423,370,0.09523809523809523
536,342,0.0
673,285,0.0
876,275,0.0
917,380,0.0
483,697,0.0
825,737,0.0
370,751,0.0
93,856,0.0
784,350,0.0
363,136,0.0
718,72,0.0
541,312,0.0
318,872,0.0
396,714,0.0
718,51,0.0
13,396,0.0
784,636,0.0
123,198,0.0
567,206,0.05555555555555555
431,377,0.0
727,659,0.0
748,111,0.0
402,614,0.0
143,740,0.0
193,634,0.0
362,519,0.0
72,666,0.0
763,781,0.0
876,22,0.0
861,1,0.0
92,149,0.0
332,547,0.0
121,369,0.06666666666666667
419,369,0.0
2089740,380,0.0
115,718,0.0
360,9,0.0
233,439,0.09090909090909091
99,578,0.0
428,512,0.0
634,349,0.0
666,699,0.0
370,25,0.05555555555555555
13,636,0.0625
719,188,0.0
394,67,0.0
136,202,0.0
225,360,0.0
149,67,0.0
573,557,0.0625
521,713,0.0
267,518,0.10714285714285714
837,518,0.0
318,364,0.0
795,673,0.0
784,852,0.0
755,897,0.1111111111111111
12081,394,0.0
316,296,0.0
758,122,0.05128205128205128
13,856,0.0
9,371,0.0
49,840,0.0
475,267,0.0
360,225,0.0
360,342,0.05555555555555555
1384652,781,0.02040816326530612
722,308,0.0
238,224,0.0
381,17,0.0
799,203,0.0
722,44,0.0
891,657,0.125
122,108465,0.02857142857142857
627,372,0.0
889,598,0.16666666666666666
372,813,0.0
457,137,0.0625
697,371,0.0
888,2521991,0.0
299,722,0.0
373,203,0.0
876,914,0.0
615,657,0.08333333333333333
522,605,0.0
67,680,0.0
741,27687,0.0
795,547,0.07692307692307693
785,13,0.0
503,58,0.0
837,235,0.1111111111111111
699,842,0.0
571,406,0.0
634,22,0.0
33,194,0.0
547,371,0.0
1,116,0.0
922,305,0.0
186,316,0.0
876,26,0.06666666666666667
611,795,0.0
117,751,0.0
383,49,0.02857142857142857
266,748,0.0
521,634,0.0
2521991,2089740,0.0
202,541,0.0
528,567,0.0
363,615,0.0
716,888,0.0
541,370,0.0
362,538,0.0
9,888,0.0
922,799,0.0
224,58,0.058823529411764705
91,67,0.0
383,563,0.015151515151515152
51,188,0.047619047619047616
341,235,0.0
287,377,0.0
543,645,0.0
680,852,0.0
149,445,0.0
198,59,0.0
318,27687,0.0
430,390,0.0
636,483,0.0
475,279,0.0
486,49,0.07142857142857142
383,781,0.0
659,832,0.125
765,444,0.0
419,889,0.038461538461538464
775,730,0.0
186,360,0.0
445,842,0.0
737,831,0.0
376,737,0.0
242,361,0.0
718,699,0.0
259,2521991,0.0
578,117,0.0
184,730,0.0
878,748,0.0
147,332,0.0
837,341,0.0
432,285,0.07692307692307693
512,224,0.0
784,203,0.0
832,645,0.0
838,722,0.0
765,108465,0.0
235,30,0.0
645,580,0.4
147,457,0.0
444,394,0.0
475,398,0.0
598,863,0.0
550,781,0.0
448,275,0.16666666666666666
332,279,0.0
299,636,0.08333333333333333
145,30,0.0
390,567,0.0
631,115,0.0
529,116,0.0
414,296,0.0
184,203,0.0
741,572,0.0
259,445,0.0
233,538,0.0
162,2089740,0.0
206,44,0.07142857142857142
46,457,0.0
46,373,0.0
206,457,0.0625
578,299,0.0
225,598,0.0
224,381,0.03333333333333333
730,91,0.0
164,572,0.0
697,224,0.16666666666666666
312,292,0.0
613,184,0.0
60,748,0.0
832,193,0.3333333333333333
116,631,0.0
611,431,0.0
224,92,0.0
1384652,303,0.0
361,429,0.0
308,444,0.0
106,627,0.0
121,189,0.0
779,111,0.0
121,95,0.0
312,872,0.0
225,46,0.0
573,891,0.0625
205,718,0.0
475,322,0.0
25,534,0.0
206,362,0.0
277,889,0.0
541,137,0.0
795,838,0.0
680,34,0.045454545454545456
514,342,0.14814814814814814
429,279,0.1
85,430,0.0
657,613,0.0
26,149,0.0
765,737,0.0
147,390,0.0
634,292,0.0
383,730,0.03125
475,1384652,0.058823529411764705
627,631,0.0
529,170,0.0
266,745,0.0
722,369,0.0
147,264,0.09090909090909091
342,72,0.047619047619047616
259,42,0.0
721,376,0.0
615,680,0.058823529411764705
71,224,0.07142857142857142
657,430,0.0
308,512,0.0
225,571,0.0
457,85,0.0
700,332,0.0
316,349,0.0
296,657,0.125
267,72,0.10344827586206896
309844,2089740,0.0
146270,627,0.0
891,349,0.0
390,96,0.0
149,588,0.25
25,332,0.05555555555555555
99,888,0.0
147,163,0.0
796,37,0.0
9,550,0.0
713,184,0.0
361,75,0.0
392,332,0.1111111111111111
93,288,0.0
486,493,0.030303030303030304
536,316,0.0
779,810,0.0
376,234,0.0
5,831,0.0
91,116,0.09090909090909091
170,195,0.0
391,37,0.0
230,514,0.05263157894736842
781,299,0.0
784,145,0.0
543,231,0.0
71,312,0.0
30,299,0.07692307692307693
563,51,0.0
383,285,0.030303030303030304
67,791,0.0
373,611,0.0
35,61,0.0
277,838,0.1
609,111,0.0
551,394,0.0
259,146270,0.0
673,302,0.0
598,33,0.0
842,312,0.0
445,721,0.125
563,327,0.0
302,58,0.0
722,459,0.0
332,699,0.0
203,302,0.0
810,108465,0.0
519,538,0.0
856,837,0.0
856,341,0.0
680,394,0.0
528,922,0.0
751,792,0.0
784,302,0.0
721,26,0.04
512,572,0.0
699,573,0.0
72,634,0.0
316,796,0.0
34,326,0.0
123,111,0.0
398,799,0.0
95,722,0.0
493,666,0.0
611,71,0.125
631,831,0.0
842,373,0.0
203,137,0.0
419,371,0.0
429,318,0.0
831,33,0.0
46,852,0.0
444,659,0.0
362,63,0.0
233,133,0.0
207,457,0.0
342,61,0.0
242,795,0.0
116,60,0.08108108108108109
115,136,0.09090909090909091
837,733,0.125
123,311,0.0
784,713,0.0
714,146270,0.0
429,274,0.0625
206,170,0.0
419,556,0.08695652173913043
108465,489,0.0
726,204,0.07407407407407407
863,121,0.0
371,740,0.0
17,184,0.0
163,111,0.0
198,25,0.0625
205,765,0.16666666666666666
770,184,0.0
889,514,0.0
519,157,0.0
697,572,0.0
108465,856,0.0
96,27687,0.0
149,377,0.0
834,292,0.0
206,51,0.037037037037037035
713,341,0.0
414,493,0.0
428,721,0.0
189,137,0.0
719,67,0.0
267,12081,0.0
204,782,0.07142857142857142
479,396,0.043478260869565216
13,394,0.0
430,856,0.0
431,521,0.0
292,30,0.08333333333333333
157,71,0.0
327,611,0.06666666666666667
631,863,0.0
445,706,0.16666666666666666
396,72,0.08
313,446,0.0
525,137,0.0
722,202,0.0
149,781,0.0
203,605,0.0
133,341,0.0
571,83,0.03225806451612903
383,27687,0.028985507246376812
40,571,0.0
396,543,0.0
447,706,0.0
376,543,0.0
765,567,0.125
423,303,0.0
512,26,0.0
332,115,0.0
83,206,0.043478260869565216
357,719,0.0
60,63,0.0
713,277,0.1111111111111111
299,580,0.0
304,27687,0.07692307692307693
733,615,0.07692307692307693
430,797,0.0
563,745,0.0
598,512,0.0
305,751,0.0
230,121,0.09090909090909091
1384652,357,0.11940298507462686
404,357,0.0425531914893617
108465,538,0.0
615,44,0.09090909090909091
840,680,0.0
234,42,0.0
621,247,0.0
58,341,0.045454545454545456
507,316,0.0
608,277,0.0
371,87,0.0
311,396,0.0
383,58,0.0821917808219178
380,703,0.041666666666666664
645,751,0.0
188,106,0.0625
447,71,0.0
247,547,0.0
106,369,0.0
493,8,0.0
588,414,0.0
12081,232,0.0
71,390,0.0
402,67,0.0
363,2521991,0.0
288,186,0.0
193,667,0.3333333333333333
507,522,0.08333333333333333
832,445,0.0
631,285,0.0
13,219,0.0
792,536,0.0
755,429,0.0
404,34,0.09375
304,613,0.1111111111111111
779,147,0.0
580,459,0.0
147,195,0.0
207,856,0.0
95,391,0.0
713,838,0.5
398,713,0.0
67,17,0.0
116,34,0.12195121951219512
205,763,0.0
922,361,0.0
34,512,0.0
722,137,0.0
267,235,0.03225806451612903
657,445,0.1
170,636,0.0
376,198,0.0
840,274,0.0
521,636,0.05555555555555555
143,12081,0.0
784,872,0.0
571,457,0.08333333333333333
917,322,0.0
296,17,0.0
203,457,0.0
398,791,0.0
1384652,232,0.0
722,512,0.0
360,164,0.0
631,257,0.0
309844,116,0.07692307692307693
447,184,0.0
445,184,0.16666666666666666
332,878,0.0
316,536,0.0
437,296,0.09090909090909091
852,785,0.0
275,432,0.08333333333333333
394,76,0.0
428,462,0.0
186,567,0.1
627,233,0.0
745,486,0.0
327,741,0.0
33,219,0.0
430,9,0.0
428,657,0.0
193,13,0.0
636,578,0.0
741,557,0.0
76,122,0.0
613,25,0.0
398,361,0.0
231,198,0.0
528,26,0.0
34,422,0.05555555555555555
33,878,0.0
527,507,0.0
543,568,0.0
507,673,0.0
700,614,0.0
825,364,0.0
205,719,0.0
157,238,0.0
136,224,0.0
538,12081,0.0
621,309844,0.0
483,312,0.0
888,637,0.0
534,706,0.2
39,876,0.0
205,402,0.0
729,627,0.0
514,729,0.15789473684210525
673,13,0.0
25,611,0.0
198,188,0.0
529,67,0.0
164,538,0.0
404,370,0.038461538461538464
543,527,0.0
714,605,0.0
572,376,0.0
914,834,0.0
235,1,0.0
122,39,0.03225806451612903
547,645,0.0
392,588,0.0
556,95,0.0
76,529,0.0
274,719,0.0
563,580,0.0
371,232,0.0
67,326,0.0
634,257,0.0
447,302,0.0
194,27687,0.15384615384615385
527,730,0.0
133,12081,0.0
219,372,0.0
795,264,0.0
567,55,0.06666666666666667
318,825,0.0
238,121,0.0
364,27687,0.0
722,93,0.0
446,200,0.125
170,444,0.0
188,673,0.0
170,309844,0.0
737,615,0.0
729,27687,0.0
349,447,0.0
613,40,0.125
267,369,0.0
232,44,0.0
722,493,0.0
446,1384652,0.0
781,63,0.0
9,572,0.0
667,763,0.0
162,147,0.0
518,813,0.16666666666666666
234,170,0.0
1,317,0.0
706,357,0.03571428571428571
42,503,0.0
147,878,0.0
404,547,0.03125
573,85,0.0
233,727,0.0
718,571,0.0
588,225,0.0
116,419,0.12244897959183673
872,741,0.0
35,8,0.0
796,621,0.0
373,519,0.0
311,1384652,0.0
267,77,0.0
751,745,0.0
75,727,0.0
729,377,0.0
872,916,0.0
447,106,0.0
2521991,202,0.0
667,288,0.0
729,831,0.0
567,391,0.0
627,303,0.0
727,267,0.0
317,123,0.0
568,751,0.0
897,726,0.05555555555555555
71,157,0.0
614,332,0.0
266,44,0.0
275,75,0.0
891,203,0.0
77,292,0.0
279,123,0.0
598,840,0.0
563,46,0.0
636,46,0.0
394,700,0.0
914,863,0.0
322,748,0.0
95,716,0.0
922,22,0.0
377,863,0.0
304,170,0.0
202,404,0.034482758620689655
445,332,0.1
279,439,0.0
422,580,0.0
621,765,0.0
525,529,0.0
274,745,0.0
60,719,0.0
457,917,0.0
657,588,0.0
489,578,0.0
483,259,0.0
609,432,0.0
313,503,0.0
200,117,0.09090909090909091
205,842,0.0
563,25,0.0
391,383,0.0
876,193,0.0
224,831,0.0
312,372,0.1111111111111111
796,99,0.0
25,111,0.0
233,92,0.03225806451612903
111,63,0.0
136,782,0.0
825,193,0.0
429,922,0.0
204,619,0.07692307692307693
257,627,0.0
275,12081,0.0
316,224,0.0
713,360,0.0
619,304,0.0
419,703,0.0
200,619,0.0
493,423,0.07142857142857142
614,645,0.0
840,198,0.0
740,429,0.0
856,878,0.0
108465,287,0.0
729,9,0.0
111,317,0.0
9,722,0.0
316,95,0.0
362,729,0.0
878,122,0.0
230,406,0.05
785,758,0.0
430,264,0.0
631,547,0.0
917,26,0.0
85,122,0.0
204,634,0.0
423,219,0.0
370,840,0.0
522,631,0.0
556,571,0.02127659574468085
457,613,0.125
12081,722,0.0
264,247,0.0
459,383,0.0
422,189,0.0
394,448,0.0
200,608,0.0
758,795,0.0
673,810,0.0
381,75,0.058823529411764705
727,797,0.0
92,551,0.06666666666666667
429,361,0.0
380,741,0.0
479,733,0.1111111111111111
512,275,0.0
550,205,0.0
195,572,0.0
479,525,0.0
842,5,0.0
384,145,0.0
615,897,0.0
615,876,0.0
377,763,0.09090909090909091
578,751,0.0
1,645,0.0
673,108465,0.06666666666666667
722,364,0.0
390,49,0.0
556,765,0.0
2521991,106,0.0
71,259,0.0
745,17,0.0
275,431,0.0
733,76,0.0
117,360,0.0
614,721,0.15384615384615385
897,46,0.0
292,170,0.0
619,277,0.09090909090909091
2521991,872,0.0
737,341,0.0
242,578,0.0
238,188,0.0
55,636,0.0
257,377,0.0
287,797,0.0
390,614,0.0
518,659,0.0
234,8,0.09090909090909091
238,891,0.0
342,392,0.0
834,318,0.0
733,37,0.1111111111111111
483,457,0.0
369,838,0.0
341,430,0.0
489,75,0.15384615384615385
46,77,0.0
740,275,0.0
422,17,0.0
146270,303,0.0
33,58,0.041666666666666664
136,332,0.0
1,83,0.0
137,439,0.0
327,479,0.16666666666666666
12081,184,0.0
46,557,0.0
350,741,0.0
636,810,0.0
706,279,0.0
230,792,0.0
392,423,0.0
428,372,0.0
25,730,0.0
108465,2521991,0.0
288,605,0.0
842,27687,0.0
309844,42,0.07692307692307693
659,234,0.0
9,231,0.0
763,721,0.0
837,573,0.0
391,206,0.0
232,206,0.0
775,637,0.0
164,605,0.0
136,219,0.0
697,578,0.0
432,737,0.0
349,266,0.0
398,149,0.0
299,706,0.0
406,608,0.18181818181818182
432,797,0.0
391,195,0.0
837,557,0.0
580,613,0.0
106,111,0.0
164,448,0.0
302,538,0.0
162,71,0.13333333333333333
657,302,0.0
621,876,0.0
13,825,0.0
299,507,0.0
445,5,0.07142857142857142
729,58,0.0
770,49,0.0
309844,232,0.0
713,136,0.0
792,775,0.0
390,5,0.09090909090909091
275,2089740,0.0
398,716,0.0
200,377,0.0
551,791,0.0
507,8,0.0
61,609,0.0
106,25,0.08333333333333333
726,123,0.0
429,162,0.0
521,303,0.0
891,534,0.0
423,93,0.0
598,312,0.0
207,58,0.06666666666666667
573,429,0.0
275,350,0.09090909090909091
637,46,0.041666666666666664
234,813,0.0
61,863,0.0
697,279,0.0
186,745,0.0
203,259,0.0
370,627,0.0
507,234,0.06666666666666667
232,184,0.0
572,391,0.09090909090909091
108465,122,0.02857142857142857
363,573,0.0
608,51,0.041666666666666664
713,518,0.0
349,372,0.0
380,372,0.043478260869565216
342,380,0.0
799,727,0.0
447,198,0.0
572,888,0.0
528,370,0.0
840,729,0.0
889,257,0.0
371,430,0.0
703,636,0.058823529411764705
1,792,0.0
383,92,0.05952380952380952
200,394,0.0
863,917,0.0
863,71,0.0
225,842,0.0
327,123,0.1
483,889,0.0
419,525,0.06896551724137931
61,264,0.0
189,302,0.0
357,447,0.06896551724137931
475,383,0.014285714285714285
311,571,0.0
598,116,0.0
37,371,0.0
475,567,0.07142857142857142
370,391,0.0
309844,700,0.0
838,279,0.0
718,233,0.0
363,316,0.0
206,722,0.0
838,275,0.0
527,277,0.07692307692307693
703,202,0.0
571,202,0.0
627,267,0.0
147,136,0.18181818181818182
390,527,0.047619047619047616
76,479,0.0
369,384,0.0
162,22,0.14285714285714285
842,745,0.0
362,8,0.0
26,143,0.0
872,856,0.0
876,637,0.05
486,856,0.0
2089740,437,0.0
1,5,0.0
572,423,0.0
621,303,0.0
116,758,0.07142857142857142
46,479,0.1111111111111111
202,897,0.0
571,85,0.0
247,613,0.0
727,59,0.0
26,797,0.0
1,360,0.0
234,55,0.0
605,792,0.0
518,136,0.08333333333333333
889,430,0.0
83,615,0.0
825,342,0.0
55,288,0.0
536,317,0.0
588,203,0.0
852,326,0.0
785,26,0.0
813,224,0.0
259,784,0.0
27687,716,0.0
512,13,0.09090909090909091
341,431,0.058823529411764705
837,615,0.0
12081,825,0.0
205,556,0.030303030303030304
791,613,0.0
571,99,0.0
810,357,0.02702702702702703
483,49,0.0
59,856,0.0
578,147,0.0
143,697,0.0
541,390,0.0
44,275,0.0
341,842,0.1111111111111111
305,795,0.2
462,203,0.0
580,30,0.07142857142857142
758,305,0.0
631,571,0.0
748,193,0.3333333333333333
361,402,0.0
326,40,0.0
361,5,0.0
598,26,0.0
486,376,0.0
145,726,0.0
247,852,0.0
311,205,0.0
22,39,0.0
13,96,0.0
35,680,0.03571428571428571
722,205,0.0
91,770,0.02040816326530612
512,414,0.0
611,225,0.0
186,25,0.0
149,204,0.0
598,636,0.0
369,364,0.0
745,636,0.0
259,613,0.0
377,872,0.0
680,792,0.0
164,186,0.0
377,376,0.0
8,264,0.0
722,207,0.0
350,194,0.0
838,611,0.0
219,398,0.0
645,59,0.0
489,726,0.08695652173913043
745,392,0.0
888,49,0.0
402,305,0.0
377,657,0.0
703,700,0.0
372,838,0.0
748,580,0.0
49,459,0.0
349,46,0.0
76,77,0.2
551,5,0.06666666666666667
75,447,0.0
878,396,0.0
332,87,0.0
423,888,0.05
479,146270,0.0
657,422,0.1
296,782,0.0
700,58,0.0
111,419,0.038461538461538464
457,525,0.0
512,863,0.0
525,364,0.0
87,914,0.0
264,372,0.0
99,123,0.0
398,541,0.0
737,700,0.0
758,277,0.10526315789473684
1,55,0.0
76,889,0.3333333333333333
267,740,0.0
373,384,0.0
831,369,0.0
292,12081,0.0
404,362,0.0
571,17,0.043478260869565216
825,567,0.0
257,782,0.0
398,25,0.06666666666666667
233,39,0.0
727,861,0.0
621,745,0.0
525,1384652,0.03773584905660377
380,667,0.05555555555555555
349,371,0.0
305,619,0.0
840,39,0.0
538,861,0.0
547,238,0.0
30,609,0.0
264,394,0.0
396,634,0.0
145,578,0.0
741,519,0.0
740,364,0.0
834,383,0.0
95,341,0.0
224,111,0.0
71,303,0.0
287,8,0.0
406,342,0.1
567,396,0.037037037037037035
861,551,0.0
666,439,0.0
457,164,0.0
327,59,0.0
522,25,0.047619047619047616
277,234,0.0
795,852,0.0
697,170,0.0
621,428,0.0
121,303,0.0
657,528,0.0
740,122,0.029411764705882353
42,459,0.0
116,204,0.07317073170731707
534,390,0.0
83,770,0.043478260869565216
40,745,0.0
703,33,0.0
840,721,0.0
372,831,0.0
384,296,0.07692307692307693
666,40,0.0
852,431,0.0
117,718,0.0
238,257,0.0
364,292,0.0
703,837,0.0
459,785,0.0
489,457,0.0
459,631,0.0
381,341,0.0
406,58,0.1
437,659,0.0
567,342,0.09523809523809523
309844,342,0.043478260869565216
77,106,0.0
350,371,0.0
360,791,0.0
93,376,0.0
121,627,0.0
303,837,0.0
58,2521991,0.0
680,796,0.0
765,58,0.0
507,341,0.0
274,312,0.1
614,784,0.0
914,288,0.0
207,878,0.0
279,361,0.0
745,917,0.0
312,611,0.0
305,483,0.0
673,35,0.0
489,775,0.0
143,726,0.0
831,459,0.0
157,667,0.0
369,834,0.0
721,861,0.0
318,342,0.0
332,361,0.0
608,447,0.0
234,657,0.0
234,317,0.0
1,287,0.0
266,775,0.0
202,224,0.09090909090909091
37,92,0.03571428571428571
91,751,0.0
541,825,0.0
740,384,0.06666666666666667
12081,274,0.0
225,317,0.0
419,878,0.038461538461538464
534,432,0.0
369,61,0.0
225,914,0.0
842,302,0.0
230,327,0.08333333333333333
369,667,0.0
137,17,0.06666666666666667
308,751,0.0
308,96,0.0
83,111,0.0
527,267,0.047619047619047616
810,447,0.08333333333333333
200,186,0.0
189,370,0.0
380,571,0.0
726,206,0.03571428571428571
799,528,0.0
364,316,0.0
507,146270,0.0
71,308,0.1111111111111111
609,274,0.0
765,242,0.0
813,203,0.0
380,727,0.0
503,207,0.0
26,527,0.06451612903225806
396,627,0.0
556,371,0.0
521,136,0.0
534,619,0.0
193,232,0.0
719,572,0.0
785,133,0.0
195,277,0.09090909090909091
145,791,0.0
27687,149,0.0
578,376,0.0
157,431,0.0
751,541,0.0
636,398,0.0
527,525,0.07692307692307693
266,863,0.0
796,204,0.0
614,703,0.0
46,588,0.0
763,17,0.1111111111111111
384,550,0.0
406,198,0.0
342,370,0.05555555555555555
390,1,0.0
312,384,0.0
797,279,0.0625
795,514,0.0
563,795,0.0
219,556,0.0
67,274,0.0
437,512,0.0
459,518,0.0
193,363,0.0
35,13,0.0
203,396,0.0
149,63,0.0
863,598,0.0
231,115,0.0
363,666,0.0
445,667,0.14285714285714285
287,514,0.0
611,362,0.0
63,837,0.0
419,503,0.04
361,428,0.0
404,1,0.0
445,781,0.0
519,22,0.0
326,447,0.0
551,578,0.0
143,423,0.0
878,733,0.0
200,304,0.0
95,557,0.0
332,123,0.0
1384652,527,0.08333333333333333
33,588,0.0
518,528,0.14285714285714285
63,316,0.0
77,529,0.0
143,782,0.0
67,636,0.0
611,657,0.0
852,588,0.0
219,264,0.0
266,186,0.0
350,525,0.0
785,556,0.0
714,308,0.06666666666666667
706,157,0.0
309844,872,0.0
373,751,0.0
234,380,0.037037037037037035
200,872,0.0
888,157,0.0
61,267,0.0
322,274,0.0
782,146270,0.0
479,541,0.14285714285714285
666,392,0.0
493,751,0.037037037037037035
274,121,0.0
193,184,0.0
737,93,0.0
122,503,0.0
44,396,0.09090909090909091
713,770,0.0
370,363,0.0
631,8,0.0
439,42,0.0
428,396,0.0
659,657,0.0
308,390,0.0
238,67,0.0
361,85,0.0
770,518,0.0
234,332,0.06666666666666667
9,111,0.0
779,75,0.0
349,40,0.0
419,37,0.04
917,145,0.0
55,775,0.0
645,636,0.0
341,713,0.0
39,242,0.0
832,322,0.0
39,726,0.05
136,613,0.1111111111111111
202,755,0.0
448,922,0.0
721,292,0.0
341,234,0.0
390,145,0.0
1,72,0.0
361,722,0.0
799,349,0.0
322,737,0.16666666666666666
448,13,0.0
26,667,0.06666666666666667
117,219,0.0
503,755,0.0
398,614,0.0
233,916,0.0
613,390,0.0
122,404,0.10869565217391304
349,428,0.0
93,369,0.0
163,556,0.0
136,204,0.0
231,657,0.14285714285714285
716,889,0.0
431,326,0.0
170,2521991,0.0
5,369,0.06666666666666667
719,99,0.0
748,876,0.0
267,432,0.09375
547,422,0.0625
317,360,0.0
170,259,0.0
311,861,0.0
637,162,0.043478260869565216
242,231,0.0
479,838,0.0
439,311,0.0
92,419,0.06818181818181818
92,557,0.0
8,63,0.0
813,430,0.0
26,700,0.0
611,143,0.0
534,108465,0.09090909090909091
796,447,0.0
699,30,0.125
444,58,0.0
371,37,0.0
203,791,0.0
259,475,0.0
667,810,0.09090909090909091
194,431,0.0
392,475,0.09090909090909091
613,380,0.0
697,61,0.0
91,242,0.0
514,631,0.05555555555555555
758,614,0.07142857142857142
189,842,0.0
93,311,0.0
392,316,0.0
111,362,0.0
637,613,0.0
799,422,0.0
277,83,0.0
447,673,0.0
856,205,0.0
856,122,0.0
402,371,0.0
621,108465,0.0
341,445,0.07142857142857142
184,371,0.0
627,207,0.0
534,627,0.0
541,713,0.0
795,279,0.0
572,713,0.0
326,27687,0.1
342,422,0.05
318,279,0.0
83,71,0.0
87,699,0.0
551,503,0.0
317,444,0.0
445,637,0.08695652173913043
795,136,0.0
784,316,0.0
59,71,0.05
422,527,0.041666666666666664
318,831,0.0
825,71,0.0
372,342,0.047619047619047616
37,796,0.0
541,381,0.0
437,578,0.0
381,718,0.030303030303030304
26,92,0.08333333333333333
446,550,0.0
770,309844,0.05555555555555555
863,703,0.0
30,170,0.0
235,729,0.0
83,634,0.058823529411764705
332,550,0.0
578,428,0.0
634,799,0.0
842,521,0.0
486,842,0.14285714285714285
92,184,0.0
60,305,0.0
1,370,0.0
448,457,0.0
149,133,0.0
608,219,0.0
722,231,0.0
541,697,0.0
274,157,0.0
719,37,0.0
2089740,446,0.0
718,299,0.0
91,856,0.025
571,404,0.05
292,40,0.0
279,657,0.0
740,765,0.0
627,373,0.0
550,44,0.0
580,357,0.03225806451612903
384,430,0.0
745,557,0.0
92,37,0.03571428571428571
791,404,0.043478260869565216
384,232,0.0
305,360,0.0
121,93,0.0
718,541,0.0
791,431,0.0
781,37,0.0
551,99,0.0
863,392,0.0
299,888,0.0
363,203,0.0
609,362,0.0
680,514,0.08
770,432,0.0
279,721,0.0
519,194,0.0
341,157,0.0
609,363,0.0
122,60,0.058823529411764705
563,914,0.0
706,145,0.0
748,313,0.0
406,916,0.0
122,231,0.0
567,123,0.0
318,9,0.0
292,303,0.0
832,72,0.0
404,292,0.09090909090909091
543,722,0.0
93,46,0.0
106,422,0.058823529411764705
550,55,0.1111111111111111
77,528,0.0
164,92,0.0
242,391,0.0
75,350,0.0
837,439,0.0
322,1,0.0
203,121,0.0
342,414,0.0
657,615,0.08333333333333333
512,489,0.09090909090909091
557,529,0.0
34,22,0.06666666666666667
390,149,0.0
312,75,0.0
318,85,0.0
369,71,0.0
275,219,0.0
205,233,0.0
700,266,0.0
406,614,0.0
233,332,0.2
162,439,0.1111111111111111
30,462,0.0625
1,831,0.0
667,235,0.0
288,232,0.0
111,71,0.0
13,486,0.07692307692307693
225,825,0.0
44,296,0.0
479,193,0.0
279,145,0.0
75,522,0.06666666666666667
30,580,0.07142857142857142
277,303,0.0
266,445,0.0
133,459,0.0
233,106,0.11764705882352941
267,525,0.030303030303030304
580,917,0.0
225,63,0.0
394,8,0.0
231,287,0.0
60,550,0.0
309844,71,0.0
714,147,0.0
296,538,0.0
184,76,0.0
13,551,0.2727272727272727
519,550,0.0
136,730,0.0
361,384,0.0
791,796,0.0
123,779,0.0
615,137,0.0
745,842,0.0
37,111,0.0
322,518,0.09090909090909091
613,26,0.0625
233,1384652,0.058823529411764705
311,373,0.0
34,784,0.0625
225,673,0.0
897,390,0.0
233,350,0.06666666666666667
162,775,0.0
383,308,0.028985507246376812
479,37,0.0
797,578,0.0
296,840,0.0
528,198,0.0
327,462,0.0
219,770,0.0
274,380,0.041666666666666664
8,550,0.0
613,706,0.0
2089740,398,0.0
578,72,0.0
188,115,0.1111111111111111
224,157,0.0
825,758,0.0
115,784,0.0
46,369,0.0
30,63,0.0
1384652,285,0.02
115,779,0.0
55,406,0.0
99,842,0.0
697,39,0.0
431,195,0.0
266,205,0.0
659,285,0.0
813,95,0.0
136,414,0.08333333333333333
861,341,0.0
512,792,0.0
782,547,0.0
25,398,0.06666666666666667
257,34,0.09090909090909091
834,30,0.0
75,136,0.0
203,713,0.0
259,147,0.0
170,716,0.0
528,380,0.0
547,206,0.0
419,748,0.0
308,726,0.08333333333333333
308,439,0.08333333333333333
392,371,0.0
75,429,0.0
242,431,0.0
309844,852,0.0
296,145,0.0
547,741,0.0
636,188,0.0
203,547,0.0
810,437,0.058823529411764705
93,111,0.0
779,364,0.0
697,49,0.0
384,108465,0.0625
2521991,206,0.0
716,302,0.0
370,697,0.0
202,200,0.0
700,645,0.0
522,63,0.0
391,914,0.0
308,238,0.0
522,322,0.0
1,916,0.0
370,27687,0.0
12081,457,0.0
770,350,0.0
317,304,0.0
312,309844,0.0
888,799,0.0
361,234,0.0
357,598,0.0
304,462,0.08333333333333333
67,785,0.0
518,557,0.0
872,404,0.0
147,194,0.0
888,372,0.0
308,313,0.0
889,462,0.0
370,551,0.0
296,680,0.07692307692307693
296,115,0.0
916,264,0.0
13,146270,0.0
12081,609,0.0
361,842,0.0
92,363,0.0
479,1384652,0.04081632653061224
108465,634,0.0
922,406,0.0
96,146270,0.0
77,145,0.0
71,60,0.05555555555555555
60,398,0.0
784,267,0.03571428571428571
303,627,0.0
852,404,0.0
394,842,0.0
765,146270,0.0
889,2521991,0.0
288,834,0.0
551,775,0.0
198,889,0.0
745,605,0.0
447,444,0.0
149,572,0.0
667,1384652,0.0425531914893617
444,342,0.0
580,755,0.0
313,519,0.0
30,12081,0.0
611,525,0.0
44,878,0.0
556,825,0.0
763,147,0.1
842,422,0.0
832,758,0.0
713,313,0.0
72,203,0.0
765,402,0.0
285,27687,0.0
914,462,0.16666666666666666
619,608,0.1
431,149,0.0
729,275,0.14285714285714285
95,380,0.0
137,91,0.04081632653061224
716,673,0.0
557,341,0.08333333333333333
259,781,0.0
376,567,0.0
567,414,0.0
598,288,0.0
377,12081,0.0
390,85,0.0
371,186,0.0
76,380,0.05263157894736842
267,26,0.11428571428571428
645,164,0.0
288,522,0.0
115,528,0.0
423,364,0.0
370,755,0.0
163,799,0.0
35,613,0.0
123,503,0.0
233,35,0.13043478260869565
779,914,0.0
837,825,0.0
430,557,0.0
372,195,0.0
718,264,0.0
133,631,0.0
631,613,0.0
95,598,0.0
304,123,0.0
740,432,0.0
751,483,0.0
370,619,0.0
58,727,0.0
383,580,0.030303030303030304
493,75,0.029411764705882353
55,431,0.0
170,377,0.0
810,1384652,0.03636363636363636
362,432,0.0
27687,96,0.0
840,703,0.0
205,357,0.0
567,568,0.0
206,432,0.0
91,55,0.09090909090909091
578,863,0.0
204,342,0.04
609,186,0.0
721,67,0.0
863,507,0.0
398,2521991,0.0
714,578,0.125
703,550,0.0
837,718,0.125
914,1384652,0.0
619,645,0.0
680,194,0.0
796,726,0.08333333333333333
837,578,0.0
95,475,0.0
25,514,0.0
431,147,0.0
26,572,0.05
369,785,0.0
5,234,0.0
342,33,0.041666666666666664
224,813,0.0
274,770,0.0
322,296,0.0
35,309844,0.037037037037037035
784,573,0.0
383,363,0.015625
207,1,0.0
63,55,0.0
462,897,0.0
63,376,0.0
76,861,0.0
372,188,0.0
637,861,0.0
755,637,0.0
219,369,0.09090909090909091
637,145,0.05263157894736842
657,741,0.0
889,242,0.0
235,716,0.0
149,275,0.0
667,543,0.0
445,203,0.0
5,745,0.0
914,922,0.0
308,825,0.0
614,5,0.0
122,700,0.0
92,432,0.09375
383,186,0.015384615384615385
439,111,0.1111111111111111
370,810,0.0
861,349,0.0
917,563,0.0
267,637,0.04878048780487805
446,371,0.0
922,326,0.0
116,30,0.04878048780487805
572,115,0.0
727,619,0.0
745,121,0.0
922,99,0.0
810,381,0.05555555555555555
615,370,0.0
598,446,0.0
311,573,0.0
423,111,0.0
745,730,0.0
507,888,0.0
372,751,0.0
580,285,0.0
259,266,0.0
861,115,0.0
706,123,1.0
718,462,0.0
657,878,0.0
313,122,0.0
666,13,0.0
242,779,0.0
189,444,0.0
422,525,0.0
840,737,0.0
914,422,0.0
608,891,0.09090909090909091
614,394,0.0
188,404,0.038461538461538464
225,733,0.09090909090909091
63,30,0.0
765,605,0.0
550,448,0.0
636,657,0.0
680,598,0.0
784,60,0.0
700,49,0.0
619,573,0.06666666666666667
203,35,0.0
157,342,0.0
563,322,0.0
313,380,0.0
332,775,0.0
700,714,0.0
242,667,0.0
605,755,0.0
391,838,0.0
785,224,0.0
1384652,445,0.06
791,419,0.0
785,503,0.2
621,536,0.0
147,188,0.0
60,40,0.0
117,146270,0.0
76,437,0.0
543,444,0.0
512,233,0.0
22,740,0.0
95,657,0.0
304,203,0.0
431,349,0.0
360,448,0.0
543,146270,0.0
785,528,0.0
758,146270,0.0
588,371,0.0
304,9,0.0
423,462,0.09090909090909091
136,1384652,0.038461538461538464
430,238,0.125
538,792,0.0
852,162,0.0
383,313,0.0
71,567,0.05263157894736842
878,35,0.0
8,232,0.0
288,137,0.08333333333333333
17,834,0.0
63,242,0.0
115,170,0.0
522,627,0.0
380,437,0.0
763,430,0.0
512,234,0.0
133,42,0.0
462,404,0.0
364,529,0.0
519,42,0.0
448,876,0.0
22,194,0.0
423,563,0.0
350,360,0.0
428,876,0.0
680,659,0.0
274,556,0.0
149,76,0.0
163,428,0.0
755,299,0.0
459,507,0.0
313,876,0.0
108465,394,0.0
34,775,0.0
459,195,0.0
572,85,0.0
357,432,0.02702702702702703
26,9,0.0
305,363,0.0
462,27687,0.0
27687,889,0.0
362,1384652,0.04081632653061224
242,1384652,0.0
327,423,0.037037037037037035
878,200,0.0
700,475,0.0
44,659,0.0
479,194,0.09090909090909091
224,547,0.0
784,274,0.0
392,91,0.0
550,327,0.09090909090909091
360,71,0.0
538,840,0.0
726,528,0.0
95,76,0.0
810,12081,0.0
377,571,0.0
392,184,0.0
891,279,0.0
483,203,0.0
25,528,0.0
699,785,0.0
419,782,0.0
285,77,0.0
235,200,0.0
46,327,0.14285714285714285
318,186,0.0
224,550,0.0
550,370,0.0
428,377,0.0
35,49,0.038461538461538464
572,459,0.0
327,238,0.0
721,373,0.0
122,42,0.0967741935483871
796,430,0.0
422,133,0.07692307692307693
266,770,0.0
72,763,0.09090909090909091
852,645,0.0
316,83,0.0
349,200,0.0
872,431,0.0
631,96,0.0
108465,838,0.0
146270,392,0.0
259,543,0.0
659,2521991,0.0
534,27687,0.09090909090909091
538,26,0.0
557,376,0.0
608,700,0.0
313,72,0.0
303,922,0.0
572,49,0.0
667,889,0.16666666666666666
143,188,0.0
512,775,0.0
384,729,0.0
457,326,0.0
332,580,0.0
718,784,0.0
108465,876,0.0
730,825,0.0
1384652,77,0.02040816326530612
634,233,0.0
396,202,0.11538461538461539
810,35,0.07407407407407407
621,631,0.0
371,164,0.0
49,77,0.0
588,189,0.0
381,419,0.06382978723404255
93,832,0.0
106,42,0.0
528,634,0.0
292,33,0.0
311,312,0.0
785,837,0.0
285,832,0.0
791,277,0.0
917,72,0.0
95,59,0.0
615,493,0.06060606060606061
726,541,0.0
195,563,0.0
304,571,0.08
143,733,0.0
194,341,0.0625
206,831,0.0
483,758,0.11764705882352941
834,146270,0.3333333333333333
745,615,0.0
396,863,0.0
634,741,0.0
231,636,0.0
419,758,0.0625
503,486,0.0
631,93,0.0
381,202,0.0
878,758,0.0
404,863,0.0
231,615,0.1
792,287,0.0
659,423,0.08695652173913043
719,27687,0.0
763,475,0.0
567,888,0.0
680,63,0.0
422,394,0.1111111111111111
76,170,0.0
813,863,0.0
680,364,0.0
512,17,0.0
922,534,0.0
202,234,0.0
527,758,0.03333333333333333
402,163,0.0
111,285,0.0
157,673,0.0
522,726,0.08333333333333333
598,730,0.0
613,745,0.0
137,755,0.0
525,861,0.0
745,489,0.0
75,525,0.0
145,342,0.0
39,444,0.0
207,398,0.0
813,398,0.0
95,431,0.0
402,238,0.0
573,392,0.058823529411764705
722,404,0.0
755,740,0.0
791,737,0.0
361,285,0.0
145,856,0.0
274,296,0.0
26,571,0.030303030303030304
317,87,0.0
311,758,0.0
46,831,0.0
157,275,0.0
567,404,0.1111111111111111
775,27687,0.0
608,149,0.0
422,264,0.0
402,390,0.0
2521991,406,0.0
146270,285,0.0
713,49,0.0
309844,2521991,0.0
235,659,0.0
391,611,0.0
59,1,0.0
722,296,0.0
224,673,0.0
312,313,0.0
889,543,0.0
238,157,0.0
529,9,0.0
755,361,0.0
813,567,0.125
230,621,0.0
563,557,0.0
621,740,0.0
146270,721,0.07692307692307693
613,518,0.125
206,852,0.0
92,85,0.0
459,557,0.0
447,143,0.0
44,547,0.16666666666666666
242,304,0.0
609,275,0.0
242,536,0.0
852,143,0.0
748,2521991,0.0
572,362,0.0
795,609,0.0
136,2089740,0.0
342,143,0.0
25,556,0.10526315789473684
309844,888,0.0
198,541,0.0
204,303,0.0
459,578,0.0
528,232,0.0
384,357,0.05555555555555555
726,563,0.0
615,740,0.0
371,317,0.0
394,897,0.0
318,147,0.0
55,362,0.0
350,1,0.0
922,543,0.0
384,609,0.08333333333333333
614,733,0.0
2521991,207,0.0
296,219,0.0
680,578,0.0
608,117,0.0
311,219,0.0
457,207,0.0
30,225,0.0
716,380,0.0
5,275,0.09090909090909091
238,362,0.0
219,432,0.0
184,63,0.0
34,370,0.125
121,673,0.0
35,518,0.041666666666666664
518,342,0.05
444,852,0.0
459,414,0.0
751,667,0.0
27687,741,0.0
748,503,0.0
51,840,0.0
445,611,0.09090909090909091
357,205,0.0
598,238,0.0
810,448,0.07692307692307693
27687,580,0.1
856,309844,0.0
72,186,0.0
722,791,0.0
414,288,0.0
364,2521991,0.0
703,796,0.0
889,200,0.0
67,457,0.125
136,303,0.0
621,398,0.0
645,275,0.0
332,360,0.0
914,357,0.0
419,207,0.0
402,309844,0.0
609,863,0.0
247,72,0.0
76,852,0.0
714,13,0.15384615384615385
189,741,0.0
357,631,0.0
917,188,0.0
230,77,0.0
77,716,0.0
311,797,0.0
785,230,0.0
305,428,0.0
878,72,0.0
149,188,0.0
162,615,0.08333333333333333
792,67,0.25
296,423,0.047619047619047616
770,164,0.0
147,781,0.0
95,233,0.0
189,232,0.0
563,95,0.0
483,916,0.0
825,627,0.0
697,897,0.25
914,568,0.0
111,373,0.0
377,429,0.0
414,406,0.0
483,556,0.029411764705882353
121,55,0.13333333333333333
608,737,0.0
279,72,0.0
277,360,0.0
37,162,0.125
95,394,0.0
567,437,0.14285714285714285
512,740,0.0
364,402,0.0
266,914,0.0
897,376,0.0
605,58,0.06666666666666667
507,93,0.0
519,274,0.0
384,459,0.0
572,897,0.0
543,394,0.0
46,1,0.0
917,299,0.0
341,791,0.0
195,863,0.0
147,856,0.0
719,46,0.0
58,242,0.0
357,63,0.0
598,71,0.0
486,703,0.0
30,475,0.0
292,309844,0.0
832,376,0.0
93,143,0.0
95,381,0.0
700,313,0.0
219,605,0.0
33,92,0.0
313,431,0.0
551,619,0.0
349,122,0.034482758620689655
44,730,0.0
699,232,0.0
680,59,0.05555555555555555
303,486,0.0
673,164,0.0
25,326,0.0
309844,264,0.0
27687,551,0.0
608,402,0.08333333333333333
697,755,0.08333333333333333
257,371,0.0
305,727,0.0
543,402,0.0
279,76,0.0
186,111,0.0
121,543,0.0
825,349,0.0
503,8,0.0
123,922,0.0
748,770,0.0
799,737,0.0
194,33,0.0
60,193,0.125
631,164,0.0
406,332,0.09523809523809523
514,394,0.0
40,99,0.1111111111111111
673,279,0.0
264,193,0.0
613,322,0.0
475,645,0.0
785,285,0.0
428,619,0.0
580,93,0.0
889,631,0.0
372,267,0.03225806451612903
231,149,0.0
8,93,0.0
534,35,0.043478260869565216
727,621,0.0
203,493,0.0
304,667,0.0
831,667,0.0
730,381,0.0
164,305,0.0
741,99,0.0
706,108465,0.0
51,164,0.0
611,9,0.0
580,349,0.0
370,680,0.0
755,613,0.0
726,432,0.07692307692307693
122,303,0.0
162,557,0.0
889,146270,0.0
741,234,0.0
432,235,0.0
204,390,0.0
609,285,0.0
538,838,0.0
87,234,0.0
1,863,0.0
613,479,0.0
381,770,0.0
26,205,0.05263157894736842
782,5,0.0
264,122,0.0
842,784,0.0
202,205,0.0
342,361,0.0
714,422,0.0
184,837,0.0
758,673,0.05
108465,51,0.0
580,437,0.09090909090909091
578,813,0.0
2521991,279,0.0
462,486,0.08333333333333333
302,67,0.0
234,76,0.07692307692307693
503,60,0.1
313,362,0.0
522,35,0.0
785,419,0.0
667,275,0.25
863,188,0.0
233,8,0.0
917,302,0.0
863,371,0.0
741,888,0.0
231,163,0.0
117,428,0.0
51,700,0.0
309844,726,0.038461538461538464
204,230,0.07692307692307693
745,667,0.0
299,115,0.0
785,121,0.0
34,288,0.0
37,645,0.0
200,781,0.0
781,207,0.0
840,782,0.0
372,26,0.0
63,697,0.0
634,232,0.0
608,59,0.0
376,85,0.0
609,27687,0.0
536,349,0.0
369,383,0.04411764705882353
361,277,0.0
164,39,0.0
637,370,0.0
234,231,0.0
398,309844,0.0
619,133,0.0
143,92,0.0
697,287,0.0
247,391,0.0
423,832,0.05263157894736842
30,163,0.0
475,541,0.0
371,318,0.0
799,634,0.0
224,741,0.0
795,703,0.0
637,195,0.0
25,87,0.0
897,257,0.0
722,376,0.0
117,9,0.0
722,431,0.0
63,60,0.0
8,327,0.0
414,257,0.0625
247,729,0.0
615,188,0.0
259,198,0.0
225,309844,0.0
55,730,0.0
770,621,0.0
357,398,0.034482758620689655
369,275,0.0
390,304,0.0
123,55,0.125
76,60,0.1111111111111111
49,781,0.0
782,680,0.0
657,740,0.0
116,157,0.029411764705882353
763,133,0.0
61,372,0.0
8,861,0.0
543,557,0.0
123,588,0.0
108465,861,0.13333333333333333
703,419,0.0
85,740,0.0
414,207,0.0
636,370,0.0
781,372,0.1111111111111111
133,274,0.06666666666666667
373,779,0.0
299,430,0.1111111111111111
266,580,0.0
33,299,0.0
462,195,0.0
2521991,40,0.0
285,703,0.0
799,722,0.0
77,30,0.0
697,493,0.06896551724137931
133,304,0.07142857142857142
49,371,0.0
514,288,0.0
611,230,0.0
304,42,0.0
233,117,0.0
13,376,0.0
414,357,0.030303030303030304
225,916,0.0
445,507,0.1
304,916,0.0
615,380,0.0
108465,37,0.0
726,292,0.05263157894736842
462,275,0.0
563,332,0.0
373,863,0.0
1384652,309844,0.01818181818181818
381,414,0.0967741935483871
304,71,0.0
571,136,0.0
362,1,0.0
33,529,0.0
614,49,0.0
106,792,0.0
8,713,0.0
186,83,0.0
431,842,0.0
799,35,0.045454545454545456
475,341,0.0
108465,645,0.0
446,77,0.0
598,264,0.0
799,108465,0.1
288,714,0.0
422,296,0.1111111111111111
145,111,0.0
525,12081,0.0
445,396,0.13043478260869565
93,8,0.0
363,202,0.0
184,556,0.03571428571428571
791,61,0.0
92,547,0.02857142857142857
61,856,0.0
784,775,0.0
414,303,0.0
631,394,0.0
751,164,0.0
99,444,0.25
876,93,0.0
391,349,0.0
634,872,0.0
2521991,87,0.0
157,396,0.0
322,40,0.0
557,332,0.0
429,369,0.0
479,360,0.14285714285714285
361,567,0.0
234,507,0.06666666666666667
392,414,0.1
207,87,0.0
751,115,0.0
370,279,0.0
322,360,0.0
136,59,0.06666666666666667
63,364,0.0
67,673,0.0
680,99,0.0
259,225,0.0
51,206,0.037037037037037035
837,922,0.0
350,40,0.07142857142857142
514,224,0.05263157894736842
51,195,0.0
92,914,0.0
522,157,0.0
277,718,0.15384615384615385
792,751,0.0
659,713,0.0
313,634,0.0
512,423,0.0
75,373,0.0
42,422,0.0
567,631,0.0
527,376,0.0
123,512,0.0
627,357,0.0
108465,49,0.0
810,58,0.0
522,186,0.0
232,627,0.0
741,748,0.0
137,534,0.0
796,95,0.0
186,514,0.1111111111111111
722,758,0.0
447,891,0.0
529,439,0.0
507,796,0.0
613,257,0.07692307692307693
96,63,0.0
116,457,0.02631578947368421
614,44,0.0
22,614,0.0
832,547,0.0
136,459,0.0
149,667,0.0
381,637,0.06818181818181818
543,503,0.0
96,198,0.0
431,486,0.0
699,51,0.0
303,91,0.0
534,550,0.16666666666666666
93,230,0.0
145,308,0.0
8,765,0.0
718,863,0.0
571,25,0.030303030303030304
376,116,0.030303030303030304
318,431,0.07692307692307693
810,613,0.0
364,680,0.0
838,763,0.0
430,247,0.0
580,67,0.0
225,13,0.0
459,446,0.0
834,303,0.0
507,72,0.0
430,146270,0.0
514,813,0.058823529411764705
390,198,0.0
46,279,0.0
391,831,0.0
137,204,0.047619047619047616
311,888,0.0
186,483,0.0
247,825,0.0
26,832,0.0
63,189,0.0
666,361,0.0
528,163,0.0
550,598,0.0
529,108465,0.0
422,322,0.0
37,145,0.0
327,714,0.058823529411764705
266,235,0.1111111111111111
12081,34,0.0
834,259,0.0
878,147,0.0
605,611,0.0
44,598,0.0
2089740,259,0.0
342,137,0.0
357,916,0.0
573,259,0.0
718,309844,0.0
580,703,0.0
657,341,0.2727272727272727
377,108465,0.0
432,277,0.05555555555555555
302,758,0.0
832,157,0.0
429,423,0.0
71,518,0.058823529411764705
274,404,0.0
518,322,0.09090909090909091
164,876,0.0
49,627,0.0
614,71,0.0
536,518,0.0
108465,611,0.08333333333333333
279,543,0.0
369,312,0.0
486,398,0.0
730,529,0.0
231,745,0.0
779,483,0.0
556,372,0.029411764705882353
22,383,0.015384615384615385
8,571,0.0
657,317,0.0
224,59,0.0
740,12081,0.0
765,797,0.0
195,383,0.03076923076923077
557,457,0.0
2089740,207,0.0
439,536,0.0
714,33,0.0
342,645,0.058823529411764705
285,275,0.0
40,667,0.0
384,751,0.0
326,733,0.0
369,55,0.07142857142857142
514,233,0.043478260869565216
419,444,0.0
748,536,0.25
77,279,0.0
422,313,0.0
729,765,0.2
299,637,0.0
384,170,0.0
781,8,0.0
667,525,0.0
614,557,0.0
448,326,0.0
541,117,0.0
713,327,0.0
303,116,0.0
714,775,0.0
666,615,0.0
611,716,0.0
645,67,0.0
543,219,0.0
680,303,0.0
285,370,0.0
551,39,0.1111111111111111
611,543,0.0
872,274,0.0
459,193,0.0
34,299,0.0
538,312,0.0
219,621,0.0
198,729,0.14285714285714285
46,758,0.0
797,697,0.0
503,391,0.125
381,475,0.029411764705882353
2521991,200,0.0
878,326,0.0
878,193,0.0
398,784,0.0
810,342,0.041666666666666664
825,578,0.0
598,666,0.0
700,573,0.0
722,779,0.0
85,33,0.0
838,402,0.0
370,666,0.0
538,518,0.0
657,863,0.0
852,309844,0.0
722,706,0.0
462,872,0.0
525,349,0.0
146270,91,0.024390243902439025
547,363,0.0
432,384,0.1111111111111111
92,225,0.0
391,398,0.0
189,489,0.0
445,75,0.0
238,26,0.0
619,621,0.0
75,437,0.06666666666666667
634,550,0.0
60,614,0.0
755,825,0.0
267,27687,0.0
755,247,0.0
634,507,0.0
27687,541,0.1
72,718,0.0
447,722,0.0
58,238,0.0
9,813,0.0
525,741,0.0
423,61,0.0
861,83,0.043478260869565216
493,730,0.07407407407407407
916,55,0.0
730,87,0.0
872,203,0.0
706,430,0.0
117,116,0.02631578947368421
611,287,0.0
115,195,0.0
825,534,0.0
519,741,0.0
444,799,0.0
547,673,0.1111111111111111
381,536,0.0
852,765,0.0
572,837,0.0
198,611,0.0
296,39,0.0
341,312,0.0
729,322,0.0
563,512,0.0
203,60,0.0
285,430,0.0
605,194,0.0
327,380,0.0
404,264,0.07692307692307693
856,364,0.0
34,363,0.0
580,308,0.09090909090909091
106,145,0.0
198,200,0.0
326,327,0.07692307692307693
431,390,0.0
550,703,0.0
722,462,0.1111111111111111
116,751,0.030303030303030304
645,40,0.0
205,431,0.0
233,318,0.0
792,277,0.0
33,832,0.0
493,431,0.058823529411764705
706,275,0.0
782,92,0.037037037037037035
716,719,0.0
83,419,0.0
376,547,0.0
578,740,0.0
538,784,0.0
350,232,0.0
5,541,0.0
242,67,0.0
136,25,0.0
42,8,0.0
741,719,0.0
876,136,0.0
770,422,0.0
42,122,0.0967741935483871
534,666,0.0
840,483,0.0
613,439,0.0
342,856,0.0
525,797,0.0
391,372,0.0
700,184,0.0
61,49,0.0
831,538,0.0
61,44,0.0
529,598,0.0
810,285,0.0
781,115,0.0
26,615,0.1
714,550,0.0
916,462,0.0
751,525,0.0
721,609,0.0
634,917,0.0
740,60,0.0
872,121,0.0
831,840,0.0
795,349,0.0
598,376,0.0
308,713,0.0
714,35,0.0
322,770,0.0
713,588,0.0
448,303,0.0
751,242,0.0
402,863,0.0
645,573,0.0
503,327,0.0
784,666,0.0
680,259,0.0
667,429,0.0
398,722,0.0
613,444,0.0
34,697,0.0625
206,719,0.0
58,547,0.08333333333333333
92,5,0.0625
832,350,0.0
1384652,370,0.04
428,318,0.0
115,308,0.0
133,26,0.0
234,200,0.0
99,813,0.0
861,299,0.0
719,608,0.0
55,519,0.0
274,856,0.0
1384652,680,0.03636363636363636
431,755,0.0
645,257,0.0
763,483,0.09090909090909091
514,369,0.09090909090909091
813,76,0.0
92,75,0.03125
837,33,0.0
608,30,0.05555555555555555
202,2089740,0.0
360,475,0.0
608,755,0.0
578,230,0.0
557,832,0.0
123,578,0.0
888,423,0.05
557,699,0.1
637,83,0.10344827586206896
108465,608,0.07142857142857142
136,741,0.0
33,117,0.0
916,457,0.14285714285714285
493,279,0.03571428571428571
521,391,0.0
872,259,0.0
164,170,0.0
390,204,0.0
722,781,0.0
149,384,0.0
550,792,0.0
305,25,0.0625
46,791,0.0
274,741,0.0
72,231,0.0
758,274,0.05263157894736842
133,863,0.0
311,446,0.0
863,837,0.0
782,40,0.1111111111111111
296,121,0.18181818181818182
42,718,0.1
202,713,0.0
9,8,0.0
782,342,0.0
206,30,0.0
621,162,0.0
296,136,0.0
697,448,0.14285714285714285
475,571,0.0
193,406,0.0
714,727,0.1
536,721,0.0
326,525,0.0
72,673,0.14285714285714285
614,234,0.0
147,288,0.0
429,878,0.0
748,285,0.0
361,380,0.0
136,831,0.0
285,741,0.0
349,588,0.0
432,341,0.11764705882352941
60,85,0.0
840,377,0.0
326,840,0.0
381,184,0.0
302,376,0.0
437,703,0.0
627,423,0.0
699,619,0.1111111111111111
194,203,0.0
279,422,0.0
2521991,718,0.0
133,784,0.0
703,9,0.0
234,146270,0.0
842,303,0.0
872,264,0.1
721,529,0.0
2521991,360,0.0
147,238,0.0
856,645,0.0
740,572,0.0
302,27687,0.125
115,189,0.2
605,60,0.0
33,437,0.058823529411764705
763,303,0.0
878,493,0.0
538,122,0.0
419,40,0.0
27687,91,0.0
852,831,0.0
304,288,0.0
234,60,0.0
429,567,0.0
713,637,0.0
2089740,721,0.0
85,507,0.0
430,44,0.0
287,716,0.0
26,627,0.0
83,30,0.0
659,381,0.029411764705882353
897,861,0.0
402,357,0.03125
448,550,0.0
791,922,0.0
914,457,0.0
430,922,0.0
571,33,0.0
741,326,0.0
557,536,0.0
312,149,0.0
917,123,0.0
713,697,0.0
380,303,0.0
765,791,0.0
37,33,0.07692307692307693
571,785,0.047619047619047616
115,317,0.0
863,439,0.0
106,341,0.10526315789473684
361,727,0.3333333333333333
917,838,0.0
304,785,0.0
264,608,0.0
149,200,0.0
536,58,0.0
785,44,0.0
318,917,0.0
164,87,0.0
876,111,0.0
567,267,0.06451612903225806
318,634,0.0
609,429,0.0
608,797,0.0
35,489,0.08333333333333333
432,9,0.0
713,123,0.0
740,543,0.0
534,457,0.0
369,162,0.09090909090909091
326,200,0.0
414,384,0.06666666666666667
350,598,0.0
67,342,0.0
437,188,0.08333333333333333
33,369,0.0625
316,44,0.0
279,83,0.0
792,9,0.0
363,1384652,0.0
483,76,0.0
831,332,0.0
384,445,0.06666666666666667
573,863,0.0
219,637,0.0
341,72,0.14285714285714285
373,332,0.1
563,784,0.0
619,370,0.0
322,302,0.0
447,713,0.0
117,525,0.06666666666666667
751,76,0.0
146270,115,0.0
381,106,0.05263157894736842
872,195,0.0
147,292,0.0
479,619,0.0
122,872,0.030303030303030304
12081,87,0.0
419,318,0.0
264,60,0.0
115,613,0.14285714285714285
83,550,0.06666666666666667
462,457,0.0
444,122,0.0
608,699,0.07142857142857142
700,380,0.0
699,645,0.0
26,116,0.125
308,737,0.0
428,551,0.0
578,123,0.0
371,9,0.0
567,538,0.0
832,186,0.0
189,462,0.0
737,145,0.0
205,406,0.0
437,614,0.1
342,922,0.0
242,521,0.0
538,44,0.0
799,238,0.0
507,205,0.0
775,832,0.0
71,200,0.0
729,888,0.0
615,364,0.0
863,573,0.0
51,611,0.0
85,317,0.0
371,93,0.0
34,313,0.0
93,422,0.0
838,627,0.0
714,5,0.0
414,8,0.0
609,67,0.0
302,377,0.0
162,233,0.09090909090909091
60,257,0.0
431,117,0.06666666666666667
170,51,0.0
46,332,0.0
914,59,0.0
888,58,0.0
308,40,0.0
96,363,0.0
37,384,0.16666666666666666
699,518,0.08333333333333333
861,878,0.0
621,2089740,0.0
72,722,0.0
5,706,0.0
588,673,0.08333333333333333
888,457,0.0
95,322,0.0
486,916,0.0
891,700,0.0
718,203,0.0
9,279,0.0
123,2089740,0.0
8,781,0.0
852,312,0.0
797,503,0.0
312,67,0.0
302,572,0.125
257,224,0.07692307692307693
713,444,0.0
719,13,0.0
122,61,0.0
636,888,0.0
613,133,0.0
318,398,0.0
106,257,0.047619047619047616
93,598,0.0
666,225,0.0
568,55,0.0
645,534,0.3333333333333333
775,72,0.0
91,444,0.025
137,63,0.0
357,22,0.06896551724137931
550,93,0.0
292,37,0.2
40,567,0.07692307692307693
551,49,0.0
200,184,0.0
145,404,0.0
422,302,0.0
621,257,0.0
631,26,0.0
445,349,0.0
528,299,0.0
917,422,0.0
202,402,0.0
40,748,0.0
781,1384652,0.02040816326530612
718,376,0.0
58,288,0.0
193,755,0.1
459,813,0.0
202,721,0.0
538,46,0.0
605,259,0.0
627,85,0.0
231,63,0.0
419,627,0.0
627,795,0.0
856,8,0.0
313,703,0.0
621,61,0.0
550,551,0.0
657,534,0.0
518,230,0.0
422,364,0.0
614,200,0.14285714285714285
446,279,0.0
369,287,0.0
419,233,0.11538461538461539
703,578,0.0
527,404,0.07894736842105263
396,541,0.043478260869565216
371,316,0.0
614,34,0.06666666666666667
40,666,0.0
398,76,0.0
779,381,0.0
514,706,0.058823529411764705
61,784,0.0
285,247,0.0
115,785,0.0
557,99,0.14285714285714285
437,350,0.0625
58,621,0.0
202,91,0.020833333333333332
157,233,0.0
714,34,0.0
204,288,0.0
203,9,0.0
489,645,0.0
406,162,0.045454545454545456
299,186,0.0
521,67,0.0
312,573,0.0
634,406,0.047619047619047616
60,71,0.05555555555555555
51,636,0.038461538461538464
96,615,0.0
608,267,0.03225806451612903
755,91,0.0425531914893617
238,317,0.0
888,225,0.0
578,363,0.0
123,106,0.0
115,557,0.0
116,568,0.05405405405405406
888,92,0.037037037037037035
419,580,0.0
137,195,0.0
834,856,0.5
231,108465,0.0
922,316,0.0
580,76,0.0
184,666,0.0
206,659,0.0
428,224,0.0
63,92,0.0
637,39,0.0
164,316,0.0
888,507,0.0
831,755,0.0
889,791,0.0
792,234,0.0
795,810,0.09090909090909091
627,439,0.0
288,303,0.0
657,406,0.09523809523809523
493,162,0.06666666666666667
2089740,342,0.05555555555555555
72,12081,0.0
852,726,0.0
528,121,0.1
59,486,0.0
292,349,0.0
659,534,0.0
459,479,0.0
99,613,0.0
149,430,0.0
737,327,0.0
279,308,0.0
1,206,0.0
147,733,0.0
659,313,0.0
51,302,0.0
42,390,0.0
316,571,0.0
46,917,0.0
627,147,0.0
316,730,0.0
285,99,0.0
636,404,0.0
198,775,0.0
588,419,0.0
479,349,0.0
459,377,0.0
713,1384652,0.0
611,380,0.045454545454545456
706,556,0.03571428571428571
475,437,0.0
779,503,0.0
922,37,0.0
445,372,0.0
503,842,0.0
230,370,0.0
428,611,0.0
659,225,0.0
186,445,0.125
856,713,0.0
231,404,0.041666666666666664
147,447,0.0
543,872,0.0
437,137,0.0
83,373,0.05263157894736842
316,30,0.0
1384652,529,0.0
608,856,0.0
204,35,0.034482758620689655
44,528,0.0
445,722,0.0
277,611,0.0
111,493,0.0
398,9,0.0
785,832,0.0
402,737,0.0
380,609,0.0
699,795,0.1111111111111111
727,613,0.0
863,580,0.0
430,381,0.06060606060606061
364,621,0.0
147,872,0.0
61,13,0.0
285,666,0.0
350,519,0.0
550,673,0.0
448,512,0.0
737,680,0.0
667,541,0.0
636,748,0.0
71,380,0.03571428571428571
765,726,0.05555555555555555
46,837,0.0
373,878,0.0
917,837,0.0
311,765,0.0
35,370,0.043478260869565216
431,95,0.0
1384652,33,0.05555555555555555
184,745,0.0
145,608,0.0
713,514,0.0
1,12081,0.0
115,631,0.0
914,556,0.0
363,598,0.0
116,832,0.029411764705882353
33,49,0.0
257,396,0.14814814814814814
42,232,0.0
257,897,0.0
713,605,0.0
2521991,396,0.0
193,446,0.0
713,381,0.0
287,568,0.0
85,782,0.0
527,206,0.07142857142857142
96,568,0.0
503,614,0.0
758,232,0.0
205,916,0.0
163,380,0.0
483,673,0.06666666666666667
615,266,0.0
377,799,0.0
91,666,0.0
740,763,0.1
878,916,0.16666666666666666
203,264,0.0
792,588,0.0
342,475,0.0
567,852,0.0
719,198,0.0
371,782,0.0
813,146270,0.0
318,77,0.0
13,611,0.18181818181818182
917,608,0.0
200,406,0.045454545454545456
404,327,0.034482758620689655
422,30,0.0625
721,527,0.06896551724137931
198,479,0.0
170,238,0.0
795,551,0.0
77,740,0.0
462,370,0.1
37,170,0.16666666666666666
116,188,0.08571428571428572
445,34,0.05555555555555555
634,42,0.0
888,202,0.0
922,825,0.0
362,22,0.16666666666666666
204,46,0.0
716,782,0.0
318,799,0.0
287,219,0.0
825,714,0.0
536,578,0.0
363,447,0.0
26,380,0.03333333333333333
136,267,0.03225806451612903
232,309844,0.0
479,390,0.0
785,279,0.0
861,404,0.0
751,916,0.0
305,292,0.0
785,95,0.0
876,891,0.0
567,699,0.07142857142857142
207,313,0.0
444,27687,0.0
614,341,0.09090909090909091
96,39,0.0
657,396,0.0
741,2521991,0.0
547,795,0.07692307692307693
326,568,0.0
719,637,0.0
35,578,0.0
831,77,0.0
627,257,0.0
299,713,0.0
76,609,0.0
26,136,0.05
83,781,0.0
831,312,0.0
837,571,0.0
296,536,0.0
430,60,0.0
313,189,0.0
525,621,0.0
571,872,0.14285714285714285
700,889,0.0
377,842,0.0
230,703,0.0
322,614,0.0
713,203,0.0
797,721,0.038461538461538464
503,299,0.0
699,37,0.0
840,63,0.0
279,445,0.0
706,60,0.0
751,615,0.0
264,59,0.0
26,493,0.07894736842105263
431,721,0.0
231,122,0.0
863,194,0.0
863,528,0.0
274,840,0.0
430,733,0.0
573,308,0.05
85,106,0.0
825,402,0.0
83,259,0.0
737,163,0.0
95,718,0.0
457,733,0.0
556,198,0.03333333333333333
2089740,557,0.0
63,231,0.0
627,810,0.0
765,373,0.0
922,748,0.0
193,763,0.16666666666666666
631,63,0.0
75,44,0.09090909090909091
60,538,0.0
287,396,0.043478260869565216
914,55,0.0
430,398,0.0
722,8,0.0
547,34,0.0
364,317,0.0
636,316,0.0
13,838,0.0
5,285,0.0
1,726,0.0
184,205,0.0
782,813,0.0
621,46,0.0
108465,194,0.0
396,58,0.029411764705882353
856,614,0.0
247,285,0.0
33,657,0.07142857142857142
95,518,0.0
55,763,0.0
299,238,0.0
71,22,0.07142857142857142
486,13,0.07692307692307693
383,206,0.08695652173913043
39,299,0.0
42,26,0.05555555555555555
147,608,0.0
122,782,0.03125
122,916,0.0
521,242,0.0
666,475,0.0
230,636,0.0
194,116,0.07894736842105263
733,514,0.045454545454545456
872,813,0.0
615,770,0.0
745,55,0.0
108465,897,0.0
361,888,0.0
751,257,0.09090909090909091
486,439,0.09090909090909091
39,318,0.0
422,659,0.0
194,619,0.0
840,186,0.0
551,608,0.0
170,322,0.0
861,889,0.0
59,716,0.0
538,75,0.0
383,448,0.0
313,2521991,0.0
106,2521991,0.0
479,5,0.0
12081,727,0.0
384,349,0.0
232,718,0.1111111111111111
8,92,0.0
609,528,0.0
396,233,0.038461538461538464
637,275,0.047619047619047616
727,755,0.0
242,76,0.0
193,423,0.0
116,588,0.0
287,231,0.0
659,568,0.08333333333333333
277,547,0.05263157894736842
785,834,0.0
390,384,0.0
745,834,0.0
72,755,0.06666666666666667
573,63,0.0
206,765,0.09090909090909091
878,230,0.0
376,332,0.0
528,361,0.0
713,729,0.0
888,85,0.0
634,377,0.0
133,514,0.0
917,419,0.0
235,360,0.0
163,547,0.0
373,308,0.07692307692307693
507,897,0.0
447,234,0.0
143,230,0.0
302,277,0.0
318,61,0.0
614,370,0.0
611,580,0.42857142857142855
296,431,0.0
529,741,0.0
706,342,0.06666666666666667
414,373,0.0
729,745,0.0
419,381,0.06382978723404255
55,813,0.125
838,362,0.0
391,49,0.0
85,17,0.0
518,486,0.08333333333333333
514,437,0.25
748,26,0.0
17,13,0.0
49,111,0.0
332,46,0.0
313,25,0.0
371,322,0.0
876,429,0.0
40,733,0.0
203,741,0.0
194,363,0.0
145,543,0.0
194,360,0.2
785,193,0.0
447,479,0.0
193,703,0.0
713,779,0.0
71,758,0.09090909090909091
40,116,0.05405405405405406
519,573,0.0
396,299,0.0
834,122,0.0
697,512,0.0
699,571,0.0
35,194,0.08
189,60,0.0
914,186,0.0
194,371,0.0
428,916,0.0
95,364,0.0
232,8,0.0
376,225,0.0
519,414,0.0
521,60,0.06666666666666667
362,737,0.25
404,99,0.04
825,231,0.0
230,543,0.0
483,741,0.0
598,810,0.0
76,67,0.0
106,525,0.0
810,363,0.0
17,275,0.0
444,568,0.0
730,383,0.03125
279,755,0.0
188,198,0.0
163,842,0.0
234,634,0.0
637,277,0.0
206,588,0.0
745,673,0.0
189,2521991,0.0
106,189,0.0
861,775,0.0
394,437,0.0
111,445,0.0
402,512,0.0
188,813,0.2
42,703,0.0
437,34,0.16666666666666666
475,238,0.125
370,483,0.0
611,775,0.0
42,722,0.0
423,257,0.037037037037037035
486,730,0.0
439,737,0.0
729,205,0.2222222222222222
392,195,0.0
437,91,0.11627906976744186
571,311,0.0
360,2521991,0.0
231,538,0.0
831,396,0.0
556,116,0.22448979591836735
188,5,0.0
840,8,0.0
99,406,0.0
572,309844,0.06666666666666667
781,233,0.0
163,716,0.0
876,751,0.0
76,305,0.0
313,238,0.0
727,230,0.0
27687,2521991,0.0
203,402,0.0
311,831,0.0
384,831,0.0
758,714,0.0
207,556,0.0
194,137,0.05555555555555555
1384652,288,0.020833333333333332
232,1384652,0.0
528,445,0.0
556,122,0.09615384615384616
719,117,0.0
740,67,0.0
721,259,0.0
568,219,0.0
377,419,0.0
202,863,0.0
285,831,0.0
13,92,0.03225806451612903
206,204,0.0
186,765,0.0
541,791,0.0
350,266,0.0
611,856,0.0
274,164,0.0
840,718,0.0
779,58,0.058823529411764705
303,614,0.0
825,872,0.0
781,557,0.0
95,390,0.0
636,122,0.02631578947368421
727,219,0.0
667,475,0.0
398,207,0.0
55,77,0.0
381,72,0.06060606060606061
825,448,0.0
364,700,0.0
164,77,0.25
799,398,0.0
206,277,0.05263157894736842
863,369,0.0
722,363,0.0
370,327,0.0
303,825,0.0
95,231,0.0
556,71,0.08108108108108109
200,557,0.0
198,364,0.0
528,234,0.0
146270,230,0.0
512,383,0.045454545454545456
292,302,0.0
519,699,0.0
729,398,0.0
26,634,0.0
611,713,0.0
40,384,0.0
122,279,0.0
785,327,0.0
726,322,0.0
275,111,0.0
99,922,0.0
136,390,0.0
234,563,0.0
838,277,0.1
312,318,0.0
60,832,0.0
578,571,0.0
170,634,0.16666666666666666
257,514,0.12
299,838,0.0
85,775,0.0
204,837,0.0
876,372,0.0
279,362,0.2
238,186,0.0
697,856,0.0
122,402,0.030303030303030304
722,372,0.0
122,145,0.0
832,551,0.0
840,275,0.0
615,75,0.06666666666666667
106,423,0.2
810,371,0.0
149,309844,0.1111111111111111
782,238,0.0
422,39,0.0
238,447,0.0
917,384,0.0
303,525,0.0
557,25,0.0
785,666,0.0
308,716,0.0
390,914,0.0
719,44,0.0
8,194,0.0
522,404,0.0
349,528,0.0
37,71,0.14285714285714285
922,390,0.0
525,2089740,0.0
493,779,0.07142857142857142
186,287,0.0
831,422,0.0
44,797,0.0
627,429,0.0
863,225,0.0
645,189,0.0
431,605,0.1111111111111111
116,721,0.046511627906976744
267,493,0.06382978723404255
219,571,0.0
721,49,0.0
5,305,0.0
396,383,0.16666666666666666
313,657,0.0
230,2521991,0.0
108465,189,0.0
85,99,0.0
645,149,0.0
195,136,0.0
813,46,0.0
235,76,0.0
287,342,0.0
779,406,0.0
238,95,0.0
25,580,0.0
231,792,0.0
659,551,0.0
697,538,0.0
444,706,0.0
834,219,0.0
538,275,0.0
83,304,0.0
673,872,0.0
792,605,0.0
763,304,0.0
257,60,0.0
257,13,0.0
423,225,0.043478260869565216
721,55,0.05263157894736842
825,765,0.0
157,111,0.0
861,206,0.05
779,42,0.0
852,521,0.0
264,429,0.0
145,87,0.0
611,299,0.0
42,162,0.1111111111111111
432,503,0.0
145,718,0.0
305,238,0.0
791,897,0.0
193,381,0.0
207,8,0.0
872,745,0.0
444,479,0.0
39,722,0.0
288,224,0.0
83,238,0.0
106,22,0.15384615384615385
147,394,0.0
914,267,0.0
657,394,0.0
322,392,0.0
63,195,0.0
917,162,0.0
838,897,0.0
77,856,0.0
765,342,0.06666666666666667
512,832,0.0
157,25,0.0
206,149,0.0
34,448,0.0625
448,914,0.0
799,611,0.0
58,316,0.0
428,91,0.0
75,309844,0.0625
529,703,0.0
831,563,0.0
916,292,0.0
364,722,0.0
390,792,0.0
538,745,0.0
737,521,0.0
106,680,0.047619047619047616
770,775,0.0
49,59,0.0
206,1384652,0.09433962264150944
234,370,0.0
33,503,0.0
59,116,0.07692307692307693
380,556,0.07142857142857142
419,313,0.0
791,27687,0.0
376,556,0.0
111,700,0.0
722,697,0.0
659,888,0.0
317,525,0.0
247,503,0.0
349,799,0.0
733,763,0.0
1,372,0.0
147,205,0.0
303,49,0.0
204,795,0.0
457,527,0.0
431,42,0.0
189,493,0.0
419,308,0.1111111111111111
350,722,0.0
75,51,0.0
838,437,0.0
521,645,0.0
796,60,0.0
521,479,0.0
448,302,0.0
195,571,0.0
257,71,0.045454545454545456
605,568,0.16666666666666666
189,391,0.0
42,563,0.0
149,837,0.0
143,27687,0.0
872,242,0.0
721,792,0.0
550,184,0.0
876,563,0.0
377,414,0.08333333333333333
164,657,0.0
518,634,0.0
37,680,0.0
233,9,0.0
2089740,462,0.0
740,797,0.0
422,75,0.07692307692307693
275,242,0.0
779,423,0.0
459,313,0.0
71,897,0.0
673,383,0.07352941176470588
231,76,0.2
370,770,0.0
838,91,0.0
61,512,0.0
1,733,0.0
26,457,0.05263157894736842
697,872,0.0
373,813,0.0
396,745,0.0
713,391,0.0
697,437,0.09090909090909091
157,741,0.0
51,85,0.0
390,573,0.06666666666666667
842,72,0.0
49,35,0.038461538461538464
740,391,0.0
796,863,0.1111111111111111
765,318,0.0
225,17,0.0
202,76,0.09090909090909091
556,2089740,0.0
35,876,0.0
232,55,0.0
718,634,0.0
188,55,0.08333333333333333
376,305,0.0
611,437,0.07692307692307693
543,274,0.0
92,423,0.07692307692307693
299,106,0.0
257,164,0.08333333333333333
718,137,0.0
831,741,0.0
795,842,0.0
231,852,0.0
446,76,0.0
146270,740,0.0
111,831,0.0
75,621,0.0
810,133,0.0
697,146270,0.0
349,573,0.0
44,872,0.0
189,667,0.0
377,609,0.0
162,17,0.0
489,391,0.0
40,825,0.0
437,317,0.0
55,206,0.11764705882352941
791,856,0.0
22,792,0.0
727,534,0.14285714285714285
519,304,0.09090909090909091
145,184,0.0
627,486,0.0
840,832,0.0
275,791,0.0
274,799,0.0
184,162,0.2
362,285,0.0
834,198,0.0
737,360,0.0
727,122,0.0
666,93,0.0
572,370,0.0
831,781,0.0
92,741,0.0
63,706,0.0
22,897,0.0
76,543,0.0
133,99,0.0
437,22,0.2222222222222222
108465,117,0.07692307692307693
219,528,0.0
700,67,0.0
372,538,0.0
299,922,0.0
840,308,0.0
486,149,0.0
299,619,0.0
136,486,0.0
791,645,0.0
318,184,0.0
748,1,0.0
146270,733,0.0
571,95,0.05
457,832,0.0
512,842,0.0
292,205,0.0
557,370,0.0
205,551,0.0
327,534,0.07142857142857142
219,274,0.0
233,402,0.09090909090909091
634,414,0.0
145,274,0.0
49,547,0.0
372,230,0.0
718,63,0.0
518,305,0.0
309844,863,0.0
370,1,0.0
257,35,0.1111111111111111
267,613,0.07692307692307693
77,49,0.0
35,437,0.125
636,231,0.0
312,22,0.0
99,580,0.0
25,697,0.0
797,608,0.0
718,588,0.0
115,95,0.0
726,795,0.0
791,76,0.0
636,30,0.05
360,362,0.0
58,528,0.0
55,448,0.09090909090909091
588,1,0.0
30,571,0.0
55,897,0.0
396,317,0.0
195,206,0.0
299,428,0.0
83,578,0.0
342,765,0.06666666666666667
275,459,0.0
718,521,0.0
721,115,0.0625
22,608,0.1
370,40,0.0
30,58,0.08695652173913043
202,225,0.07142857142857142
657,146270,0.0
308,360,0.0
302,636,0.0
55,349,0.0
528,697,0.0
512,242,0.0
157,42,0.0
784,897,0.0
394,831,0.0
383,446,0.0
716,13,0.0
83,680,0.0
447,659,0.1111111111111111
748,831,0.0
230,741,0.0
446,713,0.0
264,392,0.0
507,447,0.0
483,350,0.0
551,831,0.0
529,876,0.0
916,13,0.125
342,17,0.0
605,446,0.0
429,198,0.09090909090909091
551,550,0.0
370,308,0.0
444,572,0.0
37,722,0.14285714285714285
106,188,0.0625
666,145,0.0
225,666,0.0
371,350,0.0
312,92,0.0
357,317,0.03571428571428571
133,202,0.0
231,573,0.06666666666666667
567,914,0.0
615,232,0.0
309844,170,0.0
763,751,0.0
475,231,0.0
264,785,0.0
303,72,0.0
444,457,0.0
573,266,0.06666666666666667
878,299,0.0
541,398,0.0
763,279,0.0
878,96,0.0
83,22,0.0625
39,634,0.0
149,447,0.0
392,615,0.0
666,448,0.0
287,637,0.0
423,457,0.043478260869565216
326,232,0.0
207,317,0.0
305,147,0.0
157,274,0.0
781,423,0.05
108465,459,0.0
303,775,0.0
446,406,0.047619047619047616
799,609,0.0
588,525,0.0
493,680,0.08823529411764706
91,202,0.020833333333333332
700,279,0.0
37,619,0.16666666666666666
360,136,0.0
234,459,0.0
479,8,0.0
645,431,0.0
92,795,0.0
122,5,0.02702702702702703
231,394,0.0
136,631,0.0
288,758,0.0
556,751,0.03571428571428571
489,703,0.0
184,741,0.0
9,275,0.0
234,275,0.0
137,419,0.06451612903225806
837,631,0.0
266,317,0.0
318,392,0.0
51,170,0.0
44,377,0.0
398,534,0.0
238,40,0.0
810,856,0.1
195,518,0.0
572,350,0.06666666666666667
2521991,797,0.0
572,719,0.0
163,285,0.0
781,341,0.0
507,541,0.0
164,588,0.0
550,193,0.0
225,404,0.07692307692307693
133,872,0.08333333333333333
392,580,0.0
459,232,0.0
444,115,0.0
342,572,0.047619047619047616
916,305,0.0
60,33,0.0
917,71,0.0
431,232,0.0
394,146270,0.0
279,813,0.0
799,318,0.0
588,122,0.0
571,376,0.0
527,372,0.04
755,111,0.0
422,95,0.0
316,419,0.0
235,341,0.0
775,840,0.0
304,614,0.0
573,92,0.11764705882352941
93,765,0.0
162,673,0.0
186,611,0.0
341,437,0.0625
770,457,0.0
538,462,0.0
203,568,0.0
77,550,0.0
605,44,0.0
238,123,0.0
745,796,0.0
361,726,0.0
659,205,0.0
718,303,0.0
745,391,0.0
302,529,0.0
842,627,0.0
863,75,0.0
852,357,0.0
483,422,0.0
205,373,0.0
72,837,0.0
147,25,0.0
34,825,0.0
551,72,0.07692307692307693
93,831,0.0
657,782,0.0
446,507,0.0
162,765,0.0
189,722,0.0
541,341,0.0
162,519,0.0
727,96,0.0
189,342,0.06666666666666667
317,322,0.16666666666666666
810,122,0.02631578947368421
578,748,0.0
341,718,0.07142857142857142
718,76,0.0
699,392,0.0
317,608,0.0
308,588,0.0
193,785,0.0
322,588,0.0
414,775,0.0
37,503,0.0
573,667,0.07142857142857142
288,457,0.0
834,522,0.0
402,380,0.0
714,863,0.1111111111111111
700,275,0.0
475,363,0.0
49,765,0.0
318,797,0.0
543,194,0.0
259,157,0.0
605,204,0.0
872,157,0.0
727,834,0.0
437,863,0.0
751,259,0.0
779,232,0.16666666666666666
797,432,0.0
326,121,0.0
25,121,0.0
257,876,0.08333333333333333
327,392,0.07142857142857142
230,275,0.2
493,117,0.030303030303030304
861,266,0.0
567,614,0.1
55,234,0.0
813,721,0.08333333333333333
556,758,0.05263157894736842
922,404,0.0
680,557,0.0
563,1384652,0.041666666666666664
922,888,0.0
810,733,0.06666666666666667
745,614,0.0
357,758,0.05263157894736842
782,916,0.0
322,825,0.0
61,637,0.0
342,1,0.0
422,137,0.0
357,136,0.06060606060606061
573,122,0.10526315789473684
326,357,0.03225806451612903
133,791,0.0
572,422,0.0
76,322,0.0
206,318,0.0
312,188,0.0
605,2089740,0.0
2521991,404,0.0
147,528,0.0
792,563,0.0
364,232,0.0
392,700,0.0
362,392,0.0
627,521,0.0
876,856,0.0
349,318,0.0
758,716,0.0
621,659,0.0
58,299,0.058823529411764705
357,799,0.0
2089740,27687,0.0
22,578,0.0
377,75,0.0
189,414,0.0
745,87,0.0
205,170,0.0
381,423,0.06976744186046512
193,143,0.0
391,572,0.09090909090909091
503,547,0.07142857142857142
758,12081,0.0
361,751,0.0
414,204,0.0
111,876,0.0
447,457,0.0
700,71,0.0
115,527,0.043478260869565216
277,5,0.058823529411764705
571,242,0.0
309844,615,0.0
493,479,0.07142857142857142
311,332,0.0
232,763,0.125
503,264,0.0
230,447,0.0
186,730,0.0
716,770,0.0
832,234,0.08333333333333333
17,91,0.022727272727272728
446,55,0.0
406,419,0.02564102564102564
122,419,0.0851063829787234
733,55,0.0
547,203,0.0
770,381,0.0
556,224,0.03333333333333333
429,12081,0.0
872,667,0.0
917,296,0.0
888,117,0.0
861,831,0.0
285,37,0.0
266,813,0.0
745,751,0.0
615,384,0.058823529411764705
621,136,0.0
383,775,0.0
791,287,0.0
116,507,0.05555555555555555
784,87,0.0
121,445,0.25
304,106,0.05555555555555555
274,536,0.0
423,659,0.08695652173913043
22,145,0.0
703,99,0.0
316,637,0.0
2521991,556,0.0
557,528,0.0
247,309844,0.0
198,781,0.0
123,146270,0.0
186,147,0.0
719,162,0.0
634,556,0.0
219,719,0.0
87,46,0.0
611,792,0.0
116,525,0.024390243902439025
547,299,0.0
370,609,0.0
571,861,0.0
479,861,0.0
721,219,0.0
406,357,0.09523809523809523
667,85,0.0
493,350,0.09090909090909091
99,414,0.1111111111111111
59,391,0.0
832,522,0.1111111111111111
71,146270,0.0
568,792,0.0
667,122,0.0
404,462,0.0
87,267,0.0
432,796,0.058823529411764705
349,751,0.0
615,313,0.0
634,99,0.0
779,825,0.0
796,93,0.1111111111111111
164,795,0.0
332,143,0.0
444,785,0.0
277,235,0.06666666666666667
287,235,0.0
326,784,0.0
231,369,0.0
721,318,0.0
37,785,0.0
719,195,0.0
22,25,0.0625
381,404,0.041666666666666664
842,162,0.0
99,446,0.0
832,614,0.0
716,831,0.0
312,203,0.0
891,799,0.0
76,568,0.0
534,115,0.0
439,157,0.0
522,713,0.0
46,483,0.0
406,99,0.0
341,8,0.0
572,279,0.0
322,200,0.0
718,741,0.0
832,247,0.0
631,206,0.0
296,360,0.0
231,775,0.0
117,332,0.0
457,287,0.0
287,527,0.045454545454545456
106,556,0.05263157894736842
143,396,0.0
631,755,0.0
571,2089740,0.0
792,573,0.0
615,332,0.08333333333333333
673,791,0.1
917,259,0.0
431,459,0.0
137,44,0.0
522,91,0.09090909090909091
719,422,0.0
740,483,0.0
547,831,0.0
93,719,0.0
49,834,0.0
308,580,0.09090909090909091
207,117,0.0
299,486,0.0
85,758,0.0
459,422,0.0
117,631,0.0
551,832,0.0
116,122,0.10714285714285714
637,609,0.047619047619047616
381,916,0.0
96,406,0.0
699,432,0.0625
636,85,0.0
557,58,0.0
751,285,0.0
40,598,0.0
133,380,0.08695652173913043
123,60,0.0
609,163,0.0
445,775,0.0
322,551,0.0
730,700,0.0
722,657,0.0
193,63,0.5
274,188,0.0
613,1,0.0
96,357,0.0
856,115,0.0
608,614,0.0
571,170,0.0
613,373,0.0
797,493,0.07692307692307693
233,799,0.0
832,106,0.0
360,304,0.0
8,266,0.0
550,486,0.0
916,77,0.0
447,719,0.0
703,729,0.0
563,40,0.0
145,861,0.0
304,143,0.0
730,598,0.0
547,863,0.0
657,51,0.047619047619047616
44,83,0.0
489,519,0.09090909090909091
527,613,0.047619047619047616
234,614,0.0
360,439,0.0
305,259,0.0
376,878,0.0
55,277,0.0625
615,503,0.0
810,30,0.0
765,810,0.0
432,75,0.058823529411764705
72,184,0.0
837,489,0.1111111111111111
733,35,0.041666666666666664
796,123,0.125
202,35,0.12
797,313,0.0
703,891,0.0
123,267,0.0
406,63,0.0
667,917,0.0
39,543,0.0
235,9,0.0
534,392,0.0
737,390,0.0
567,202,0.0625
111,247,0.0
275,529,0.0
296,381,0.03225806451612903
716,914,0.0
863,35,0.0
264,462,0.0
143,203,0.0
230,193,0.0
96,350,0.0
83,39,0.0
257,538,0.0
230,267,0.037037037037037035
659,519,0.0
257,357,0.05405405405405406
782,311,0.0
2521991,512,0.0
285,58,0.0
193,342,0.0
63,22,0.0
404,792,0.0
304,631,0.0
897,609,0.0
327,448,0.07692307692307693
332,872,0.0
922,521,0.0
741,233,0.0
621,897,0.0
384,519,0.0
614,512,0.0
204,799,0.0
40,342,0.10526315789473684
55,37,0.0
332,897,0.0
627,722,0.0
922,287,0.0
59,136,0.06666666666666667
146270,619,0.0
312,162,0.0
557,755,0.0
721,856,0.0
782,914,0.0
111,667,0.0
377,275,0.0
369,96,0.0
327,775,0.0
225,232,0.0
550,390,0.0
740,578,0.0
525,312,0.0
279,193,0.0
279,522,0.0
439,361,0.0
834,831,0.0
111,380,0.047619047619047616
17,726,0.045454545454545456
614,303,0.0
259,430,0.0
287,370,0.0
2521991,108465,0.0
206,42,0.14285714285714285
137,390,0.0
556,486,0.06060606060606061
737,287,0.0
384,8,0.0
781,645,0.0
852,299,0.0
266,402,0.0
740,42,0.0
264,63,0.0
489,528,0.0
831,697,0.0
37,745,0.0
813,514,0.058823529411764705
87,775,0.0
58,529,0.0
486,27687,0.0
204,770,0.05
305,77,0.0
613,234,0.0
39,303,0.0
567,203,0.0
402,195,0.0
360,61,0.0
350,512,0.0
350,225,0.15384615384615385
580,730,0.0
219,796,0.0
922,350,0.0
369,242,0.0
541,719,0.0
922,225,0.0
631,578,0.0
522,313,0.0
615,17,0.0
71,398,0.0
527,503,0.0
390,621,0.0
825,722,0.0
631,840,0.0
87,784,0.0
551,75,0.0
706,781,0.0
832,429,0.0
55,305,0.0
605,35,0.0
316,390,0.0
309844,204,0.05263157894736842
519,891,0.0
699,55,0.0
598,394,0.0
580,636,0.0
430,5,0.0
621,571,0.0
446,716,0.0
784,446,0.14285714285714285
305,634,0.0
897,224,0.0
318,852,0.0
22,730,0.0
116,825,0.0
534,26,0.0
233,703,0.0
423,299,0.0
503,792,0.0
718,751,0.0
404,17,0.038461538461538464
514,34,0.07142857142857142
302,922,0.0
59,657,0.0
406,247,0.0
611,83,0.05263157894736842
242,483,0.0
432,157,0.0
831,9,0.0
432,259,0.0
791,224,0.0
578,235,0.0
457,373,0.0
390,342,0.0
507,224,0.14285714285714285
832,318,0.0
439,825,0.0
431,394,0.08333333333333333
60,519,0.09090909090909091
541,1,0.0
852,810,0.0
121,33,0.11764705882352941
863,22,0.0
257,437,0.11764705882352941
224,571,0.0
277,115,0.07692307692307693
444,430,0.0
326,26,0.0
44,888,0.0
257,795,0.0
235,299,0.0
71,439,0.0625
719,376,0.0
83,37,0.058823529411764705
207,765,0.0
775,459,0.0
917,195,0.0
837,224,0.0
547,233,0.0
733,302,0.0
619,305,0.0
85,856,0.0
714,680,0.058823529411764705
799,235,0.0
872,444,0.0
277,588,0.0
279,888,0.0
17,285,0.125
30,680,0.10526315789473684
755,44,0.0
76,59,0.0
534,55,0.08333333333333333
550,369,0.0
235,146270,0.0
225,39,0.0
556,842,0.0
729,512,0.0
332,726,0.045454545454545456
85,242,0.0
479,852,0.0
8,430,0.0
758,573,0.08695652173913043
512,437,0.0
550,614,0.0
207,370,0.0
483,25,0.0
247,51,0.0
713,170,0.0
429,751,0.0
837,697,0.0
184,922,0.0
792,83,0.0
518,863,0.0
30,259,0.0
838,834,0.0
799,861,0.0
729,287,0.125
489,42,0.0
55,72,0.07142857142857142
813,34,0.07692307692307693
667,202,0.2222222222222222
703,341,0.0625
34,428,0.0
33,615,0.058823529411764705
133,611,0.0
146270,518,0.0
897,557,0.0
296,614,0.0
219,608,0.0
203,311,0.0
422,267,0.03333333333333333
231,316,0.0
230,30,0.0
204,145,0.0
350,22,0.09090909090909091
543,737,0.0
727,563,0.0
428,922,0.0
147,727,0.0
17,279,0.0
396,302,0.047619047619047616
840,72,0.0
722,475,0.1
657,2089740,0.0
232,922,0.0
361,117,0.0
63,889,0.2
232,838,0.0
247,34,0.0
204,914,0.0
551,536,0.0
30,897,0.0
194,95,0.0
92,667,0.0
225,729,0.0
322,459,0.0
230,550,0.0
876,825,0.0
8,719,0.0
266,459,0.0
810,39,0.0
296,719,0.0
782,891,0.0
13,22,0.0
917,44,0.0
277,673,0.058823529411764705
917,888,0.0
238,445,0.0
235,781,0.0
512,431,0.0
605,394,0.0
489,234,0.058823529411764705
572,9,0.0
888,737,0.0
2521991,60,0.0
384,784,0.0
364,897,0.0
342,25,0.03571428571428571
27687,718,0.0
922,503,0.0
362,785,0.0
522,143,0.0
462,76,0.0
170,27687,0.1111111111111111
534,770,0.07142857142857142
428,5,0.0
99,242,0.0
170,483,0.0
39,402,0.0
810,813,0.0
667,493,0.03571428571428571
76,99,0.0
316,667,0.0
207,831,0.0
550,202,0.0
838,2521991,0.0
795,394,0.0
667,503,0.2
115,194,0.0
872,697,0.0
889,404,0.0
406,46,0.14285714285714285
5,580,0.0
572,758,0.05555555555555555
721,634,0.0
521,22,0.0
727,225,0.0
636,37,0.0
136,372,0.0
567,116,0.05128205128205128
431,557,0.0
727,22,0.0
207,2089740,0.0
277,431,0.058823529411764705
557,580,0.0
699,396,0.038461538461538464
613,189,0.3333333333333333
726,916,0.05263157894736842
459,697,0.0
775,308,0.0
266,350,0.0
13,631,0.0
782,428,0.0
317,598,0.0
404,115,0.038461538461538464
588,35,0.0
133,521,0.0
897,327,0.0
797,414,0.0
67,775,0.0
568,145,0.0
55,163,0.0
571,444,0.0
792,30,0.0
891,550,0.0
318,733,0.0
563,242,0.0
529,784,0.0
1,326,0.0
85,91,0.0
402,699,0.0
292,35,0.0
718,121,0.0
392,785,0.0
225,362,0.0
234,30,0.047619047619047616
85,706,0.0
414,813,0.0
61,391,0.0
1,538,0.0
33,342,0.041666666666666664
234,536,0.0
77,203,0.0
475,406,0.0
