u,v,PA
13,708,40
615,121,9
1192,897,8
459,204,18
627,837,40
1343,1025,12
519,1100,55
1249,1117,6
459,834,108
1193,889,51
614,381,48
1043,619,28
394,1309,9
396,61,120
872,1108,96
736,1061,5
1026,1220,224
534,1247,1
184,209,4
1322,1144,11
364,1389,2
162,99,2
547,556,10
615,1192,36
742,1146,21
636,842,24
1016,439,30
1337,974,9
731,1204,7
231,459,9
993,1026,77
1194,813,3
1111,304,1
150,842,18
1347,396,16
1030,611,147
96,35,28
318,115,10
163,960,19
999,232,24
380,149,176
203,5,108
137,1291,12
700,730,28
493,1057,37
225,1219,65
1,194,352
77,1389,5
116,1178,62
1271,547,10
1108,563,3
1343,1194,9
805,1030,147
527,163,3
811,276,0
666,1370,0
738,400,0
40,1142,0
304,1318,5
551,1276,6
296,392,3
527,493,111
304,763,2
999,993,88
364,1050,4
178,225,5
121,1069,6
825,954,12
1219,922,26
288,912,54
831,245,2
178,285,6
541,731,2
396,1042,80
952,238,24
1192,917,28
631,170,12
233,209,48
304,1025,4
1358,202,4
1368,349,0
1194,738,0
292,423,4
414,1078,242
95,853,4
259,999,16
203,648,24
960,1271,38
1256,46,28
1368,396,16
627,578,15
968,1057,7
1075,1284,48
1291,742,14
17,493,481
233,259,24
392,1297,1
35,143,4
1065,231,13
381,31505,162
1178,1030,42
298,568,9
337,1208,39
697,170,2
922,322,30
1053,993,66
35,298,12
204,863,4
25,765,10
805,886,14
493,637,555
1111,646,1
396,2090742,8
1228206,423,4
136,1370,5
655,1185,34
763,242,2
448,518,4
893,837,80
974,219,6
1238,1025,8
1069,1057,6
803,179,10
1043,697,14
572,891,17
72,30,22
363,312,3
740,961,36
1311,40,0
259,203,24
337,1293,13
718,727,21
722,1065,78
1035,1356,17
891,804,0
832,811,0
1179,121,2
755,1026,112
748,1195,0
1223,960,19
1169,1142,8
936,1010,12
1389,1069,6
1368,985,6
71,219,20
9,784,4
999,296,24
357,448,6
1343,740,18
648,259,4
568,974,9
893,525,10
1010,966,4
459,897,18
234,731,40
115,49,60
1094,685,9
519,541,22
91,1392,66
940,547,40
275,1358,4
268,748,70
406,1271,4
259,917,14
1043,571,294
26,1219,143
1048,733,55
1384652,298,33
162,831,2
767,230,24
483,518,12
1339,556,2
205,209,12
225,1358,5
55,1057,1
888,832,24
1227,571,21
430,1317,6
1013,767,30
298,810,24
1108,267,36
1069,1366,72
115,637,150
357,285,36
342,225,45
974,645,3
1174,791,8
887,447,2
1057,825,3
1310,912,42
825,349,0
342,1297,9
55,1042,10
1030,541,42
2090742,974,3
13,392,4
205,943,3
1185,1147,51
92,914,28
268,232,30
39,1192,4
195,1271,6
116,784,124
741,1256,7
288,58,27
92,731,7
27687,1271,4
439,1048,15
25,917,35
1356,219,2
207,1228206,10
588,274,4
1204,891,7
204,1266,4
1322,782,6
93,311,8
931,716,36
117,149,11
58,1111,3
202,304,4
737,164,12
767,1030,63
1063,322,165
1322,1061,5
242,556,2
1117,298,18
1154,446,33
556,27687,4
1368,1367,2
302,763,6
1084,556,18
233,655,24
748,567,35
785,1208,9
373,999,56
259,39,2
1144,900,110
30,198,20
714,204,4
202,349,0
238,71,60
631,1347,12
398,1341,90
588,999,16
1265,1154,33
887,91,44
1309,276,6
804,1048,0
741,1271,2
1310,392,7
954,245,8
326,1000,9
163,825,3
571,247,84
59,257,14
398,716,81
522,966,8
810,1389,8
178,571,21
259,157,6
296,797,15
708,832,240
350,1293,7
1297,1343,3
1227,699,6
342,1344,36
1100,1318,25
1219,391,65
655,12081,8
99,137,6
627,680,45
207,804,0
205,831,3
9,184,1
784,648,8
341,738,0
342,547,45
17,872,416
714,116,62
912,1228206,12
164,1975282,48
1346,627,15
1194,1208,9
1228206,447,2
370,637,30
551,483,18
1204,400,7
459,1276,9
961,13,24
1026,999,56
745,95,10
627,96,35
234,672,120
1025,588,8
1108,276,6
1193,1318,15
257,150,42
1366,245,24
95,311,4
886,1035,34
437,1016,40
1185,121,17
770,1337,3
64,92,70
447,33,4
1194,1174,3
716,1341,90
93,224,12
432,993,264
305,232,33
1077,1309,0
1247,1245,5
737,745,30
615,1063,99
1366,1223,12
1146,233,36
322,1026,105
1016,900,100
205,853,6
231,568,3
350,556,14
22,1370,20
1356,1077,0
751,414,110
1108,1147,9
985,35,12
1185,672,51
383,507,43
33,9,4
292,796,4
1063,1238,22
738,672,0
565,92,70
837,259,16
572,912,102
163,305,11
927,91,44
163,296,3
736,238,6
631,285,36
235,571,21
39,439,3
288,1192,36
27687,392,2
238,2089740,0
571,568,63
1309,1057,3
1,432,528
1147,832,72
277,804,0
1199,1220,32
198,912,60
810,917,56
207,247,20
512,1208,0
238,522,24
446,373,21
162,391,10
770,960,19
1077,242,0
810,257,56
788,1266,4
834,917,84
326,891,9
551,1367,6
893,1025,40
1078,230,88
1061,1175,25
349,75,0
396,1366,96
231,31505,27
954,12081,16
337,2089740,0
341,578,6
479,782,6
242,968,7
268,912,60
1084,1384652,99
619,203,24
872,1356,32
1100,298,15
2759376,202,24
573,1975282,240
1175,1000,5
1035,788,34
71,982,130
198,162,20
916,700,12
648,33,8
234,1293,40
198,338,30
886,1276,2
58,338,9
77,1192,20
1175,842,15
1341,571,210
853,1204,14
796,2089740,0
1389,242,1
275,968,28
437,1389,4
507,952,4
1057,1053,6
646,1208,3
563,26,11
927,1368,4
1104,93,20
1169,274,16
1111,942,2
646,889,17
763,534,2
1175,1195,0
708,1037,10
512,1117,0
1317,123,12
588,231,2
755,188,96
922,9,2
312,391,15
565,657,20
645,685,3
1013,30,20
341,810,16
993,646,11
1043,1334,0
123,2759376,36
364,580,34
349,439,0
1228,872,416
931,1228,52
178,742,7
489,377,48
1256,1228206,14
13,1213,24
891,685,3
536,1025,4
795,33,0
1084,1014,9
1254,512,0
952,439,12
202,186,4
685,188,18
195,337,39
184,811,0
188,163,6
803,519,22
204,1356,2
736,396,8
905,1370,190
1339,927,2
716,51,108
1174,943,1
534,1122,9
429,952,32
1220,1016,320
164,370,4
1042,1175,50
727,837,56
2090742,534,1
274,1358,2
430,1146,9
99,1344,4
259,785,6
404,288,18
83,784,0
163,1016,10
446,993,33
33,751,20
143,493,37
1228206,391,10
547,1233,10
1146,277,36
888,247,4
755,71,160
648,1367,2
748,588,14
685,383,129
404,2090742,2
381,83,0
219,954,8
1195,522,0
1271,349,0
285,547,30
26,1026,77
1392,838,6
770,1370,5
966,259,4
1104,72,55
1334,162,0
268,162,20
1014,116,31
99,184,1
952,481,8
1178,364,4
1346,525,3
238,952,24
960,645,19
1318,203,60
541,891,2
1069,432,144
1341,813,10
927,961,12
275,1000,4
1075,525,16
481,631,12
475,274,8
900,571,210
392,838,2
304,534,1
853,230,16
825,170,6
1057,1169,8
536,518,4
296,404,6
657,209,8
931,922,8
619,95,4
1311,736,5
274,342,18
381,1175,30
1341,940,80
2090742,1016,10
437,697,4
372,886,58
40,448,0
298,122,90
1384652,1053,66
1208,109,3
349,298,0
1000,547,5
905,1347,76
718,1117,18
1318,1010,10
266,1318,25
230,312,24
636,512,0
1013,481,20
699,350,42
636,49,48
285,224,18
322,1043,210
1204,536,7
230,1322,8
1384652,1108,33
1109,1043,140
1194,657,6
1146,525,3
936,26,66
363,5,9
1077,150,0
123,1199,6
231,1109,10
149,611,77
770,1322,1
83,722,0
1228,770,13
1179,1334,0
1213,1227,6
245,115,20
525,1043,14
922,1311,10
163,942,2
143,547,5
982,796,26
1204,727,49
722,519,66
916,268,60
1367,853,2
1318,121,5
1334,1069,0
619,714,4
931,1238,8
1233,1,44
770,1347,2
1075,209,64
914,755,64
767,179,15
392,230,8
1317,534,2
797,1322,5
788,657,4
268,341,20
619,317,2
1014,364,2
1078,1204,77
1339,370,2
680,838,18
275,46,16
64,741,10
432,1370,120
993,748,77
927,186,2
1144,136,11
1117,123,36
423,573,20
742,338,21
400,740,6
619,55,2
952,361,16
813,311,2
1254,543,48
615,765,18
178,27687,2
13,400,4
1193,507,3
1190,342,153
357,961,36
518,9,4
231,699,6
370,95,4
1271,398,18
122,1000,30
791,428190,72
200,1013,20
738,518,0
149,391,55
1185,987,306
238,1208,18
813,655,2
1193,398,27
1013,322,150
58,17,39
785,1117,18
1367,459,9
736,1185,17
936,527,18
954,27687,8
202,779,0
631,1063,66
1144,361,44
338,233,36
302,974,9
322,1010,30
423,1291,4
121,275,4
1010,311,4
1193,738,0
83,838,0
5,357,54
1016,1185,170
1042,733,110
736,414,22
99,204,2
758,276,12
954,636,32
1265,893,30
1343,1220,96
563,960,19
481,518,8
1249,446,3
863,637,30
657,547,10
149,372,319
137,758,36
1291,1389,2
391,428190,45
184,736,1
811,680,0
296,755,48
782,162,12
1035,556,34
1175,318,5
543,748,56
1238,285,12
536,200,2
203,268,120
666,205,0
245,1146,6
940,370,16
1063,891,11
791,1309,24
917,1293,7
834,805,84
195,1057,3
740,377,72
788,522,8
779,276,0
832,740,144
731,1192,4
31505,46,108
1213,72,66
186,888,1
543,232,24
565,257,70
645,936,6
1122,357,54
235,363,1
1228,234,520
143,525,1
936,446,18
763,233,24
755,512,0
1213,95,12
312,727,21
150,755,96
699,349,0
1293,565,10
637,968,105
9,49,6
788,414,44
1124,522,28
61,740,90
419,475,76
1053,534,6
1169,230,64
428190,534,9
483,51,36
1179,1220,64
391,1334,0
231,439,3
209,64,40
230,1228,104
1063,25,55
268,195,30
1310,95,14
1185,1339,17
631,755,96
30,22,8
381,1223,6
1030,1366,252
568,1075,48
1185,1108,51
563,99,1
730,1339,14
486,825,30
439,432,72
1146,733,33
714,373,14
897,219,4
567,927,10
588,1343,6
95,571,42
277,1185,204
740,209,24
1026,954,28
242,727,7
755,814,48
247,363,4
1144,863,22
149,1142,11
1271,242,2
891,203,12
481,832,48
825,1035,51
1245,565,50
685,1057,3
203,277,144
2089740,12081,0
349,1063,0
430,203,36
887,373,14
447,767,3
680,614,72
231,567,5
784,742,28
922,1060,10
238,831,6
767,342,27
232,832,72
1122,1042,90
274,377,24
573,150,60
512,825,0
1318,987,90
95,475,8
266,1238,10
267,1122,108
194,1026,112
267,811,0
1254,341,12
1228206,99,2
364,1318,10
685,1314,3
234,1060,200
666,1228206,0
400,149,11
572,200,34
837,486,80
170,95,4
95,714,4
1014,727,7
863,1094,6
810,982,104
1108,1204,21
825,922,6
842,204,6
296,770,3
1347,718,6
1347,326,18
1223,648,2
1245,178,5
77,512,0
1245,727,35
982,1050,26
943,887,2
311,797,10
188,1014,6
887,30,4
2090742,446,3
567,209,20
276,414,44
1078,64,110
543,905,304
838,1276,2
60,982,13
1195,137,0
636,91,176
123,304,6
1061,1075,80
17,292,26
22,363,4
398,481,18
936,392,6
788,1238,4
1368,143,2
853,12081,8
312,123,18
891,178,1
391,178,5
235,519,11
1337,92,21
33,268,40
338,1317,6
1108,1370,15
507,372,29
317,943,1
55,205,3
758,534,6
1195,1035,0
825,296,9
285,863,12
1249,1030,21
810,722,48
1111,71,10
96,1154,77
1266,1146,6
1100,423,10
207,567,25
888,1193,3
565,58,30
1227,1219,13
170,1291,4
184,1077,0
811,1392,0
219,49,12
1220,423,64
954,1050,8
17,952,52
1339,872,32
680,31505,243
419,235,19
369,489,16
708,565,100
943,479,1
1178,1174,2
31505,1179,54
1337,966,6
767,797,15
982,1310,91
394,26,33
304,1100,5
536,685,3
993,733,121
1185,541,34
337,1175,65
39,648,2
1030,736,21
834,317,12
751,805,35
1179,363,2
1178,312,6
1245,391,25
292,31505,54
157,672,9
116,1192,124
853,475,8
219,109,2
349,268,0
2759376,1057,6
1026,736,7
274,486,20
430,534,3
863,439,6
363,1195,0
123,615,54
987,631,108
952,285,24
1193,519,33
999,1233,16
648,481,4
225,1284,15
404,797,10
338,1213,18
224,785,9
731,1193,3
927,1318,10
312,115,30
891,448,1
627,614,40
580,1075,272
373,363,7
1276,1367,1
1013,123,60
1174,285,6
853,13,8
1109,999,80
170,150,12
31505,186,27
837,296,24
547,834,60
999,1249,8
853,954,8
1228,648,26
518,556,8
1050,541,4
242,525,1
917,224,21
1144,767,33
1000,242,1
493,234,1480
350,922,14
1366,22,48
982,697,13
372,655,58
1194,1220,96
534,525,1
1358,61,15
1190,268,170
235,207,5
1389,205,3
507,259,2
224,257,21
232,164,6
117,1069,6
1370,92,35
1366,150,72
235,13,4
72,791,88
231,392,1
9,439,3
5,522,36
905,446,114
1220,968,224
1154,1175,55
184,483,3
349,35,0
748,1042,70
1322,1117,6
1276,534,1
1254,573,60
200,2090742,2
1247,58,3
1094,1368,6
60,512,0
292,235,2
573,404,20
1256,730,98
275,748,28
1,1311,110
567,1347,10
149,1343,33
888,637,15
203,1026,84
414,194,352
257,414,154
305,1078,121
40,1025,0
194,572,272
1367,916,6
580,33,68
805,277,84
383,758,258
396,805,56
259,567,10
1223,396,8
298,888,3
247,1094,12
225,556,10
568,718,9
115,302,30
897,432,48
733,26,121
1256,149,77
1194,838,6
931,116,124
30,277,24
25,942,10
795,1310,0
893,891,10
1975282,627,120
1094,396,24
863,837,16
927,912,12
400,377,12
810,1317,16
814,1000,3
832,1341,240
459,481,18
578,1147,9
525,1392,3
2090742,637,15
580,765,34
657,22,8
987,274,36
1063,961,66
475,1194,12
483,275,12
917,1122,63
1245,832,120
1341,30,20
1065,518,52
428190,439,27
805,1109,70
519,1122,99
889,17,221
1061,337,65
27687,1030,42
745,1144,55
1061,277,60
391,27687,10
1219,1227,13
565,122,300
40,400,0
266,792,0
1063,648,22
2089740,1169,0
377,186,12
1233,891,2
414,1208,66
51,1338,12
672,792,0
547,999,40
727,1346,21
1060,163,5
17,275,52
116,1247,31
1111,672,3
96,233,84
518,916,24
99,960,19
317,209,4
91,296,66
646,1249,1
637,75,60
886,954,8
779,765,0
1111,813,1
58,758,18
96,372,203
897,1228206,4
288,311,18
350,92,49
349,1192,0
568,341,6
736,83,0
565,235,10
2090742,1370,5
2759376,905,228
27687,1037,2
203,916,72
2090742,897,2
1178,1344,8
936,1238,12
1366,13,48
1358,225,5
730,942,28
796,337,26
268,1043,140
685,448,3
77,1233,10
448,30,2
27687,985,6
377,1228206,24
296,730,42
974,350,21
803,178,2
446,914,12
22,400,4
394,194,48
1220,1219,416
534,722,6
900,1063,110
338,1358,3
657,72,22
697,763,2
116,337,403
1347,1334,0
195,398,27
1026,1122,63
738,372,0
931,164,8
341,394,6
1291,718,6
1284,326,27
1144,631,66
580,645,17
536,1204,7
95,1343,6
61,225,75
795,551,0
722,274,12
39,987,18
377,888,12
143,259,2
886,55,2
960,123,114
792,672,0
1219,738,0
475,985,12
795,305,0
1077,1310,0
1276,646,1
194,1042,160
276,1026,14
93,1077,0
940,150,48
547,655,10
2759376,274,12
203,1104,60
637,1043,210
188,1256,42
708,349,0
960,1347,38
765,296,6
525,1154,11
370,813,2
1199,567,5
1276,556,2
1309,92,21
93,1293,4
1094,893,30
838,194,32
486,163,10
927,26,22
448,987,18
1042,547,50
1254,936,36
312,525,3
1035,1195,0
886,1254,12
1238,755,32
519,1233,22
58,342,27
534,556,2
1310,184,7
234,961,240
285,33,24
1233,304,2
825,157,9
831,619,2
430,1389,3
225,430,15
22,1228,52
1025,364,8
2089740,447,0
615,381,54
93,831,4
230,25,40
1142,1249,1
788,150,12
483,954,12
1192,46,16
311,136,2
2089740,1266,0
394,573,30
961,357,36
439,795,0
2089740,648,0
1014,235,1
200,512,0
224,61,45
483,195,9
274,804,0
507,1048,5
377,897,24
770,888,1
888,942,2
60,1077,0
1245,1025,20
27687,931,8
61,927,30
1204,748,49
96,646,7
1194,234,120
1075,61,240
157,1271,6
266,162,10
1343,394,9
143,170,2
1175,1392,15
115,672,30
1317,357,12
740,551,36
1078,636,88
525,170,2
1266,525,2
99,245,2
1104,931,20
645,740,6
974,5,27
770,834,12
198,834,120
672,1042,30
1026,627,35
936,1030,126
276,740,12
571,527,63
448,813,1
1146,39,3
1060,567,25
1192,863,8
700,268,20
1271,337,26
1213,46,24
765,373,14
519,364,22
648,92,14
1142,186,1
91,1192,88
767,231,3
741,1291,2
31505,75,108
242,614,8
489,26,44
1190,655,34
429,383,344
751,738,0
556,277,24
13,796,8
99,13,4
194,115,160
700,25,10
1061,230,40
796,525,2
563,483,3
571,429,168
1228,414,286
1169,1195,0
1060,296,15
556,202,8
1016,522,40
565,33,40
1108,1142,3
489,1037,4
305,1014,11
742,350,49
1337,337,39
195,1146,9
993,1368,22
12081,814,12
755,940,128
954,288,36
666,891,0
745,525,5
748,136,7
805,58,21
1147,1366,36
33,942,8
268,568,30
400,2090742,1
838,338,6
730,1016,140
872,423,64
1025,209,16
1030,122,630
202,952,16
900,483,30
1037,318,1
83,578,0
486,804,0
1310,268,70
1078,788,22
615,35,36
1392,428190,27
404,811,0
765,888,2
779,312,0
733,1389,11
1111,872,32
204,298,6
527,9,3
1256,1389,7
636,960,152
700,672,6
234,12081,160
245,184,2
475,1048,20
304,1339,1
277,779,0
645,5,9
437,966,8
767,326,27
1223,727,7
398,547,45
716,700,18
974,423,6
699,680,54
1344,519,44
1291,13,8
578,1144,33
1337,916,18
961,404,12
58,1341,30
1190,770,17
1293,1266,2
391,39,5
238,927,12
12081,337,52
954,886,8
203,615,108
162,1069,12
1192,779,0
697,680,9
968,373,49
541,31505,54
1174,207,5
39,1297,1
1077,796,0
1213,1318,30
1368,1175,10
432,1146,72
162,64,20
811,75,0
745,943,5
891,372,29
341,785,6
751,1297,5
446,900,30
742,518,28
209,1100,20
404,1050,4
93,479,4
207,292,10
518,149,44
893,985,30
727,637,105
810,1293,8
1368,536,2
637,202,60
795,765,0
1256,1190,119
887,942,4
758,205,18
363,22,4
99,655,2
1048,914,20
150,372,174
188,527,18
810,619,16
522,149,44
414,391,110
792,797,0
1154,1228206,22
563,740,6
1314,788,2
525,966,2
64,1228206,20
987,1104,90
372,1048,145
428190,1053,54
842,39,3
59,838,4
936,1144,66
968,486,70
796,40,0
26,803,22
235,51,12
72,779,0
614,708,80
1284,184,3
430,99,3
143,1178,2
897,225,10
853,1228,26
370,1084,18
1053,543,48
1014,479,1
889,1318,85
419,627,95
792,730,0
245,342,18
1043,209,56
1392,242,3
922,93,8
1266,137,12
1384652,370,22
377,338,36
1179,1078,22
305,481,22
795,350,0
1111,580,17
446,136,3
1069,1346,18
95,304,2
518,373,28
1343,737,18
428190,1293,9
75,122,120
922,35,8
1311,810,40
567,1343,15
748,1063,77
1367,275,4
326,1174,9
1016,842,30
372,447,29
615,614,72
204,277,24
117,1185,17
765,257,14
718,209,12
563,61,15
9,51,12
742,39,7
1271,1117,12
891,699,6
637,311,30
1220,568,96
718,143,3
900,1,220
563,1147,3
832,942,48
64,718,30
578,91,66
1199,887,2
731,30,2
188,832,144
30,157,6
1341,1043,140
905,912,228
1343,322,45
149,1077,0
1199,1147,3
1309,1346,9
738,381,0
1227,1194,3
1337,697,3
987,25,90
1192,1026,28
122,1199,30
748,1100,35
2089740,1228,0
680,834,108
122,672,90
116,699,186
1053,893,60
27687,791,16
952,26,44
71,573,100
863,580,34
536,886,2
834,543,96
736,1293,1
666,611,0
392,75,4
1356,268,10
292,257,14
429,59,16
572,1339,17
534,1000,1
219,745,10
59,1213,12
204,1147,6
872,751,160
573,164,20
1075,1124,112
46,349,0
1194,1175,15
1037,912,6
150,722,36
1384652,481,22
274,31505,54
736,722,6
751,785,15
55,1190,17
312,810,24
1000,259,2
1122,1014,9
400,791,8
912,1169,48
1117,337,78
1154,931,44
730,292,28
1368,184,2
235,233,12
235,1053,6
1000,572,17
2759376,792,0
646,459,9
1317,1065,26
832,1228,312
1010,184,2
556,137,12
46,853,8
1169,1238,16
572,231,17
446,1384652,33
267,1284,36
685,247,12
1043,398,126
123,519,66
1341,233,120
1043,1249,14
448,1030,21
1108,785,9
432,2089740,0
952,1265,12
952,95,8
1037,115,10
369,200,8
1358,233,12
406,1256,14
1367,1065,13
893,231,10
483,429,24
1122,150,54
1276,33,4
285,1117,36
1366,522,48
370,1266,4
1065,235,13
1276,304,1
326,1100,45
745,1344,20
394,834,36
1194,198,30
1069,317,6
198,369,40
727,122,210
573,350,70
292,58,6
72,838,22
954,716,36
1178,1233,4
475,886,8
1178,657,4
475,657,8
357,1265,18
1223,573,10
1228206,1042,20
224,219,6
952,1337,12
305,39,11
5,666,0
83,804,0
115,1037,10
198,292,20
1078,204,22
1192,889,68
507,645,1
685,423,6
1104,1174,5
507,1271,2
326,31505,243
318,738,0
631,75,24
150,834,72
259,580,34
2089740,322,0
231,1124,7
731,699,6
59,985,6
961,1265,18
1293,1318,5
75,224,12
796,1192,8
966,527,6
810,563,8
507,1265,3
999,1339,8
1100,39,5
685,195,9
1338,22,4
811,999,0
257,795,0
60,238,6
46,233,48
95,1179,4
886,614,16
448,1368,2
917,525,7
718,149,33
1108,1025,12
337,886,26
1193,486,30
381,578,18
699,837,48
708,337,130
224,567,15
748,837,56
543,1185,136
672,886,6
194,730,224
143,1075,16
931,475,16
922,373,14
1339,493,37
731,916,6
897,804,0
1030,1060,105
943,1370,5
614,1291,16
312,565,30
1344,186,4
534,195,3
519,791,88
742,627,35
178,430,3
1227,95,2
446,522,12
736,982,13
247,447,4
814,1013,30
588,247,8
931,588,8
527,758,18
22,349,0
551,117,6
1179,1037,2
1169,999,64
428190,93,36
419,1338,19
9,1075,16
699,646,6
311,259,4
1220,1146,96
1228,33,52
942,93,8
1975282,188,144
1199,940,8
999,377,96
122,157,90
685,437,12
150,1190,102
1228206,288,18
1108,525,3
1228206,71,20
361,437,16
116,115,310
748,745,35
792,72,0
1233,1228206,4
224,727,21
916,685,18
1291,1341,20
95,423,4
1227,572,17
1108,1078,33
58,999,24
568,889,51
1219,1147,39
522,1111,4
479,1256,7
179,406,10
209,30,8
123,1338,6
122,763,60
99,268,10
916,912,36
1000,203,12
233,680,108
322,853,30
194,448,16
1010,1356,2
1195,985,0
370,714,4
430,837,24
645,1190,17
430,318,3
1389,1061,5
22,1026,28
974,33,12
571,202,84
779,1247,0
75,751,20
1293,35,4
64,25,50
163,615,9
311,1344,8
982,419,247
49,242,6
936,954,24
17,1389,13
39,825,3
275,1194,12
672,522,12
1347,1016,20
1208,483,9
447,547,5
785,204,6
1297,1309,3
914,162,8
1146,1975282,72
811,137,0
1065,380,208
697,648,2
71,648,20
547,1195,0
205,372,87
58,1000,3
784,1220,128
72,1025,44
837,370,16
275,96,28
571,518,84
188,1144,66
831,1367,1
708,225,50
655,245,4
551,157,18
479,914,4
483,430,9
242,1178,2
1389,71,10
40,889,0
35,685,12
1266,117,2
259,186,2
551,257,42
888,788,2
439,2759376,18
2089740,1142,0
838,547,10
832,1318,120
58,77,15
288,428190,81
961,266,30
234,1048,200
381,699,36
1048,507,5
91,285,132
745,231,5
567,1,110
1065,1337,39
349,1271,0
1175,722,30
447,2089740,0
547,1975282,120
572,39,17
708,373,70
414,96,154
804,738,0
361,364,8
922,46,8
888,1100,5
699,966,12
40,942,0
99,361,4
832,522,96
117,1154,11
242,893,10
966,39,2
234,765,80
459,987,162
1254,1309,18
242,288,9
727,373,49
987,1042,180
914,380,64
198,1247,10
430,209,12
296,722,18
202,536,4
224,1000,3
741,779,0
1190,804,0
1297,742,7
116,446,93
1293,1063,11
893,1334,0
439,1314,3
219,1026,14
832,893,240
230,788,16
672,1025,12
298,917,21
1368,1223,2
1297,157,3
1061,326,45
277,745,60
22,837,32
230,1037,8
5,834,108
369,203,48
966,1048,10
93,304,4
232,838,6
1338,519,11
163,31505,27
188,202,24
157,296,9
1220,699,192
1065,1389,13
974,1322,3
49,1368,12
905,853,76
1190,1366,204
1256,35,28
831,400,1
1124,1341,70
381,266,30
1310,1169,56
791,1142,8
194,791,128
1108,722,18
224,1124,21
751,298,15
573,1367,10
580,886,34
779,123,0
266,428190,45
17,2089740,0
1175,985,15
342,614,72
33,277,48
1341,811,0
1075,381,96
784,1175,20
1175,810,40
1358,400,1
486,136,10
954,350,28
5,439,27
349,150,0
1356,392,1
922,1199,2
863,9,2
121,940,8
188,312,18
234,298,120
1065,304,13
1343,349,0
927,479,2
136,727,7
961,1111,6
897,406,4
872,733,352
9,1311,5
1367,447,1
447,1065,13
439,429,24
51,522,48
666,342,0
1219,1069,78
1013,1347,20
1227,940,8
1175,195,15
731,377,12
1100,296,15
1256,1322,7
912,117,6
1338,1265,3
666,716,0
1219,267,156
489,277,48
1266,99,2
1344,1075,64
446,615,27
93,567,20
486,219,20
733,39,11
1142,92,7
718,288,27
1014,234,40
770,942,2
317,234,40
317,527,3
714,285,12
1108,541,6
179,224,15
1100,58,15
149,266,55
767,1389,3
1228206,275,8
383,1356,43
636,39,8
1256,588,14
136,35,4
507,245,2
83,1322,0
968,543,56
25,337,65
1060,238,30
551,400,6
1014,370,2
448,1013,10
448,1366,12
731,322,15
917,922,14
1367,170,2
150,740,36
1389,708,10
1223,383,43
55,179,5
803,784,8
232,987,54
247,637,60
999,1026,56
897,722,12
292,1146,6
2089740,730,0
782,257,42
1975282,83,0
1043,556,28
655,1309,6
186,1013,10
893,952,40
1219,394,39
1322,770,1
770,507,1
55,788,2
765,580,34
12081,194,64
831,1174,1
1026,886,14
1238,615,18
1063,233,132
872,1368,64
940,993,88
96,337,91
369,22,16
2089740,914,0
1063,697,11
952,1069,24
363,905,38
373,519,77
968,838,14
813,1366,12
886,1228206,4
853,202,8
1174,897,2
534,1227,1
1026,447,7
1014,755,16
195,178,3
194,58,48
853,184,2
645,1247,1
522,1000,4
448,486,10
755,942,32
512,12081,0
1233,568,6
814,205,9
803,205,6
1346,999,24
40,1297,0
428190,12081,36
927,853,4
178,518,4
1084,381,54
940,33,32
942,1228206,4
863,1042,20
1271,1223,2
1195,224,0
655,357,12
219,853,4
755,1389,16
567,12081,20
361,615,36
922,337,26
77,25,25
257,1233,14
1174,302,3
61,580,255
811,231,0
373,1026,49
27687,1368,4
1077,1219,0
235,1111,1
1334,968,0
797,942,10
1311,163,5
1245,1179,10
803,58,6
1310,842,21
318,672,3
377,648,24
276,1346,6
785,1344,12
77,83,0
292,588,4
179,999,40
1392,459,27
699,551,36
685,170,6
751,1,110
475,1284,12
423,428190,18
396,75,32
207,1,110
940,1276,8
657,109,2
2089740,863,0
337,109,13
396,987,144
714,1026,14
99,428190,9
748,361,28
493,232,111
1016,1389,10
12081,1043,56
1014,274,2
17,419,247
96,1061,35
304,342,9
1174,631,6
163,245,2
927,838,4
541,26,22
838,1311,10
195,341,6
1975282,993,264
268,429,80
886,765,4
363,493,37
396,232,24
137,2759376,36
188,1322,6
954,1213,24
1057,1318,5
257,380,112
31505,296,81
797,400,5
738,751,0
51,1122,108
1356,292,2
305,302,33
863,888,2
275,897,8
163,64,10
1109,1370,50
863,1367,2
117,1271,2
1169,5,72
1341,1016,100
170,615,18
541,341,4
392,637,15
364,406,4
1122,619,18
1334,832,0
1384652,238,66
785,198,30
230,637,120
22,357,24
580,116,527
770,391,5
837,751,40
1334,936,0
25,1084,45
745,150,30
2759376,391,30
1075,1338,16
5,755,144
35,672,12
123,1050,12
982,72,143
242,318,1
512,232,0
164,1356,2
1366,25,60
1061,646,5
51,109,12
447,58,3
274,751,10
611,447,7
1111,296,3
232,966,6
736,77,5
627,810,40
912,853,12
1075,573,160
893,572,170
993,1043,154
527,184,3
164,680,18
137,207,30
1213,731,6
235,1100,5
1223,1,22
326,186,9
1346,493,111
572,1271,34
1178,268,20
931,804,0
479,1284,3
1343,475,12
767,1322,3
350,1057,7
627,115,50
1276,225,5
1247,404,2
224,571,63
1334,341,0
242,40,0
92,363,7
1368,1025,8
92,733,77
968,136,7
551,40,0
637,483,45
195,207,15
233,803,24
872,49,192
834,922,24
200,917,14
1297,803,2
985,740,18
277,1144,132
1384652,486,110
423,805,14
77,202,20
708,259,20
481,627,10
92,588,14
25,1368,10
730,631,84
534,489,4
1108,572,51
1146,432,72
369,853,8
55,1238,2
143,648,2
2759376,341,12
205,109,3
648,631,12
1010,1063,22
985,745,15
1227,235,1
1178,619,4
267,886,24
1228,13,52
1309,697,3
733,888,11
837,198,80
49,1219,78
429,33,32
1254,150,36
889,1104,85
1069,889,102
1190,785,51
700,400,2
1368,897,4
304,536,1
2089740,219,0
1208,916,18
341,188,12
27687,109,2
259,275,8
1075,64,160
149,448,11
1144,797,55
1077,1367,0
742,810,56
831,59,2
391,770,5
832,170,48
40,439,0
338,1356,3
1094,940,24
1190,414,374
242,296,3
891,889,17
718,245,6
1122,1238,18
536,1228,13
1142,377,12
889,122,510
2090742,611,7
369,1195,0
1065,1347,26
429,149,88
1104,1199,5
736,75,4
164,748,14
170,123,12
1154,202,44
716,149,99
1358,25,5
737,672,18
92,1238,14
49,748,42
406,1124,14
1053,863,12
1030,905,798
779,179,0
1065,525,13
1100,317,5
1309,318,3
75,150,24
285,380,96
338,968,21
150,1048,30
235,927,2
207,1220,160
116,58,93
391,716,45
1169,46,32
1358,432,24
853,525,2
30,377,24
486,1192,40
512,266,0
1037,372,29
318,1185,17
740,588,12
312,804,0
71,863,20
194,1346,48
238,203,72
406,1227,2
338,887,6
825,755,48
428190,391,45
1337,1975282,72
770,940,8
238,563,6
149,547,55
1276,1013,10
785,655,6
1043,235,14
1199,35,4
93,1341,40
483,1247,3
58,1311,15
578,1228206,6
887,737,12
238,72,66
17,380,208
312,350,21
419,1384652,209
637,853,30
1060,831,5
525,483,3
311,163,2
891,813,1
99,235,1
578,437,12
922,917,14
1204,1065,91
163,268,10
2090742,481,2
547,914,20
700,259,4
1276,2089740,0
1109,1124,70
1356,93,4
481,1075,32
136,1213,6
1293,312,3
912,276,12
259,447,2
179,373,35
99,1169,8
35,1124,28
311,631,12
1213,917,42
1367,1293,1
276,1000,2
755,1084,144
1223,936,6
1060,522,20
922,814,6
834,318,12
266,200,10
1109,968,70
266,541,10
186,738,0
203,1037,12
404,60,2
765,2089740,0
30,302,6
247,25,20
83,982,0
12081,1094,12
1975282,302,72
1142,400,1
116,1366,372
1175,234,200
92,430,21
1228206,1193,6
572,940,136
588,697,2
1392,568,9
863,916,12
137,164,12
1975282,1317,48
163,1343,3
1169,1147,24
758,578,18
1317,122,60
150,1025,24
985,121,3
1975282,685,72
242,247,4
93,927,8
588,912,12
1050,285,12
1247,1175,5
927,247,8
791,71,80
741,680,9
733,1311,55
318,993,11
1048,203,60
758,71,60
940,1271,16
1271,137,12
207,157,15
1356,394,3
377,611,84
803,430,6
486,893,100
1370,813,5
1318,636,40
755,369,64
718,121,3
143,811,0
209,489,16
292,900,20
1245,1084,45
235,2089740,0
198,1318,50
257,61,105
372,1227,29
446,825,9
891,59,2
277,797,60
302,571,63
943,905,38
1108,428190,27
1193,1122,27
198,708,100
999,22,32
974,943,3
459,700,18
224,831,3
116,1042,310
810,838,16
423,317,2
17,543,104
429,163,8
288,483,27
1238,936,12
782,1077,0
917,714,14
184,1037,1
1185,1297,17
247,22,16
982,572,221
2759376,968,42
296,736,3
1108,758,18
966,567,10
534,1322,1
1208,209,12
942,1276,2
685,288,27
437,886,8
1297,391,5
447,12081,4
91,1284,66
534,730,14
922,428190,18
966,326,18
22,277,48
203,1175,60
742,380,112
372,25,145
235,137,6
722,897,12
1322,361,4
60,143,1
551,75,24
1057,486,10
92,1254,42
1053,372,174
202,1,88
361,99,4
666,30,0
318,770,1
810,1078,88
731,522,4
9,338,3
136,1249,1
447,1179,2
121,235,1
1346,274,6
194,708,160
1030,75,84
26,55,11
96,242,7
1,179,110
853,364,4
116,238,186
968,522,28
326,203,108
811,1078,0
740,708,60
296,414,66
922,1053,12
1065,305,143
1048,785,15
61,305,165
1025,404,8
202,922,8
493,588,74
791,872,256
35,765,8
219,1341,20
952,731,4
872,785,96
394,235,3
900,982,130
745,792,0
1344,814,12
200,666,0
13,543,32
121,931,4
143,372,29
1265,522,12
1109,985,30
804,136,0
200,71,20
338,33,12
459,232,27
71,916,60
380,512,0
927,1100,10
565,31505,270
525,748,7
137,30,12
748,568,21
99,954,4
738,731,0
1314,92,7
1124,1179,14
233,326,108
1297,1276,1
288,567,45
1339,1228,13
109,392,1
985,116,93
1341,447,10
730,5,126
580,149,187
71,568,30
1392,59,6
1339,39,1
1291,1026,14
1366,627,60
758,475,24
1233,943,2
51,406,24
247,170,8
727,1975282,168
897,680,18
912,430,18
186,123,6
317,825,3
396,259,16
481,357,12
716,1208,27
428190,322,135
170,999,16
2089740,758,0
40,565,0
64,722,60
483,404,6
917,1339,7
406,1053,12
657,912,12
1293,428190,9
2090742,322,15
305,121,11
657,708,20
75,157,12
267,489,48
369,381,24
1035,238,102
1223,116,31
238,122,180
1256,525,7
804,414,0
423,727,14
536,863,2
813,1276,1
740,1249,6
614,396,64
1392,627,15
305,429,88
363,394,3
423,439,6
17,942,26
247,551,24
317,13,4
1000,350,7
1219,917,91
1,448,22
1142,838,2
493,26,407
93,1366,48
136,296,3
398,796,18
486,1100,50
170,1043,28
225,1048,25
75,12081,16
1193,276,6
936,361,24
519,527,33
810,1347,16
370,891,2
1228206,1227,2
966,797,10
486,1194,30
12081,361,16
727,931,28
1384652,627,55
785,1266,6
5,285,54
1341,257,70
302,1065,39
400,448,1
834,611,84
46,51,48
1337,72,33
414,831,22
1,813,22
22,437,16
588,863,4
1142,1975282,24
748,150,42
785,137,18
745,1265,15
184,1318,5
645,116,31
791,219,16
96,912,42
5,429,72
960,479,19
1154,645,11
1104,810,40
685,974,9
232,737,18
718,1192,12
563,527,3
372,49,174
1271,803,4
1343,927,6
1291,1124,14
842,448,3
292,1061,10
304,1013,10
392,419,19
751,1384652,55
631,788,12
357,942,12
115,1220,320
377,170,24
2759376,1247,6
1384652,1000,11
446,1343,9
430,527,9
541,170,4
627,1356,5
985,406,6
406,1266,4
627,475,20
383,619,86
322,162,30
627,17,65
811,889,0
968,1322,7
1030,1291,42
377,459,108
33,1199,4
157,429,24
483,834,36
372,1142,29
361,1025,16
96,311,14
149,551,66
1016,672,30
109,1104,5
982,27687,26
1338,370,2
1314,730,14
1174,666,0
578,1146,9
968,1179,14
796,646,2
1014,792,0
1042,804,0
123,993,66
322,285,90
404,1100,10
1247,966,2
91,322,330
298,900,30
186,61,15
357,897,12
714,863,4
404,157,6
1220,960,608
1392,1366,36
567,203,60
121,1077,0
1266,611,14
563,968,7
810,326,72
266,30,10
475,731,4
17,31505,351
813,219,2
1147,394,9
483,1094,9
900,164,20
1179,93,8
900,1147,30
891,748,7
381,748,42
727,1245,35
738,1245,0
9,1317,2
448,1356,1
1318,369,20
1195,627,0
170,404,4
259,900,20
338,1366,36
931,1175,20
479,2089740,0
123,164,12
93,943,4
383,872,1376
373,646,7
646,960,19
1199,648,2
522,25,20
788,383,86
1109,304,10
784,563,4
872,1147,96
350,588,14
481,479,2
1146,9,3
364,93,8
534,12081,4
419,238,114
672,12081,12
1122,1111,9
512,1233,0
195,714,6
276,563,2
1077,1179,0
1111,224,3
245,905,76
122,1358,30
99,1179,2
22,1053,24
519,224,33
91,93,88
276,831,2
738,209,0
655,483,6
235,1284,3
337,302,39
143,49,6
266,96,35
25,163,5
1013,257,70
439,1000,3
522,811,0
1042,646,10
1111,1050,2
419,507,19
1190,338,51
194,1144,176
91,446,66
518,1030,84
232,714,6
627,791,40
1392,541,6
891,123,6
61,186,15
580,486,170
742,1249,7
788,716,18
164,13,8
1026,268,70
731,737,6
1254,1368,12
700,551,12
765,842,6
927,423,4
917,122,210
26,697,11
1347,224,6
636,394,24
373,1367,7
541,730,28
394,588,6
35,567,20
1392,12081,12
797,748,35
556,952,8
1037,1266,2
162,792,0
1356,178,1
242,404,2
58,1309,9
1322,58,3
267,646,12
1199,489,4
186,2090742,1
1111,404,2
276,1317,4
483,748,21
900,943,10
318,985,3
1169,897,16
2089740,238,0
1256,1370,35
1245,758,30
326,813,9
311,1053,12
648,448,2
1014,394,3
61,381,90
61,1025,60
292,1370,10
1339,257,7
782,342,54
900,912,60
1016,349,0
1077,1208,0
804,993,0
811,1338,0
1069,1223,6
987,64,180
741,486,10
685,186,3
91,1146,66
414,341,44
891,341,2
982,257,91
796,219,4
13,1347,8
446,887,6
1343,39,3
432,730,336
1975282,493,888
741,428190,9
1346,985,9
55,341,2
1142,357,6
1192,2089740,0
518,763,8
1228206,489,8
889,922,34
831,571,21
730,245,28
1228,1075,208
396,30,16
122,164,60
797,804,0
311,1339,2
1334,238,0
1276,779,0
39,33,4
863,136,2
1035,893,170
571,163,21
648,312,6
143,392,1
285,404,12
1318,631,30
666,1366,0
1174,5,9
832,727,168
666,999,0
814,738,0
109,224,3
889,810,136
1265,785,9
900,1367,10
1026,277,84
1220,369,128
58,109,3
525,322,15
437,657,8
381,232,18
680,230,72
803,12081,8
1245,685,15
1013,377,120
122,1057,30
1291,92,14
162,1208,6
326,361,36
305,527,33
83,738,0
1026,439,21
993,889,187
961,966,12
1271,288,18
648,700,4
186,1228206,2
486,987,180
543,1366,96
46,276,8
751,1069,30
448,631,6
805,745,35
556,475,8
164,198,20
1341,1367,10
164,1238,4
1030,914,84
1317,700,4
428190,26,99
1284,25,15
481,737,12
157,1975282,72
1016,1193,30
1075,136,16
745,1322,5
163,109,1
943,832,24
1256,1341,70
1060,507,5
276,922,4
39,99,1
9,797,5
614,733,88
536,274,2
137,1094,18
900,231,10
1043,481,28
1193,448,3
1192,834,48
745,1124,35
317,565,10
968,198,70
230,304,8
541,1256,14
614,373,56
685,792,0
1037,1053,6
383,274,86
1228206,377,24
1037,230,8
72,1338,11
655,1358,2
567,1190,85
55,188,6
525,922,2
247,136,4
231,1075,16
805,337,91
46,1249,4
611,60,7
797,99,5
202,1185,68
803,1043,28
225,891,5
33,373,28
234,987,720
437,1169,32
1366,700,24
364,326,18
522,568,12
571,475,84
1147,326,27
1249,834,12
931,27687,8
889,645,17
137,1245,30
1228,536,13
164,143,2
439,123,18
966,396,16
493,825,111
423,527,6
268,936,60
109,163,1
982,39,13
1111,205,3
30,637,30
207,1227,5
1193,837,24
406,91,44
813,1975282,24
179,349,0
2759376,512,0
893,541,20
814,1366,36
716,115,90
1030,730,294
292,982,26
1065,373,91
792,1192,0
1014,512,0
685,150,18
1057,1063,11
853,993,22
419,588,38
304,1194,3
767,414,66
257,13,28
1193,547,15
49,1254,36
288,305,99
811,636,0
149,1344,44
298,1026,21
77,342,45
363,204,2
2090742,203,12
1368,91,44
927,400,2
1043,13,56
481,1204,14
680,357,54
77,1154,55
296,419,57
1291,1249,2
700,275,8
305,1147,33
974,298,9
419,298,57
1346,1356,3
1276,708,10
655,61,30
1179,1094,6
842,447,3
5,888,9
195,615,27
755,525,16
1100,25,25
748,380,112
200,636,16
231,1175,5
326,1109,90
770,232,3
9,825,3
519,993,121
1293,1111,1
1344,1179,8
813,1334,0
571,565,210
922,788,4
481,1094,6
1084,149,99
479,194,16
121,259,2
26,573,110
247,534,4
1000,1233,2
1384652,1310,77
406,481,4
91,406,44
33,93,16
714,922,4
369,543,32
741,742,7
733,518,44
238,342,54
205,519,33
863,672,6
1219,423,26
5,1370,45
627,489,20
1075,1344,64
447,194,16
1199,814,3
1284,834,36
534,936,6
512,1084,0
17,430,39
905,1256,266
186,1077,0
1384652,245,22
912,611,42
1100,361,20
232,1358,3
1223,770,1
92,982,91
391,718,15
274,917,14
266,493,185
1146,298,9
204,26,22
507,1389,1
305,804,0
437,763,8
985,92,21
437,614,32
40,27687,0
428190,483,27
391,209,20
700,1358,2
1193,1179,6
2089740,1256,0
1025,1035,68
1016,305,110
811,2759376,0
164,631,12
1297,17,13
551,785,18
162,398,18
534,853,2
745,738,0
481,1310,14
813,71,10
149,797,55
1227,91,22
233,1389,12
116,296,93
245,162,4
2090742,83,0
1256,200,14
782,1043,84
541,527,6
406,238,12
1337,448,3
1293,791,8
578,814,9
361,1104,20
1310,900,70
518,170,8
1223,292,2
568,17,39
322,1238,30
26,432,264
109,974,3
954,486,40
304,123,6
1063,31505,297
1179,905,76
423,1389,2
982,1122,117
954,429,32
83,893,0
1037,268,10
1100,1174,5
893,792,0
202,886,8
285,59,12
137,968,42
887,235,2
437,123,24
1146,257,21
373,1337,21
1247,968,7
1247,1334,0
1265,519,33
117,391,5
370,1276,2
1195,337,0
1061,1284,15
1366,782,72
974,1154,33
565,219,20
655,779,0
30,1094,6
373,1010,14
556,1016,20
178,1223,1
195,363,3
202,235,4
92,493,259
64,536,10
373,697,7
59,534,2
1100,123,30
1370,804,0
184,1050,2
1227,198,10
1142,1179,2
547,960,95
1389,115,10
1169,326,72
1109,700,20
556,77,10
430,1030,63
1228206,304,2
1013,1025,40
1016,727,70
716,1249,9
1370,414,110
235,406,2
136,825,3
75,891,4
1199,369,4
810,805,56
1284,231,3
1219,305,143
207,198,50
763,519,22
952,1185,68
522,341,8
914,1317,8
916,751,30
150,304,6
13,404,8
46,742,28
1185,1192,68
305,430,33
61,326,135
437,115,40
363,121,1
1178,525,2
1075,164,32
99,231,1
767,304,3
619,288,18
1297,40,0
985,430,9
257,225,35
121,39,1
785,1389,3
1069,423,12
1314,238,6
233,380,192
1048,788,10
731,5,9
795,1069,0
782,796,12
1037,61,15
27687,5,18
231,430,3
1195,61,0
288,960,171
72,731,11
5,1293,9
1,1048,110
30,1238,4
1276,872,32
1063,304,11
982,121,13
788,1037,2
123,536,6
481,940,16
123,1228,78
1219,966,26
842,571,63
304,349,0
832,1030,504
486,305,110
136,1322,1
737,742,42
672,266,15
77,266,25
121,578,3
219,960,38
83,1297,0
1122,891,9
1247,137,6
527,179,15
1341,305,110
765,637,30
627,1178,10
1000,527,3
219,1249,2
731,39,1
1042,439,30
765,551,12
541,697,2
943,60,1
722,1124,42
1169,439,24
1220,33,128
770,1256,7
758,1030,126
779,117,0
1111,1169,8
1030,234,840
383,39,43
573,83,0
954,1142,4
195,1204,21
486,370,20
61,814,45
60,765,2
519,93,44
242,2089740,0
1276,666,0
916,149,66
312,1016,30
572,35,68
275,1238,8
1228206,578,6
985,25,15
423,751,10
1194,58,9
311,1233,4
202,479,4
1013,430,30
1254,893,60
797,224,15
522,51,48
891,1346,3
322,357,90
1030,952,84
1220,437,128
230,1109,80
219,588,4
1358,522,4
534,891,1
960,940,152
1317,993,22
1037,1077,0
1309,887,6
987,804,0
666,363,0
758,361,24
394,572,51
49,1284,18
567,1245,25
1247,810,8
361,1358,4
541,813,2
708,17,130
700,788,4
1109,699,60
337,27687,26
46,572,68
1016,966,20
233,627,60
349,292,0
1117,363,6
832,1142,24
565,627,50
1228,27687,26
718,512,0
1276,1057,1
738,637,0
233,51,144
285,700,12
1179,916,12
429,1053,48
1311,1293,5
406,936,12
35,342,36
430,1109,30
83,1104,0
30,202,8
541,35,8
1117,1297,6
788,727,14
372,1104,145
893,1048,50
274,349,0
1043,1144,154
1228,219,26
1192,439,12
1142,741,1
370,1026,14
178,312,3
430,292,6
631,551,36
1000,276,2
481,571,42
699,536,6
486,1175,50
33,400,4
931,1154,44
481,1194,6
1199,12081,4
312,1358,3
1297,785,3
541,1337,6
13,285,24
163,1366,12
1042,276,20
1000,383,43
1154,863,22
370,954,8
733,1194,33
1016,318,10
758,230,48
22,305,44
1063,853,22
1271,556,4
1124,1256,49
1334,1025,0
404,1322,2
565,900,100
49,961,36
1228206,697,2
1146,200,6
518,837,32
974,179,15
429,400,8
831,459,9
567,1122,45
522,2759376,24
1050,72,22
631,203,72
178,373,7
1358,519,11
459,302,27
394,571,63
697,1010,2
338,779,0
1266,573,20
245,1117,12
143,338,3
2759376,361,24
742,1297,7
1284,266,15
1013,631,60
940,568,24
406,1190,34
1175,72,55
672,714,6
1337,475,12
414,136,22
1366,837,96
657,627,10
245,718,6
1053,238,36
406,448,2
372,646,29
680,437,36
370,863,4
863,985,6
842,578,9
2759376,383,258
149,55,11
737,891,6
737,1174,6
1146,614,24
459,737,54
188,936,36
627,657,10
392,1256,7
1368,170,4
400,1228206,2
838,805,14
481,982,26
40,204,0
952,170,8
1016,234,400
646,432,24
200,838,4
439,447,3
60,931,4
305,60,11
33,1284,12
810,288,72
259,1228206,4
238,968,42
1179,580,34
242,697,1
377,64,120
568,1057,3
993,838,22
1344,428190,36
1043,39,14
1174,1266,2
699,740,36
888,578,3
714,481,4
2759376,1339,6
982,1220,416
22,888,4
71,400,10
1227,1014,1
1063,573,110
117,109,1
952,1060,20
631,567,30
109,556,2
1265,627,15
1108,1341,30
448,123,6
219,893,20
714,1358,2
267,157,36
541,446,6
1053,285,36
1190,916,102
974,700,6
342,1030,189
1069,1013,60
312,960,57
31505,1249,27
304,767,3
580,363,17
1975282,257,168
381,1314,6
1000,475,4
302,58,9
961,614,48
580,55,17
419,1069,114
974,727,21
1014,242,1
1060,350,35
999,1078,88
740,234,240
373,985,21
627,121,5
369,527,12
1975282,1016,240
758,1144,66
1199,1109,10
342,741,9
1075,2090742,16
1265,672,9
109,1346,3
394,162,6
1199,740,6
961,481,12
1317,1227,2
33,637,60
25,1233,10
838,91,44
35,188,24
99,1042,10
423,791,16
795,1142,0
83,645,0
26,814,33
741,813,1
543,578,24
631,91,132
795,716,0
117,1322,1
277,1341,120
731,547,5
914,312,12
699,842,18
1169,900,80
381,770,6
1061,377,60
1042,288,90
810,1219,104
298,811,0
200,285,12
940,275,32
1194,810,24
459,305,99
993,900,110
770,556,2
304,714,2
1146,479,3
916,205,18
872,742,224
91,1245,110
1078,1356,11
75,373,28
943,437,4
1053,1185,102
1220,1069,192
1254,92,42
372,46,116
758,1266,12
1063,1185,187
1063,91,242
341,337,26
905,194,608
5,1228,117
404,1060,10
203,136,12
936,439,18
1014,1,22
292,35,8
1078,1174,11
1195,825,0
149,619,22
162,680,18
804,259,0
49,733,66
914,186,4
831,1975282,24
202,987,72
1144,614,88
872,302,96
966,697,2
59,611,14
2090742,795,0
5,738,0
149,200,22
954,277,48
999,1265,24
432,1108,72
232,680,27
186,1343,3
1358,785,3
238,536,6
1256,738,0
714,1284,6
1297,61,15
708,1247,10
137,479,6
157,349,0
708,60,10
1190,350,119
1199,267,12
137,1311,30
1238,1175,10
437,96,28
33,916,24
1223,51,12
1346,202,12
432,423,48
394,341,6
1392,791,24
209,257,28
337,740,78
1370,298,15
782,811,0
1030,968,147
439,916,18
205,274,6
813,1178,2
30,838,4
483,121,3
1367,1117,6
203,370,24
974,1063,33
203,1010,24
1344,646,4
377,627,60
1111,893,10
942,202,8
722,404,12
837,888,8
40,92,0
164,430,6
475,1346,12
242,1060,5
186,136,1
968,916,42
493,1245,185
936,1109,60
648,1368,4
1065,805,91
447,527,3
1117,1317,12
1208,657,6
1344,572,68
326,357,54
982,936,78
745,1069,30
1144,225,55
437,648,8
893,150,60
803,814,6
25,275,20
121,232,3
811,886,0
518,1334,0
71,779,0
242,1193,3
838,77,10
203,198,120
685,648,6
350,571,147
741,1341,10
188,1190,102
1228,795,0
1169,1075,128
288,1013,90
1178,763,4
1284,245,6
27687,1208,6
302,943,3
1384652,527,33
519,563,11
1276,657,2
666,916,0
1317,1185,34
519,655,22
1266,116,62
572,13,68
891,274,2
22,1291,8
448,116,31
1338,1223,1
489,274,8
247,837,32
205,200,6
404,1142,2
796,672,6
619,727,14
837,832,192
136,785,3
116,1338,31
755,1291,32
91,61,330
428190,1247,9
1078,188,66
1108,317,3
430,1122,27
234,813,40
755,1037,16
341,547,10
1035,414,374
268,999,80
209,518,16
170,369,8
1122,838,18
1195,863,0
2090742,115,10
164,1384652,22
795,312,0
72,1368,22
1228,121,13
738,1179,0
565,1204,70
372,337,377
1370,785,15
439,588,6
117,1344,4
804,714,0
1276,1048,5
179,1084,45
1194,317,3
64,459,90
115,92,70
117,588,2
202,1000,4
312,803,6
178,954,4
825,631,18
831,394,3
1000,419,19
1284,922,6
699,475,24
1347,49,12
872,889,544
25,961,30
235,788,2
893,863,20
645,209,4
745,396,40
1228206,60,2
571,186,21
578,1174,3
1030,242,21
276,40,0
927,900,20
1256,1195,0
779,547,0
1367,305,11
257,1341,70
619,1190,34
527,788,6
26,1311,55
17,483,39
479,116,31
982,383,559
872,834,384
810,1111,8
5,277,108
1122,1358,9
95,718,6
277,708,120
1367,751,5
430,1220,96
25,27687,10
2759376,109,6
1334,370,0
381,1,132
486,784,40
751,209,20
26,17,143
2759376,1366,72
259,1341,20
1317,194,32
164,232,6
59,1111,2
372,312,87
1061,737,30
1111,9,1
922,832,48
1266,722,12
811,493,0
1154,1195,0
755,572,272
1075,1311,80
164,1,44
1026,1057,7
573,318,10
317,1311,5
338,611,21
1199,92,7
797,1061,25
785,832,72
699,203,72
363,765,2
758,150,36
1245,1389,5
115,1077,0
571,803,42
522,1343,12
92,235,7
1223,317,1
987,423,36
1013,891,10
25,796,10
12081,429,32
432,1078,264
157,784,12
563,1025,4
960,1199,19
179,136,5
1185,968,119
736,795,0
219,556,4
123,1063,66
779,519,0
905,1077,0
178,1249,1
219,326,18
1291,1343,6
432,758,144
636,547,40
1343,13,12
149,966,22
1343,30,6
398,381,54
889,1317,34
1271,207,10
91,1075,352
748,448,7
72,1192,44
655,178,2
123,1227,6
940,231,8
288,573,90
1223,341,2
75,33,16
1346,782,18
1208,748,21
1276,437,4
447,982,13
1368,578,6
372,1238,58
238,207,30
1309,637,45
5,392,9
619,1124,14
541,58,6
741,219,2
567,162,10
1094,275,12
1228206,394,6
231,1318,5
46,1392,12
342,162,18
796,733,22
968,95,14
572,685,51
394,782,18
1370,922,10
1358,123,6
534,887,2
71,1048,50
922,55,2
493,1384652,407
796,446,6
312,446,9
1025,430,12
1144,556,22
1318,611,35
1368,745,10
296,536,3
767,1317,6
234,785,120
486,33,40
268,588,20
235,391,5
377,993,132
276,149,22
391,184,5
318,184,1
9,1220,32
519,266,55
987,522,72
96,782,42
1195,1310,0
115,738,0
917,699,42
234,296,120
459,1048,45
1384652,1043,154
782,195,18
1220,745,160
430,814,9
400,547,5
648,1175,10
1314,1053,6
318,943,1
1339,1084,9
179,985,15
377,419,228
1249,33,4
551,370,12
758,1026,42
1219,392,13
381,755,96
1337,392,3
1,547,110
27687,737,12
27687,296,6
1344,534,4
292,685,6
266,565,50
1284,727,21
205,897,6
361,1356,4
33,1013,40
1000,791,8
814,1014,3
1233,116,62
666,982,0
257,1117,42
697,619,2
1228,1030,273
91,373,154
1078,758,66
1075,891,16
1271,341,4
637,1271,30
1174,204,2
447,230,8
1238,541,4
1341,363,10
627,1057,5
317,810,8
341,93,8
209,1154,44
188,1016,60
1358,1048,5
257,655,14
931,842,12
568,838,6
285,163,6
982,1084,117
758,398,54
961,738,0
9,268,10
1100,26,55
1025,1194,12
46,507,4
419,363,19
1185,887,34
837,322,120
567,765,10
1271,404,4
927,1228,26
897,317,2
708,59,20
373,83,0
178,377,12
59,699,12
974,825,9
95,727,14
536,170,2
137,475,24
274,5,18
619,1122,18
437,512,0
551,814,18
1356,396,8
245,792,0
1060,302,15
518,1014,4
716,1356,9
51,342,108
247,1367,4
341,1367,2
326,507,9
1223,96,7
1104,1389,5
748,863,14
288,1227,9
372,77,145
805,481,14
2090742,372,29
257,194,112
974,55,3
83,1094,0
188,373,42
1144,737,66
9,519,11
700,195,6
341,631,12
59,143,2
55,312,3
614,1053,48
157,1,66
1199,741,1
392,257,7
277,381,72
700,745,10
745,364,10
740,758,36
430,285,18
886,1297,2
447,1254,6
1265,917,21
209,1147,12
350,2090742,7
122,699,180
1077,740,0
489,123,24
204,779,0
1042,942,20
1122,547,45
813,383,43
792,245,0
905,235,38
993,522,44
157,547,15
1370,292,10
655,1060,10
392,1318,5
116,631,186
479,40,0
439,51,36
186,730,14
872,1190,544
414,507,22
163,483,3
419,163,19
394,64,30
380,1057,16
966,115,20
288,205,27
202,571,84
837,611,56
1037,414,22
655,1199,2
1122,72,99
788,31505,54
782,414,132
863,917,14
164,1276,2
432,982,312
61,943,15
568,914,12
149,117,11
274,1014,2
1124,573,70
722,1060,30
268,985,30
432,556,48
1100,636,40
1013,121,10
2090742,831,1
727,257,49
428190,1195,0
942,1175,10
234,93,160
1344,960,76
55,58,3
31505,738,0
430,727,21
811,767,0
398,394,27
1057,298,3
203,318,12
666,224,0
805,178,7
25,1291,10
489,49,24
614,796,16
61,1065,195
59,999,16
77,887,10
1208,1048,15
1194,891,3
1276,432,24
784,730,56
714,931,8
380,2089740,0
1061,1341,50
268,922,20
1311,268,50
1154,338,33
247,489,16
784,1,88
556,1,44
646,708,10
645,2089740,0
198,1389,10
1337,1108,9
1343,99,3
117,708,10
1199,302,3
224,792,0
39,982,13
109,1389,1
178,614,8
1291,231,2
285,1311,30
914,614,32
825,1075,48
803,117,2
429,123,48
733,887,22
383,782,258
838,954,8
942,1010,4
51,26,132
394,838,6
541,1084,18
1291,672,6
198,1050,20
136,646,1
1154,741,11
447,83,0
230,810,64
893,33,40
578,742,21
207,631,30
567,31505,135
242,109,1
322,400,15
1233,203,24
1247,1030,21
863,1366,24
205,446,9
46,803,8
961,230,48
377,2089740,0
1228206,372,58
1366,917,84
838,1094,6
33,730,56
1204,383,301
242,1213,6
512,853,0
1154,337,143
2090742,247,4
93,326,36
1228206,22,8
1190,627,85
1154,437,44
1124,143,7
699,204,12
1,900,220
61,1048,75
1195,742,0
302,170,6
522,1346,12
33,394,12
1108,1185,51
235,219,2
522,578,12
1026,1311,35
364,12081,8
364,1147,6
785,966,6
615,1042,90
1247,423,2
563,982,13
897,1048,10
489,527,12
507,1975282,24
178,1190,17
982,733,143
170,298,6
1042,886,20
1266,349,0
834,377,144
369,1190,68
803,987,36
1026,429,56
519,1043,154
942,1109,20
736,1037,1
1,1338,22
1078,1314,11
1322,795,0
1185,1016,170
737,1084,54
363,751,5
46,2089740,0
224,1179,6
831,1238,2
1208,745,15
51,565,120
1220,1000,32
296,792,0
406,1175,10
58,1254,18
392,572,17
905,58,114
1048,588,10
982,317,13
1347,731,2
96,428190,63
770,318,1
58,791,24
891,493,37
349,1318,0
556,459,18
164,804,0
1356,298,3
276,1014,2
631,1013,60
1389,1322,1
170,1142,2
1053,231,6
522,26,44
1310,916,42
565,317,10
872,645,32
61,363,15
536,186,1
268,1392,30
186,350,7
1026,914,28
391,982,65
536,383,43
109,200,2
568,350,21
163,1035,17
993,430,33
163,912,6
391,784,20
936,123,36
615,512,0
64,235,10
58,1178,6
666,35,0
1190,202,68
797,235,5
13,1337,12
1147,1367,3
893,782,60
1341,292,20
718,1309,9
33,863,8
565,234,400
1318,1014,5
1341,1030,210
373,567,35
1124,1266,14
164,96,14
342,274,18
782,184,6
1078,697,11
619,887,4
571,447,21
99,46,4
842,611,21
406,556,4
527,39,3
1344,733,44
234,184,40
439,736,3
361,792,0
779,364,0
1271,1065,26
627,740,30
1122,1146,27
708,1254,60
645,1037,1
326,245,18
419,1389,19
292,804,0
1199,1358,1
1249,751,5
1109,1026,70
1265,745,15
1043,708,140
13,982,52
810,342,72
394,1356,3
170,149,22
383,64,430
277,666,0
1178,727,14
1311,33,20
1060,519,55
922,785,6
960,357,114
936,231,6
59,396,16
116,364,62
637,1370,75
1016,77,50
380,398,144
296,1338,3
770,1117,6
1254,394,18
1075,1219,208
233,298,36
1026,1077,0
364,296,6
285,1223,6
547,571,105
162,810,16
655,235,2
1271,872,64
486,72,110
795,745,0
1309,1310,21
383,361,172
893,350,70
338,1367,3
364,1227,2
1194,922,6
897,27687,4
718,1337,9
123,1347,12
60,740,6
1370,718,15
834,985,36
1370,404,10
164,700,4
1213,1053,36
779,1317,0
363,611,7
943,1174,1
888,163,1
209,274,8
383,832,1032
791,383,344
1146,26,33
51,573,120
887,767,6
727,795,0
93,645,4
1000,1341,10
987,5,162
276,342,18
1122,1334,0
479,1343,3
680,1010,18
770,22,4
40,35,0
93,406,8
797,680,45
714,645,2
392,369,4
615,232,27
349,797,0
64,1037,10
27687,186,2
1309,1026,21
1154,1334,0
727,404,14
51,204,24
1384652,209,44
1284,580,51
5,1010,18
1338,722,6
305,27687,22
205,900,30
580,1122,153
1314,1154,11
123,758,36
1010,1233,4
765,12081,8
1339,522,4
326,136,9
394,1311,15
121,1108,3
1347,373,14
672,109,3
1108,1208,9
225,285,30
1366,235,12
565,1368,20
75,1078,44
428190,1035,153
27687,615,18
1247,204,2
619,838,4
700,1192,8
636,551,48
137,123,36
1368,419,38
1035,49,102
406,952,8
655,1227,2
657,782,12
235,1192,4
149,1358,11
446,733,33
27687,1228,26
1094,1297,3
296,1035,51
302,765,6
811,245,0
95,198,20
1265,685,9
1195,1343,0
179,1219,65
1370,810,40
782,1050,12
1199,298,3
1194,430,9
648,22,8
1318,164,10
186,72,11
518,1111,4
567,396,40
123,437,24
205,922,6
143,486,10
614,543,64
1195,439,0
1174,1104,5
519,940,88
685,1061,15
225,1109,50
209,1392,12
428190,942,18
162,170,4
648,742,14
525,35,4
1069,718,18
121,274,2
1271,755,32
170,507,2
1069,534,6
33,727,28
727,838,14
573,699,60
1077,318,0
430,943,3
394,699,18
714,1341,20
96,1346,21
419,1025,76
2759376,565,60
1094,91,66
1219,525,13
184,741,1
483,1016,30
292,337,26
238,942,12
46,1208,12
1392,268,30
188,863,12
266,312,15
205,179,15
1037,832,24
1175,392,5
736,968,7
372,1322,29
1124,936,42
568,230,24
563,446,3
225,741,5
285,1000,6
565,109,10
655,1094,6
708,115,100
751,615,45
1358,26,11
276,404,4
742,556,14
1124,1284,21
225,64,50
543,1122,72
1100,1154,55
266,2090742,5
927,519,22
1223,257,7
763,317,2
5,26,99
795,751,0
1146,184,3
853,26,22
31505,2089740,0
396,428190,72
811,842,0
1249,697,1
637,1100,75
1223,796,2
33,784,16
1314,115,10
39,312,3
779,1147,0
551,1337,18
1061,1392,15
1220,22,128
1000,718,3
1284,437,12
318,615,9
914,448,4
238,1193,18
259,428190,18
1367,886,2
257,1339,7
292,267,24
1069,993,66
326,525,9
1193,5,27
541,943,2
194,61,240
22,428190,36
296,1297,3
648,429,16
525,1179,2
987,536,18
349,136,0
1347,1389,2
736,1341,10
349,791,0
741,1192,4
150,1111,6
1026,430,21
1219,1094,39
117,1174,1
349,733,0
573,1341,100
369,1146,12
889,369,68
796,1310,14
1195,614,0
961,1122,54
1213,203,72
150,567,30
961,914,24
519,17,143
115,225,50
1122,1223,9
615,274,18
1147,1014,3
961,1025,24
200,121,2
1185,588,34
507,1392,3
722,381,36
1233,571,42
49,891,6
247,797,20
1247,1311,5
1194,1245,15
2089740,486,0
1185,931,68
31505,1247,27
1094,414,66
373,1228,91
33,1254,24
1317,900,20
1050,305,22
1061,888,5
391,1025,20
232,931,12
810,163,8
1000,1254,6
475,170,8
897,232,6
1063,13,44
751,381,30
230,518,32
755,219,32
51,1343,36
72,230,88
940,897,16
305,1318,55
404,565,20
162,423,4
231,394,3
1094,257,21
1389,572,17
1108,1293,3
247,758,24
398,164,18
782,1154,66
714,834,24
60,1356,1
573,383,430
31505,59,54
741,536,1
170,1245,10
1213,234,240
518,163,4
666,1000,0
699,763,12
512,194,0
733,952,44
568,245,6
1057,1000,1
1057,791,8
481,1339,2
912,736,6
916,567,30
207,782,30
943,5,9
1293,917,7
832,232,72
788,204,4
225,414,110
1,568,66
795,259,0
143,518,4
657,917,14
245,1276,2
64,1084,90
483,115,30
1317,400,2
446,312,9
718,588,6
302,580,51
1204,936,42
1228,312,39
349,1338,0
1,961,132
446,770,3
1050,974,6
563,235,1
437,5,36
1030,784,84
22,1013,40
26,943,11
194,519,176
188,1368,12
230,708,80
922,274,4
117,481,2
803,51,24
872,489,128
556,317,2
459,93,36
448,1104,5
1014,796,2
522,748,28
648,1122,18
891,1384652,11
755,1075,256
432,1075,384
551,1122,54
1208,742,21
740,493,222
1043,1100,70
1314,1043,14
51,1322,12
568,92,21
2759376,525,6
863,5,18
1309,1238,6
219,342,18
1314,714,2
1000,1030,21
914,259,8
1975282,1254,144
615,917,63
1190,95,34
117,230,8
563,1109,10
1318,370,10
541,551,12
1075,993,176
785,1238,6
394,1192,12
428190,298,27
931,419,76
578,305,33
1042,758,60
414,12081,88
1065,648,26
99,619,2
25,1213,30
93,1190,68
1043,396,112
887,968,14
13,916,24
305,1109,110
1179,380,32
968,1311,35
832,842,72
72,961,66
1142,507,1
242,763,2
1111,486,10
25,369,20
91,914,88
1077,1,0
1213,1223,6
1057,188,6
1014,1104,5
202,277,48
1208,966,6
96,722,42
791,518,32
1195,748,0
779,13,0
897,117,2
205,942,6
1042,1084,90
708,219,20
1037,302,3
99,573,10
122,292,60
276,541,4
311,1384652,22
580,72,187
179,93,20
572,1,374
298,614,24
1030,1338,21
1016,718,30
891,1293,1
143,571,21
1037,795,0
748,117,7
170,337,26
740,305,66
1337,1338,3
26,207,55
224,99,3
886,304,2
738,1366,0
1124,1344,28
1100,33,20
311,805,14
317,887,2
1227,1254,6
755,842,48
1043,1208,42
350,404,14
1317,1347,4
326,573,90
900,804,0
341,797,10
1220,266,160
121,697,1
556,164,4
1339,184,1
369,93,16
93,804,0
893,92,70
2759376,897,12
136,810,8
298,916,18
767,636,24
916,543,48
392,203,12
1199,755,16
755,834,192
1016,429,80
61,400,15
245,1104,10
1266,5,18
486,93,40
1219,489,52
567,170,10
825,9,3
1084,547,45
1276,1309,3
285,900,60
363,1010,2
1249,77,5
39,194,16
22,203,48
164,1317,4
838,274,4
1025,1175,20
203,685,36
1117,1175,30
209,697,4
627,518,20
17,370,26
1035,727,119
796,968,14
697,1057,1
853,233,24
202,525,4
439,999,24
406,785,6
55,5,9
837,567,40
1367,534,1
1204,922,14
391,1124,35
1195,194,0
507,1343,3
1334,99,0
1266,1142,2
810,1065,104
186,648,2
483,178,3
999,718,24
1030,1016,210
615,1297,9
1238,1338,2
1025,71,40
1048,831,5
952,350,28
1384652,782,66
242,178,1
872,741,32
117,755,16
779,1174,0
736,1358,1
396,123,48
207,83,0
92,1384652,77
541,722,12
364,404,4
137,370,12
1347,437,8
392,765,2
1384652,1190,187
751,22,20
9,429,8
337,1048,65
837,891,8
737,1339,6
1370,64,50
813,184,1
35,137,24
428190,792,0
507,797,5
373,121,7
627,1194,15
30,1060,10
22,1293,4
428190,230,72
64,202,40
1108,1220,96
1078,267,132
202,326,36
1245,1347,10
813,943,1
1043,738,0
2089740,940,0
285,993,66
60,481,2
974,1014,3
31505,791,216
527,1053,18
912,1311,30
143,99,1
233,33,48
1075,430,48
834,483,36
136,1219,13
1190,943,17
954,779,0
5,680,81
383,974,129
842,2090742,3
204,767,6
259,1358,2
275,912,24
767,1016,30
1337,1190,51
489,838,8
905,1178,76
763,46,8
1339,631,6
406,765,4
1144,115,110
614,699,48
188,578,18
541,578,6
1338,2759376,6
853,93,8
745,985,15
33,202,16
1043,72,154
1025,230,32
1358,1100,5
1975282,842,72
475,2090742,4
740,1293,6
1337,1111,3
235,588,2
1245,1043,70
55,238,6
486,1347,20
697,893,10
872,1193,96
611,170,14
1193,810,24
791,277,96
121,207,5
1084,1334,0
565,1220,320
322,736,15
1334,961,0
1346,727,21
231,1078,11
296,1108,9
527,900,30
39,406,2
224,1193,9
525,231,1
1310,917,49
459,741,9
1368,404,4
391,838,10
740,1050,12
1199,1337,3
993,672,33
447,1199,1
1233,813,2
700,568,6
1050,341,4
740,893,60
645,657,2
162,202,8
1370,832,120
1026,123,42
912,225,30
432,298,72
1146,1227,3
631,627,30
745,292,10
1175,184,5
1254,60,6
1025,1057,4
99,556,2
179,1317,10
646,55,1
619,522,8
1057,123,6
419,1247,19
646,322,15
1266,954,8
184,1238,2
765,636,16
225,481,10
25,170,10
697,985,3
1025,219,8
1117,563,6
231,1193,3
423,572,34
195,1344,12
1061,40,0
1122,804,0
275,1061,20
95,940,16
1035,312,51
573,740,60
737,1037,6
1035,39,17
1284,137,18
1223,419,19
1192,1228,52
72,150,66
842,568,9
940,974,24
952,5,36
1975282,1174,24
507,231,1
479,83,0
9,115,10
993,519,121
1343,292,6
242,275,4
372,1179,58
364,1311,10
797,1053,30
219,842,6
25,785,15
304,423,2
655,770,2
837,459,72
357,765,12
483,372,87
716,71,90
631,897,12
1179,813,2
556,1048,10
276,162,4
985,954,12
565,1322,10
985,803,6
615,392,9
993,637,165
1204,1341,70
231,648,2
230,357,48
1341,999,80
742,1367,7
1192,543,32
1220,234,1280
380,285,96
718,179,15
887,39,2
46,1108,12
122,428190,270
837,1347,16
266,5,45
831,1146,3
931,1169,32
373,439,21
1368,27687,4
30,2090742,2
318,27687,2
936,274,12
